pc_receive_time_iso,pc_receive_time_unix,lora_downlink_rssi_dbm,lora_downlink_snr_db,lora_crc_error,packet_type,protocol_version,packet_type_ok,protocol_version_ok,length_ok,crc_ok,received_crc16,calculated_crc16,sequence_number,lost_packets_since_previous,total_lost_packets,utc_timestamp,obc_uptime_ms,flight_state,flight_state_name,status_flags_raw,GNSS_FIX_VALID,GNSS_TIME_VALID,IMU_VALID,BARO_VALID,BARO_RANGE_VALID,BATTERY_VALID,CORAL_VALID,CORAL_NEW,SD_LOGGING_OK,LAST_LORA_TX_OK,COMMAND_RX_SINCE_LAST,OBC_TIME_FALLBACK,GPS_ERROR,IMU_ERROR,BARO_ERROR,SD_ERROR,battery_mv,battery_v,gnss_fix_type,gnss_satellites_used,latitude_deg,longitude_deg,gnss_altitude_m,gnss_hdop,gnss_vdop,ground_speed_ms,vertical_speed_ms,course_deg,baro_pressure_pa,baro_temperature_c,baro_altitude_m,accel_x_ms2,accel_y_ms2,accel_z_ms2,gyro_x_rads,gyro_y_rads,gyro_z_rads,imu_temperature_c,mcu_temperature_c,reset_cause_raw,PIN_RESET,BOR_RESET,SOFTWARE_RESET,IWDG_RESET,WWDG_RESET,LOW_POWER_RESET,OPTION_BYTE_RESET,FIREWALL_RESET,boot_count,sd_log_record_counter,sd_error_counter,sensor_error_counter,command_counter,last_uplink_rssi_dbm,last_uplink_snr_db,coral_status,coral_result_age_s,coral_payload_text,coral_payload_hex
2026-07-07T00:17:38.291659+00:00,1783383458.291659,-56,13.75,False,1,2,True,True,True,True,0x09DF,0x09DF,2,0,0,1700000002,41246,1,STANDBY,831,True,True,True,True,True,True,False,False,True,True,False,False,False,False,False,False,3700,3.7,3,10,48.1353,11.582,520.0,0.9,1.3,0.25,0.0,90.0,101325,22.0,520.0,0.0,0.0,9.81,0.0,0.0,0.0,23.0,25.0,0,False,False,False,False,False,False,False,False,1,2,0,0,0,0,0,0,65535,NO_CORAL_DATA,4e 4f 5f 43 4f 52 41 4c 5f 44 41 54 41 00 00 00
2026-07-07T00:17:58.827235+00:00,1783383478.827235,-56,13.5,False,1,2,True,True,True,True,0xFC32,0xFC32,3,0,0,1700000003,61830,1,STANDBY,831,True,True,True,True,True,True,False,False,True,True,False,False,False,False,False,False,3700,3.7,3,10,48.1353,11.582,520.0,0.9,1.3,0.25,0.0,90.0,101325,22.0,520.0,0.0,0.0,9.81,0.0,0.0,0.0,23.0,25.0,0,False,False,False,False,False,False,False,False,1,3,0,0,0,0,0,0,65535,NO_CORAL_DATA,4e 4f 5f 43 4f 52 41 4c 5f 44 41 54 41 00 00 00
2026-07-07T00:18:19.372469+00:00,1783383499.372469,-56,13.5,False,1,2,True,True,True,True,0xE18C,0xE18C,4,0,0,1700000004,82414,1,STANDBY,831,True,True,True,True,True,True,False,False,True,True,False,False,False,False,False,False,3700,3.7,3,10,48.1353,11.582,520.0,0.9,1.3,0.25,0.0,90.0,101325,22.0,520.0,0.0,0.0,9.81,0.0,0.0,0.0,23.0,25.0,0,False,False,False,False,False,False,False,False,1,4,0,0,0,0,0,0,65535,NO_CORAL_DATA,4e 4f 5f 43 4f 52 41 4c 5f 44 41 54 41 00 00 00
2026-07-07T00:18:39.942051+00:00,1783383519.942051,-56,13.25,False,1,2,True,True,True,True,0x462E,0x462E,5,0,0,1700000005,102998,1,STANDBY,831,True,True,True,True,True,True,False,False,True,True,False,False,False,False,False,False,3700,3.7,3,10,48.1353,11.582,520.0,0.9,1.3,0.25,0.0,90.0,101325,22.0,520.0,0.0,0.0,9.81,0.0,0.0,0.0,23.0,25.0,0,False,False,False,False,False,False,False,False,1,5,0,0,0,0,0,0,65535,NO_CORAL_DATA,4e 4f 5f 43 4f 52 41 4c 5f 44 41 54 41 00 00 00
2026-07-07T00:19:00.489277+00:00,1783383540.489277,-56,13.75,False,1,2,True,True,True,True,0x5BBC,0x5BBC,6,0,0,1700000006,123582,1,STANDBY,831,True,True,True,True,True,True,False,False,True,True,False,False,False,False,False,False,3700,3.7,3,10,48.1353,11.582,520.0,0.9,1.3,0.25,0.0,90.0,101325,22.0,520.0,0.0,0.0,9.81,0.0,0.0,0.0,23.0,25.0,0,False,False,False,False,False,False,False,False,1,6,0,0,0,0,0,0,65535,NO_CORAL_DATA,4e 4f 5f 43 4f 52 41 4c 5f 44 41 54 41 00 00 00
2026-07-07T00:19:21.041042+00:00,1783383561.041042,-56,14.0,False,1,2,True,True,True,True,0xC82F,0xC82F,7,0,0,1700000007,144166,1,STANDBY,831,True,True,True,True,True,True,False,False,True,True,False,False,False,False,False,False,3700,3.7,3,10,48.1353,11.582,520.0,0.9,1.3,0.25,0.0,90.0,101325,22.0,520.0,0.0,0.0,9.81,0.0,0.0,0.0,23.0,25.0,0,False,False,False,False,False,False,False,False,1,7,0,0,0,0,0,0,65535,NO_CORAL_DATA,4e 4f 5f 43 4f 52 41 4c 5f 44 41 54 41 00 00 00
2026-07-07T00:19:41.570858+00:00,1783383581.570858,-56,13.5,False,1,2,True,True,True,True,0xB080,0xB080,8,0,0,1700000008,164750,1,STANDBY,831,True,True,True,True,True,True,False,False,True,True,False,False,False,False,False,False,3700,3.7,3,10,48.1353,11.582,520.0,0.9,1.3,0.25,0.0,90.0,101325,22.0,520.0,0.0,0.0,9.81,0.0,0.0,0.0,23.0,25.0,0,False,False,False,False,False,False,False,False,1,8,0,0,0,0,0,0,65535,NO_CORAL_DATA,4e 4f 5f 43 4f 52 41 4c 5f 44 41 54 41 00 00 00
2026-07-07T00:20:02.137116+00:00,1783383602.137116,-56,13.75,False,1,2,True,True,True,True,0xE158,0xE158,9,0,0,1700000009,185334,1,STANDBY,831,True,True,True,True,True,True,False,False,True,True,False,False,False,False,False,False,3700,3.7,3,10,48.1353,11.582,520.0,0.9,1.3,0.25,0.0,90.0,101325,22.0,520.0,0.0,0.0,9.81,0.0,0.0,0.0,23.0,25.0,0,False,False,False,False,False,False,False,False,1,9,0,0,0,0,0,0,65535,NO_CORAL_DATA,4e 4f 5f 43 4f 52 41 4c 5f 44 41 54 41 00 00 00
2026-07-07T00:20:22.676035+00:00,1783383622.676035,-56,13.5,False,1,2,True,True,True,True,0xE7C9,0xE7C9,10,0,0,1700000010,205918,1,STANDBY,831,True,True,True,True,True,True,False,False,True,True,False,False,False,False,False,False,3700,3.7,3,10,48.1353,11.582,520.0,0.9,1.3,0.25,0.0,90.0,101325,22.0,520.0,0.0,0.0,9.81,0.0,0.0,0.0,23.0,25.0,0,False,False,False,False,False,False,False,False,1,10,0,0,0,0,0,0,65535,NO_CORAL_DATA,4e 4f 5f 43 4f 52 41 4c 5f 44 41 54 41 00 00 00
2026-07-07T00:20:43.218384+00:00,1783383643.218384,-55,13.75,False,1,2,True,True,True,True,0x1224,0x1224,11,0,0,1700000011,226502,1,STANDBY,831,True,True,True,True,True,True,False,False,True,True,False,False,False,False,False,False,3700,3.7,3,10,48.1353,11.582,520.0,0.9,1.3,0.25,0.0,90.0,101325,22.0,520.0,0.0,0.0,9.81,0.0,0.0,0.0,23.0,25.0,0,False,False,False,False,False,False,False,False,1,11,0,0,0,0,0,0,65535,NO_CORAL_DATA,4e 4f 5f 43 4f 52 41 4c 5f 44 41 54 41 00 00 00
2026-07-07T00:21:03.770355+00:00,1783383663.770355,-55,13.5,False,1,2,True,True,True,True,0x7C39,0x7C39,12,0,0,1700000012,247086,1,STANDBY,831,True,True,True,True,True,True,False,False,True,True,False,False,False,False,False,False,3700,3.7,3,10,48.1353,11.582,520.0,0.9,1.3,0.25,0.0,90.0,101325,22.0,520.0,0.0,0.0,9.81,0.0,0.0,0.0,23.0,25.0,0,False,False,False,False,False,False,False,False,1,12,0,0,0,0,0,0,65535,NO_CORAL_DATA,4e 4f 5f 43 4f 52 41 4c 5f 44 41 54 41 00 00 00
2026-07-07T00:21:24.311691+00:00,1783383684.311691,-56,13.75,False,1,2,True,True,True,True,0x6312,0x6312,13,0,0,1700000013,267670,1,STANDBY,831,True,True,True,True,True,True,False,False,True,True,False,False,False,False,False,False,3700,3.7,3,10,48.1353,11.582,520.0,0.9,1.3,0.25,0.0,90.0,101325,22.0,520.0,0.0,0.0,9.81,0.0,0.0,0.0,23.0,25.0,0,False,False,False,False,False,False,False,False,1,13,0,0,0,0,0,0,65535,NO_CORAL_DATA,4e 4f 5f 43 4f 52 41 4c 5f 44 41 54 41 00 00 00
2026-07-07T00:21:44.861685+00:00,1783383704.861685,-55,13.75,False,1,2,True,True,True,True,0xFEA7,0xFEA7,14,0,0,1700000014,288254,1,STANDBY,831,True,True,True,True,True,True,False,False,True,True,False,False,False,False,False,False,3700,3.7,3,10,48.1353,11.582,520.0,0.9,1.3,0.25,0.0,90.0,101325,22.0,520.0,0.0,0.0,9.81,0.0,0.0,0.0,23.0,25.0,0,False,False,False,False,False,False,False,False,1,14,0,0,0,0,0,0,65535,NO_CORAL_DATA,4e 4f 5f 43 4f 52 41 4c 5f 44 41 54 41 00 00 00
2026-07-07T00:22:05.413424+00:00,1783383725.413424,-55,14.25,False,1,2,True,True,True,True,0xB514,0xB514,15,0,0,1700000015,308838,1,STANDBY,831,True,True,True,True,True,True,False,False,True,True,False,False,False,False,False,False,3700,3.7,3,10,48.1353,11.582,520.0,0.9,1.3,0.25,0.0,90.0,101325,22.0,520.0,0.0,0.0,9.81,0.0,0.0,0.0,23.0,25.0,0,False,False,False,False,False,False,False,False,1,15,0,0,0,0,0,0,65535,NO_CORAL_DATA,4e 4f 5f 43 4f 52 41 4c 5f 44 41 54 41 00 00 00
2026-07-07T00:22:25.951005+00:00,1783383745.951005,-55,13.5,False,1,2,True,True,True,True,0xE6CA,0xE6CA,16,0,0,1700000016,329422,1,STANDBY,831,True,True,True,True,True,True,False,False,True,True,False,False,False,False,False,False,3700,3.7,3,10,48.1353,11.582,520.0,0.9,1.3,0.25,0.0,90.0,101325,22.0,520.0,0.0,0.0,9.81,0.0,0.0,0.0,23.0,25.0,0,False,False,False,False,False,False,False,False,1,16,0,0,0,0,0,0,65535,NO_CORAL_DATA,4e 4f 5f 43 4f 52 41 4c 5f 44 41 54 41 00 00 00
2026-07-07T00:22:46.499694+00:00,1783383766.499694,-55,13.5,False,1,2,True,True,True,True,0xEBB8,0xEBB8,17,0,0,1700000017,350006,1,STANDBY,831,True,True,True,True,True,True,False,False,True,True,False,False,False,False,False,False,3700,3.7,3,10,48.1353,11.582,520.0,0.9,1.3,0.25,0.0,90.0,101325,22.0,520.0,0.0,0.0,9.81,0.0,0.0,0.0,23.0,25.0,0,False,False,False,False,False,False,False,False,1,17,0,0,0,0,0,0,65535,NO_CORAL_DATA,4e 4f 5f 43 4f 52 41 4c 5f 44 41 54 41 00 00 00
2026-07-07T00:23:07.047390+00:00,1783383787.04739,-55,14.25,False,1,2,True,True,True,True,0xF5C1,0xF5C1,18,0,0,1700000018,370590,1,STANDBY,831,True,True,True,True,True,True,False,False,True,True,False,False,False,False,False,False,3700,3.7,3,10,48.1353,11.582,520.0,0.9,1.3,0.25,0.0,90.0,101325,22.0,520.0,0.0,0.0,9.81,0.0,0.0,0.0,23.0,25.0,0,False,False,False,False,False,False,False,False,1,18,0,0,0,0,0,0,65535,NO_CORAL_DATA,4e 4f 5f 43 4f 52 41 4c 5f 44 41 54 41 00 00 00
2026-07-07T00:23:27.586592+00:00,1783383807.586592,-55,14.0,False,1,2,True,True,True,True,0xB363,0xB363,19,0,0,1700000019,391174,1,STANDBY,831,True,True,True,True,True,True,False,False,True,True,False,False,False,False,False,False,3700,3.7,3,10,48.1353,11.582,520.0,0.9,1.3,0.25,0.0,90.0,101325,22.0,520.0,0.0,0.0,9.81,0.0,0.0,0.0,23.0,25.0,0,False,False,False,False,False,False,False,False,1,19,0,0,0,0,0,0,65535,NO_CORAL_DATA,4e 4f 5f 43 4f 52 41 4c 5f 44 41 54 41 00 00 00
2026-07-07T00:23:48.128800+00:00,1783383828.1288,-54,12.25,False,1,2,True,True,True,True,0xF0CF,0xF0CF,20,0,0,1700000020,411758,1,STANDBY,831,True,True,True,True,True,True,False,False,True,True,False,False,False,False,False,False,3700,3.7,3,10,48.1353,11.582,520.0,0.9,1.3,0.25,0.0,90.0,101325,22.0,520.0,0.0,0.0,9.81,0.0,0.0,0.0,23.0,25.0,0,False,False,False,False,False,False,False,False,1,20,0,0,0,0,0,0,65535,NO_CORAL_DATA,4e 4f 5f 43 4f 52 41 4c 5f 44 41 54 41 00 00 00
2026-07-07T00:24:08.656537+00:00,1783383848.656537,-56,13.5,False,1,2,True,True,True,True,0xA52A,0xA52A,21,0,0,1700000021,432343,1,STANDBY,831,True,True,True,True,True,True,False,False,True,True,False,False,False,False,False,False,3700,3.7,3,10,48.1353,11.582,520.0,0.9,1.3,0.25,0.0,90.0,101325,22.0,520.0,0.0,0.0,9.81,0.0,0.0,0.0,23.0,25.0,0,False,False,False,False,False,False,False,False,1,21,0,0,0,0,0,0,65535,NO_CORAL_DATA,4e 4f 5f 43 4f 52 41 4c 5f 44 41 54 41 00 00 00
2026-07-07T00:24:29.223592+00:00,1783383869.223592,-55,13.5,False,1,2,True,True,True,True,0x6435,0x6435,22,0,0,1700000022,452927,1,STANDBY,831,True,True,True,True,True,True,False,False,True,True,False,False,False,False,False,False,3700,3.7,3,10,48.1353,11.582,520.0,0.9,1.3,0.25,0.0,90.0,101325,22.0,520.0,0.0,0.0,9.81,0.0,0.0,0.0,23.0,25.0,0,False,False,False,False,False,False,False,False,1,22,0,0,0,0,0,0,65535,NO_CORAL_DATA,4e 4f 5f 43 4f 52 41 4c 5f 44 41 54 41 00 00 00
2026-07-07T00:24:49.775437+00:00,1783383889.775437,-55,13.75,False,1,2,True,True,True,True,0x7539,0x7539,23,0,0,1700000023,473511,1,STANDBY,831,True,True,True,True,True,True,False,False,True,True,False,False,False,False,False,False,3700,3.7,3,10,48.1353,11.582,520.0,0.9,1.3,0.25,0.0,90.0,101325,22.0,520.0,0.0,0.0,9.81,0.0,0.0,0.0,23.0,25.0,0,False,False,False,False,False,False,False,False,1,23,0,0,0,0,0,0,65535,NO_CORAL_DATA,4e 4f 5f 43 4f 52 41 4c 5f 44 41 54 41 00 00 00
2026-07-07T00:25:10.309447+00:00,1783383910.309447,-55,13.5,False,1,2,True,True,True,True,0x7820,0x7820,24,0,0,1700000024,494095,1,STANDBY,831,True,True,True,True,True,True,False,False,True,True,False,False,False,False,False,False,3700,3.7,3,10,48.1353,11.582,520.0,0.9,1.3,0.25,0.0,90.0,101325,22.0,520.0,0.0,0.0,9.81,0.0,0.0,0.0,23.0,25.0,0,False,False,False,False,False,False,False,False,1,24,0,0,0,0,0,0,65535,NO_CORAL_DATA,4e 4f 5f 43 4f 52 41 4c 5f 44 41 54 41 00 00 00
2026-07-07T00:25:30.854253+00:00,1783383930.854253,-56,14.0,False,1,2,True,True,True,True,0x29F8,0x29F8,25,0,0,1700000025,514679,1,STANDBY,831,True,True,True,True,True,True,False,False,True,True,False,False,False,False,False,False,3700,3.7,3,10,48.1353,11.582,520.0,0.9,1.3,0.25,0.0,90.0,101325,22.0,520.0,0.0,0.0,9.81,0.0,0.0,0.0,23.0,25.0,0,False,False,False,False,False,False,False,False,1,25,0,0,0,0,0,0,65535,NO_CORAL_DATA,4e 4f 5f 43 4f 52 41 4c 5f 44 41 54 41 00 00 00
2026-07-07T00:25:51.409125+00:00,1783383951.409125,-55,13.5,False,1,2,True,True,True,True,0x92D7,0x92D7,26,0,0,1700000026,535263,1,STANDBY,831,True,True,True,True,True,True,False,False,True,True,False,False,False,False,False,False,3700,3.7,3,10,48.1353,11.582,520.0,0.9,1.3,0.25,0.0,90.0,101325,22.0,520.0,0.0,0.0,9.81,0.0,0.0,0.0,23.0,25.0,0,False,False,False,False,False,False,False,False,1,26,0,0,0,0,0,0,65535,NO_CORAL_DATA,4e 4f 5f 43 4f 52 41 4c 5f 44 41 54 41 00 00 00
2026-07-07T00:26:11.936089+00:00,1783383971.936089,-55,13.5,False,1,2,True,True,True,True,0xBBB7,0xBBB7,27,0,0,1700000027,555847,1,STANDBY,831,True,True,True,True,True,True,False,False,True,True,False,False,False,False,False,False,3700,3.7,3,10,48.1353,11.582,520.0,0.9,1.3,0.25,0.0,90.0,101325,22.0,520.0,0.0,0.0,9.81,0.0,0.0,0.0,23.0,25.0,0,False,False,False,False,False,False,False,False,1,27,0,0,0,0,0,0,65535,NO_CORAL_DATA,4e 4f 5f 43 4f 52 41 4c 5f 44 41 54 41 00 00 00
2026-07-07T00:26:32.488864+00:00,1783383992.488864,-56,13.75,False,1,2,True,True,True,True,0x0927,0x0927,28,0,0,1700000028,576431,1,STANDBY,831,True,True,True,True,True,True,False,False,True,True,False,False,False,False,False,False,3700,3.7,3,10,48.1353,11.582,520.0,0.9,1.3,0.25,0.0,90.0,101325,22.0,520.0,0.0,0.0,9.81,0.0,0.0,0.0,23.0,25.0,0,False,False,False,False,False,False,False,False,1,28,0,0,0,0,0,0,65535,NO_CORAL_DATA,4e 4f 5f 43 4f 52 41 4c 5f 44 41 54 41 00 00 00
2026-07-07T00:26:53.028753+00:00,1783384013.028753,-55,13.75,False,1,2,True,True,True,True,0xC3DB,0xC3DB,29,0,0,1700000029,597015,1,STANDBY,831,True,True,True,True,True,True,False,False,True,True,False,False,False,False,False,False,3700,3.7,3,10,48.1353,11.582,520.0,0.9,1.3,0.25,0.0,90.0,101325,22.0,520.0,0.0,0.0,9.81,0.0,0.0,0.0,23.0,25.0,0,False,False,False,False,False,False,False,False,1,29,0,0,0,0,0,0,65535,NO_CORAL_DATA,4e 4f 5f 43 4f 52 41 4c 5f 44 41 54 41 00 00 00
2026-07-07T00:27:13.559851+00:00,1783384033.559851,-55,14.0,False,1,2,True,True,True,True,0x5E6E,0x5E6E,30,0,0,1700000030,617599,1,STANDBY,831,True,True,True,True,True,True,False,False,True,True,False,False,False,False,False,False,3700,3.7,3,10,48.1353,11.582,520.0,0.9,1.3,0.25,0.0,90.0,101325,22.0,520.0,0.0,0.0,9.81,0.0,0.0,0.0,23.0,25.0,0,False,False,False,False,False,False,False,False,1,30,0,0,0,0,0,0,65535,NO_CORAL_DATA,4e 4f 5f 43 4f 52 41 4c 5f 44 41 54 41 00 00 00
2026-07-07T00:27:34.123860+00:00,1783384054.12386,-55,13.5,False,1,2,True,True,True,True,0x606B,0x606B,31,0,0,1700000031,638183,1,STANDBY,831,True,True,True,True,True,True,False,False,True,True,False,False,False,False,False,False,3700,3.7,3,10,48.1353,11.582,520.0,0.9,1.3,0.25,0.0,90.0,101325,22.0,520.0,0.0,0.0,9.81,0.0,0.0,0.0,23.0,25.0,0,False,False,False,False,False,False,False,False,1,31,0,0,0,0,0,0,65535,NO_CORAL_DATA,4e 4f 5f 43 4f 52 41 4c 5f 44 41 54 41 00 00 00
2026-07-07T00:27:54.657937+00:00,1783384074.657937,-58,13.0,False,1,2,True,True,True,True,0xB9DA,0xB9DA,32,0,0,1700000032,658767,1,STANDBY,831,True,True,True,True,True,True,False,False,True,True,False,False,False,False,False,False,3700,3.7,3,10,48.1353,11.582,520.0,0.9,1.3,0.25,0.0,90.0,101325,22.0,520.0,0.0,0.0,9.81,0.0,0.0,0.0,23.0,25.0,0,False,False,False,False,False,False,False,False,1,32,0,0,0,0,0,0,65535,NO_CORAL_DATA,4e 4f 5f 43 4f 52 41 4c 5f 44 41 54 41 00 00 00
2026-07-07T00:28:15.189221+00:00,1783384095.189221,-56,13.75,False,1,2,True,True,True,True,0x6825,0x6825,33,0,0,1700000033,679351,1,STANDBY,831,True,True,True,True,True,True,False,False,True,True,False,False,False,False,False,False,3700,3.7,3,10,48.1353,11.582,520.0,0.9,1.3,0.25,0.0,90.0,101325,22.0,520.0,0.0,0.0,9.81,0.0,0.0,0.0,23.0,25.0,0,False,False,False,False,False,False,False,False,1,33,0,0,0,0,0,0,65535,NO_CORAL_DATA,4e 4f 5f 43 4f 52 41 4c 5f 44 41 54 41 00 00 00
2026-07-07T00:28:35.753751+00:00,1783384115.753751,-57,13.5,False,1,2,True,True,True,True,0x03EA,0x03EA,34,0,0,1700000034,699935,1,STANDBY,831,True,True,True,True,True,True,False,False,True,True,False,False,False,False,False,False,3700,3.7,3,10,48.1353,11.582,520.0,0.9,1.3,0.25,0.0,90.0,101325,22.0,520.0,0.0,0.0,9.81,0.0,0.0,0.0,23.0,25.0,0,False,False,False,False,False,False,False,False,1,34,0,0,0,0,0,0,65535,NO_CORAL_DATA,4e 4f 5f 43 4f 52 41 4c 5f 44 41 54 41 00 00 00
2026-07-07T00:28:56.304157+00:00,1783384136.304157,-56,13.75,False,1,2,True,True,True,True,0xF607,0xF607,35,0,0,1700000035,720519,1,STANDBY,831,True,True,True,True,True,True,False,False,True,True,False,False,False,False,False,False,3700,3.7,3,10,48.1353,11.582,520.0,0.9,1.3,0.25,0.0,90.0,101325,22.0,520.0,0.0,0.0,9.81,0.0,0.0,0.0,23.0,25.0,0,False,False,False,False,False,False,False,False,1,35,0,0,0,0,0,0,65535,NO_CORAL_DATA,4e 4f 5f 43 4f 52 41 4c 5f 44 41 54 41 00 00 00
2026-07-07T00:29:16.832478+00:00,1783384156.832478,-56,13.5,False,1,2,True,True,True,True,0xEBB9,0xEBB9,36,0,0,1700000036,741103,1,STANDBY,831,True,True,True,True,True,True,False,False,True,True,False,False,False,False,False,False,3700,3.7,3,10,48.1353,11.582,520.0,0.9,1.3,0.25,0.0,90.0,101325,22.0,520.0,0.0,0.0,9.81,0.0,0.0,0.0,23.0,25.0,0,False,False,False,False,False,False,False,False,1,36,0,0,0,0,0,0,65535,NO_CORAL_DATA,4e 4f 5f 43 4f 52 41 4c 5f 44 41 54 41 00 00 00
2026-07-07T00:29:37.395383+00:00,1783384177.395383,-55,12.25,False,1,2,True,True,True,True,0xE520,0xE520,37,0,0,1700000037,761687,1,STANDBY,831,True,True,True,True,True,True,False,False,True,True,False,False,False,False,False,False,3700,3.7,3,10,48.1353,11.582,520.0,0.9,1.3,0.25,0.0,90.0,101325,22.0,520.0,0.0,0.0,9.81,0.0,0.0,0.0,23.0,25.0,0,False,False,False,False,False,False,False,False,1,37,0,0,0,0,0,0,65535,NO_CORAL_DATA,4e 4f 5f 43 4f 52 41 4c 5f 44 41 54 41 00 00 00
2026-07-07T00:29:57.930270+00:00,1783384197.93027,-54,12.5,False,1,2,True,True,True,True,0xF8B2,0xF8B2,38,0,0,1700000038,782271,1,STANDBY,831,True,True,True,True,True,True,False,False,True,True,False,False,False,False,False,False,3700,3.7,3,10,48.1353,11.582,520.0,0.9,1.3,0.25,0.0,90.0,101325,22.0,520.0,0.0,0.0,9.81,0.0,0.0,0.0,23.0,25.0,0,False,False,False,False,False,False,False,False,1,38,0,0,0,0,0,0,65535,NO_CORAL_DATA,4e 4f 5f 43 4f 52 41 4c 5f 44 41 54 41 00 00 00
2026-07-07T00:30:18.472200+00:00,1783384218.4722,-54,11.75,False,1,2,True,True,True,True,0xF6B4,0xF6B4,39,0,0,1700000039,802855,1,STANDBY,831,True,True,True,True,True,True,False,False,True,True,False,False,False,False,False,False,3700,3.7,3,10,48.1353,11.582,520.0,0.9,1.3,0.25,0.0,90.0,101325,22.0,520.0,0.0,0.0,9.81,0.0,0.0,0.0,23.0,25.0,0,False,False,False,False,False,False,False,False,1,39,0,0,0,0,0,0,65535,NO_CORAL_DATA,4e 4f 5f 43 4f 52 41 4c 5f 44 41 54 41 00 00 00
2026-07-07T00:30:39.007886+00:00,1783384239.007886,-54,11.0,False,1,2,True,True,True,True,0xD915,0xD915,40,0,0,1700000040,823439,1,STANDBY,831,True,True,True,True,True,True,False,False,True,True,False,False,False,False,False,False,3700,3.7,3,10,48.1353,11.582,520.0,0.9,1.3,0.25,0.0,90.0,101325,22.0,520.0,0.0,0.0,9.81,0.0,0.0,0.0,23.0,25.0,0,False,False,False,False,False,False,False,False,1,40,0,0,0,0,0,0,65535,NO_CORAL_DATA,4e 4f 5f 43 4f 52 41 4c 5f 44 41 54 41 00 00 00
2026-07-07T00:30:59.551896+00:00,1783384259.551896,-54,13.75,False,1,2,True,True,True,True,0xBA37,0xBA37,41,0,0,1700000041,844023,1,STANDBY,831,True,True,True,True,True,True,False,False,True,True,False,False,False,False,False,False,3700,3.7,3,10,48.1353,11.582,520.0,0.9,1.3,0.25,0.0,90.0,101325,22.0,520.0,0.0,0.0,9.81,0.0,0.0,0.0,23.0,25.0,0,False,False,False,False,False,False,False,False,1,41,0,0,0,0,0,0,65535,NO_CORAL_DATA,4e 4f 5f 43 4f 52 41 4c 5f 44 41 54 41 00 00 00
2026-07-07T00:31:20.116332+00:00,1783384280.116332,-54,13.0,False,1,2,True,True,True,True,0x6530,0x6530,42,0,0,1700000042,864607,1,STANDBY,831,True,True,True,True,True,True,False,False,True,True,False,False,False,False,False,False,3700,3.7,3,10,48.1353,11.582,520.0,0.9,1.3,0.25,0.0,90.0,101325,22.0,520.0,0.0,0.0,9.81,0.0,0.0,0.0,23.0,25.0,0,False,False,False,False,False,False,False,False,1,42,0,0,0,0,0,0,65535,NO_CORAL_DATA,4e 4f 5f 43 4f 52 41 4c 5f 44 41 54 41 00 00 00
2026-07-07T00:31:40.641426+00:00,1783384300.641426,-55,13.5,False,1,2,True,True,True,True,0x0C3B,0x0C3B,43,0,0,1700000043,885191,1,STANDBY,831,True,True,True,True,True,True,False,False,True,True,False,False,False,False,False,False,3700,3.7,3,10,48.1353,11.582,520.0,0.9,1.3,0.25,0.0,90.0,101325,22.0,520.0,0.0,0.0,9.81,0.0,0.0,0.0,23.0,25.0,0,False,False,False,False,False,False,False,False,1,43,0,0,0,0,0,0,65535,NO_CORAL_DATA,4e 4f 5f 43 4f 52 41 4c 5f 44 41 54 41 00 00 00
2026-07-07T00:32:01.178468+00:00,1783384321.178468,-54,12.75,False,1,2,True,True,True,True,0x57FB,0x57FB,44,0,0,1700000044,905775,1,STANDBY,831,True,True,True,True,True,True,False,False,True,True,False,False,False,False,False,False,3700,3.7,3,10,48.1353,11.582,520.0,0.9,1.3,0.25,0.0,90.0,101325,22.0,520.0,0.0,0.0,9.81,0.0,0.0,0.0,23.0,25.0,0,False,False,False,False,False,False,False,False,1,44,0,0,0,0,0,0,65535,NO_CORAL_DATA,4e 4f 5f 43 4f 52 41 4c 5f 44 41 54 41 00 00 00
2026-07-07T00:32:21.728598+00:00,1783384341.728598,-55,12.0,False,1,2,True,True,True,True,0xC60E,0xC60E,45,0,0,1700000045,926359,1,STANDBY,831,True,True,True,True,True,True,False,False,True,True,False,False,False,False,False,False,3700,3.7,3,10,48.1353,11.582,520.0,0.9,1.3,0.25,0.0,90.0,101325,22.0,520.0,0.0,0.0,9.81,0.0,0.0,0.0,23.0,25.0,0,False,False,False,False,False,False,False,False,1,45,0,0,0,0,0,0,65535,NO_CORAL_DATA,4e 4f 5f 43 4f 52 41 4c 5f 44 41 54 41 00 00 00
2026-07-07T00:32:42.279534+00:00,1783384362.279534,-55,13.75,False,1,2,True,True,True,True,0x6941,0x6941,46,0,0,1700000046,946943,1,STANDBY,831,True,True,True,True,True,True,False,False,True,True,False,False,False,False,False,False,3700,3.7,3,10,48.1353,11.582,520.0,0.9,1.3,0.25,0.0,90.0,101325,22.0,520.0,0.0,0.0,9.81,0.0,0.0,0.0,23.0,25.0,0,False,False,False,False,False,False,False,False,1,46,0,0,0,0,0,0,65535,NO_CORAL_DATA,4e 4f 5f 43 4f 52 41 4c 5f 44 41 54 41 00 00 00
2026-07-07T00:33:02.825979+00:00,1783384382.825979,-60,13.75,False,1,2,True,True,True,True,0xDCC7,0xDCC7,47,0,0,1700000047,967527,1,STANDBY,831,True,True,True,True,True,True,False,False,True,True,False,False,False,False,False,False,3700,3.7,3,10,48.1353,11.582,520.0,0.9,1.3,0.25,0.0,90.0,101325,22.0,520.0,0.0,0.0,9.81,0.0,0.0,0.0,23.0,25.0,0,False,False,False,False,False,False,False,False,1,47,0,0,0,0,0,0,65535,NO_CORAL_DATA,4e 4f 5f 43 4f 52 41 4c 5f 44 41 54 41 00 00 00
2026-07-07T00:33:23.361989+00:00,1783384403.361989,-60,11.5,False,1,2,True,True,True,True,0xD817,0xD817,48,0,0,1700000048,988111,1,STANDBY,831,True,True,True,True,True,True,False,False,True,True,False,False,False,False,False,False,3700,3.7,3,10,48.1353,11.582,520.0,0.9,1.3,0.25,0.0,90.0,101325,22.0,520.0,0.0,0.0,9.81,0.0,0.0,0.0,23.0,25.0,0,False,False,False,False,False,False,False,False,1,48,0,0,0,0,0,0,65535,NO_CORAL_DATA,4e 4f 5f 43 4f 52 41 4c 5f 44 41 54 41 00 00 00
2026-07-07T00:33:43.916876+00:00,1783384423.916876,-58,13.0,False,1,2,True,True,True,True,0x0CF3,0x0CF3,49,0,0,1700000049,1008695,1,STANDBY,831,True,True,True,True,True,True,False,False,True,True,False,False,False,False,False,False,3700,3.7,3,10,48.1353,11.582,520.0,0.9,1.3,0.25,0.0,90.0,101325,22.0,520.0,0.0,0.0,9.81,0.0,0.0,0.0,23.0,25.0,0,False,False,False,False,False,False,False,False,1,49,0,0,0,0,0,0,65535,NO_CORAL_DATA,4e 4f 5f 43 4f 52 41 4c 5f 44 41 54 41 00 00 00
2026-07-07T00:34:04.456724+00:00,1783384444.456724,-55,13.75,False,1,2,True,True,True,True,0x2070,0x2070,50,0,0,1700000050,1029279,1,STANDBY,831,True,True,True,True,True,True,False,False,True,True,False,False,False,False,False,False,3700,3.7,3,10,48.1353,11.582,520.0,0.9,1.3,0.25,0.0,90.0,101325,22.0,520.0,0.0,0.0,9.81,0.0,0.0,0.0,23.0,25.0,0,False,False,False,False,False,False,False,False,1,50,0,0,0,0,0,0,65535,NO_CORAL_DATA,4e 4f 5f 43 4f 52 41 4c 5f 44 41 54 41 00 00 00
2026-07-07T00:34:25.007200+00:00,1783384465.0072,-53,10.5,False,1,2,True,True,True,True,0xE072,0xE072,51,0,0,1700000051,1049863,1,STANDBY,831,True,True,True,True,True,True,False,False,True,True,False,False,False,False,False,False,3700,3.7,3,10,48.1353,11.582,520.0,0.9,1.3,0.25,0.0,90.0,101325,22.0,520.0,0.0,0.0,9.81,0.0,0.0,0.0,23.0,25.0,0,False,False,False,False,False,False,False,False,1,51,0,0,0,0,0,0,65535,NO_CORAL_DATA,4e 4f 5f 43 4f 52 41 4c 5f 44 41 54 41 00 00 00
2026-07-07T00:34:45.542712+00:00,1783384485.542712,-66,13.0,False,1,2,True,True,True,True,0x4E23,0x4E23,52,0,0,1700000052,1070447,1,STANDBY,831,True,True,True,True,True,True,False,False,True,True,False,False,False,False,False,False,3700,3.7,3,10,48.1353,11.582,520.0,0.9,1.3,0.25,0.0,90.0,101325,22.0,520.0,0.0,0.0,9.81,0.0,0.0,0.0,23.0,25.0,0,False,False,False,False,False,False,False,False,1,52,0,0,0,0,0,0,65535,NO_CORAL_DATA,4e 4f 5f 43 4f 52 41 4c 5f 44 41 54 41 00 00 00
2026-07-07T00:35:06.092587+00:00,1783384506.092587,-67,13.25,False,1,2,True,True,True,True,0xAECD,0xAECD,53,0,0,1700000053,1091031,1,STANDBY,831,True,True,True,True,True,True,False,False,True,True,False,False,False,False,False,False,3700,3.7,3,10,48.1353,11.582,520.0,0.9,1.3,0.25,0.0,90.0,101325,22.0,520.0,0.0,0.0,9.81,0.0,0.0,0.0,23.0,25.0,0,False,False,False,False,False,False,False,False,1,53,0,0,0,0,0,0,65535,NO_CORAL_DATA,4e 4f 5f 43 4f 52 41 4c 5f 44 41 54 41 00 00 00
2026-07-07T00:35:26.648201+00:00,1783384526.648201,-61,13.5,False,1,2,True,True,True,True,0xF413,0xF413,54,0,0,1700000054,1111615,1,STANDBY,831,True,True,True,True,True,True,False,False,True,True,False,False,False,False,False,False,3700,3.7,3,10,48.1353,11.582,520.0,0.9,1.3,0.25,0.0,90.0,101325,22.0,520.0,0.0,0.0,9.81,0.0,0.0,0.0,23.0,25.0,0,False,False,False,False,False,False,False,False,1,54,0,0,0,0,0,0,65535,NO_CORAL_DATA,4e 4f 5f 43 4f 52 41 4c 5f 44 41 54 41 00 00 00
2026-07-07T00:35:47.200741+00:00,1783384547.200741,-67,13.5,False,1,2,True,True,True,True,0xB211,0xB211,55,0,0,1700000055,1132199,1,STANDBY,831,True,True,True,True,True,True,False,False,True,True,False,False,False,False,False,False,3700,3.7,3,10,48.1353,11.582,520.0,0.9,1.3,0.25,0.0,90.0,101325,22.0,520.0,0.0,0.0,9.81,0.0,0.0,0.0,23.0,25.0,0,False,False,False,False,False,False,False,False,1,55,0,0,0,0,0,0,65535,NO_CORAL_DATA,4e 4f 5f 43 4f 52 41 4c 5f 44 41 54 41 00 00 00
2026-07-07T00:36:07.741616+00:00,1783384567.741616,-65,12.0,False,1,2,True,True,True,True,0x413D,0x413D,56,0,0,1700000056,1152783,1,STANDBY,831,True,True,True,True,True,True,False,False,True,True,False,False,False,False,False,False,3700,3.7,3,10,48.1353,11.582,520.0,0.9,1.3,0.25,0.0,90.0,101325,22.0,520.0,0.0,0.0,9.81,0.0,0.0,0.0,23.0,25.0,0,False,False,False,False,False,False,False,False,1,56,0,0,0,0,0,0,65535,NO_CORAL_DATA,4e 4f 5f 43 4f 52 41 4c 5f 44 41 54 41 00 00 00
2026-07-07T00:36:28.296565+00:00,1783384588.296565,-66,12.75,False,1,2,True,True,True,True,0x221F,0x221F,57,0,0,1700000057,1173367,1,STANDBY,831,True,True,True,True,True,True,False,False,True,True,False,False,False,False,False,False,3700,3.7,3,10,48.1353,11.582,520.0,0.9,1.3,0.25,0.0,90.0,101325,22.0,520.0,0.0,0.0,9.81,0.0,0.0,0.0,23.0,25.0,0,False,False,False,False,False,False,False,False,1,57,0,0,0,0,0,0,65535,NO_CORAL_DATA,4e 4f 5f 43 4f 52 41 4c 5f 44 41 54 41 00 00 00
2026-07-07T00:36:48.830841+00:00,1783384608.830841,-73,12.75,False,1,2,True,True,True,True,0x7F87,0x7F87,58,0,0,1700000058,1193951,1,STANDBY,831,True,True,True,True,True,True,False,False,True,True,False,False,False,False,False,False,3700,3.7,3,10,48.1353,11.582,520.0,0.9,1.3,0.25,0.0,90.0,101325,22.0,520.0,0.0,0.0,9.81,0.0,0.0,0.0,23.0,25.0,0,False,False,False,False,False,False,False,False,1,58,0,0,0,0,0,0,65535,NO_CORAL_DATA,4e 4f 5f 43 4f 52 41 4c 5f 44 41 54 41 00 00 00
2026-07-07T00:37:09.389739+00:00,1783384629.389739,-68,13.0,False,1,2,True,True,True,True,0xA5C3,0xA5C3,59,0,0,1700000059,1214535,1,STANDBY,831,True,True,True,True,True,True,False,False,True,True,False,False,False,False,False,False,3700,3.7,3,10,48.1353,11.582,520.0,0.9,1.3,0.25,0.0,90.0,101325,22.0,520.0,0.0,0.0,9.81,0.0,0.0,0.0,23.0,25.0,0,False,False,False,False,False,False,False,False,1,59,0,0,0,0,0,0,65535,NO_CORAL_DATA,4e 4f 5f 43 4f 52 41 4c 5f 44 41 54 41 00 00 00
2026-07-07T00:37:29.937870+00:00,1783384649.93787,-60,13.25,False,1,2,True,True,True,True,0x8BB5,0x8BB5,60,0,0,1700000060,1235119,1,STANDBY,831,True,True,True,True,True,True,False,False,True,True,False,False,False,False,False,False,3700,3.7,3,10,48.1353,11.582,520.0,0.9,1.3,0.25,0.0,90.0,101325,22.0,520.0,0.0,0.0,9.81,0.0,0.0,0.0,23.0,25.0,0,False,False,False,False,False,False,False,False,1,60,0,0,0,0,0,0,65535,NO_CORAL_DATA,4e 4f 5f 43 4f 52 41 4c 5f 44 41 54 41 00 00 00
2026-07-07T00:37:50.473380+00:00,1783384670.47338,-67,13.25,False,1,2,True,True,True,True,0x98DF,0x98DF,61,0,0,1700000061,1255703,1,STANDBY,831,True,True,True,True,True,True,False,False,True,True,False,False,False,False,False,False,3700,3.7,3,10,48.1353,11.582,520.0,0.9,1.3,0.25,0.0,90.0,101325,22.0,520.0,0.0,0.0,9.81,0.0,0.0,0.0,23.0,25.0,0,False,False,False,False,False,False,False,False,1,61,0,0,0,0,0,0,65535,NO_CORAL_DATA,4e 4f 5f 43 4f 52 41 4c 5f 44 41 54 41 00 00 00
2026-07-07T00:38:11.012695+00:00,1783384691.012695,-75,11.25,False,1,2,True,True,True,True,0x3790,0x3790,62,0,0,1700000062,1276287,1,STANDBY,831,True,True,True,True,True,True,False,False,True,True,False,False,False,False,False,False,3700,3.7,3,10,48.1353,11.582,520.0,0.9,1.3,0.25,0.0,90.0,101325,22.0,520.0,0.0,0.0,9.81,0.0,0.0,0.0,23.0,25.0,0,False,False,False,False,False,False,False,False,1,62,0,0,0,0,0,0,65535,NO_CORAL_DATA,4e 4f 5f 43 4f 52 41 4c 5f 44 41 54 41 00 00 00
2026-07-07T00:38:31.557620+00:00,1783384711.55762,-72,12.25,False,1,2,True,True,True,True,0x5E9B,0x5E9B,63,0,0,1700000063,1296871,1,STANDBY,831,True,True,True,True,True,True,False,False,True,True,False,False,False,False,False,False,3700,3.7,3,10,48.1353,11.582,520.0,0.9,1.3,0.25,0.0,90.0,101325,22.0,520.0,0.0,0.0,9.81,0.0,0.0,0.0,23.0,25.0,0,False,False,False,False,False,False,False,False,1,63,0,0,0,0,0,0,65535,NO_CORAL_DATA,4e 4f 5f 43 4f 52 41 4c 5f 44 41 54 41 00 00 00
2026-07-07T00:38:52.118861+00:00,1783384732.118861,-65,11.75,False,1,2,True,True,True,True,0xD4DB,0xD4DB,64,0,0,1700000064,1317455,1,STANDBY,831,True,True,True,True,True,True,False,False,True,True,False,False,False,False,False,False,3700,3.7,3,10,48.1353,11.582,520.0,0.9,1.3,0.25,0.0,90.0,101325,22.0,520.0,0.0,0.0,9.81,0.0,0.0,0.0,23.0,25.0,0,False,False,False,False,False,False,False,False,1,64,0,0,0,0,0,0,65535,NO_CORAL_DATA,4e 4f 5f 43 4f 52 41 4c 5f 44 41 54 41 00 00 00
2026-07-07T00:39:12.645749+00:00,1783384752.645749,-69,10.5,False,1,2,True,True,True,True,0xEF66,0xEF66,65,0,0,1700000065,1338040,1,STANDBY,831,True,True,True,True,True,True,False,False,True,True,False,False,False,False,False,False,3700,3.7,3,10,48.1353,11.582,520.0,0.9,1.3,0.25,0.0,90.0,101325,22.0,520.0,0.0,0.0,9.81,0.0,0.0,0.0,23.0,25.0,0,False,False,False,False,False,False,False,False,1,65,0,0,0,0,0,0,65535,NO_CORAL_DATA,4e 4f 5f 43 4f 52 41 4c 5f 44 41 54 41 00 00 00
2026-07-07T00:39:33.191770+00:00,1783384773.19177,-72,13.5,False,1,2,True,True,True,True,0x0D61,0x0D61,66,0,0,1700000066,1358624,1,STANDBY,831,True,True,True,True,True,True,False,False,True,True,False,False,False,False,False,False,3700,3.7,3,10,48.1353,11.582,520.0,0.9,1.3,0.25,0.0,90.0,101325,22.0,520.0,0.0,0.0,9.81,0.0,0.0,0.0,23.0,25.0,0,False,False,False,False,False,False,False,False,1,66,0,0,0,0,0,0,65535,NO_CORAL_DATA,4e 4f 5f 43 4f 52 41 4c 5f 44 41 54 41 00 00 00
2026-07-07T00:39:53.742486+00:00,1783384793.742486,-71,13.0,False,1,2,True,True,True,True,0x596A,0x596A,67,0,0,1700000067,1379208,1,STANDBY,831,True,True,True,True,True,True,False,False,True,True,False,False,False,False,False,False,3700,3.7,3,10,48.1353,11.582,520.0,0.9,1.3,0.25,0.0,90.0,101325,22.0,520.0,0.0,0.0,9.81,0.0,0.0,0.0,23.0,25.0,0,False,False,False,False,False,False,False,False,1,67,0,0,0,0,0,0,65535,NO_CORAL_DATA,4e 4f 5f 43 4f 52 41 4c 5f 44 41 54 41 00 00 00
2026-07-07T00:40:14.282987+00:00,1783384814.282987,-65,11.0,False,1,2,True,True,True,True,0x0923,0x0923,68,0,0,1700000068,1399792,1,STANDBY,831,True,True,True,True,True,True,False,False,True,True,False,False,False,False,False,False,3700,3.7,3,10,48.1353,11.582,520.0,0.9,1.3,0.25,0.0,90.0,101325,22.0,520.0,0.0,0.0,9.81,0.0,0.0,0.0,23.0,25.0,0,False,False,False,False,False,False,False,False,1,68,0,0,0,0,0,0,65535,NO_CORAL_DATA,4e 4f 5f 43 4f 52 41 4c 5f 44 41 54 41 00 00 00
2026-07-07T00:40:34.811186+00:00,1783384834.811186,-71,14.0,False,1,2,True,True,True,True,0x2034,0x2034,69,0,0,1700000069,1420376,1,STANDBY,831,True,True,True,True,True,True,False,False,True,True,False,False,False,False,False,False,3700,3.7,3,10,48.1353,11.582,520.0,0.9,1.3,0.25,0.0,90.0,101325,22.0,520.0,0.0,0.0,9.81,0.0,0.0,0.0,23.0,25.0,0,False,False,False,False,False,False,False,False,1,69,0,0,0,0,0,0,65535,NO_CORAL_DATA,4e 4f 5f 43 4f 52 41 4c 5f 44 41 54 41 00 00 00
2026-07-07T00:40:55.378653+00:00,1783384855.378653,-58,10.5,False,1,2,True,True,True,True,0xD556,0xD556,70,0,0,1700000070,1440960,1,STANDBY,831,True,True,True,True,True,True,False,False,True,True,False,False,False,False,False,False,3700,3.7,3,10,48.1353,11.582,520.0,0.9,1.3,0.25,0.0,90.0,101325,22.0,520.0,0.0,0.0,9.81,0.0,0.0,0.0,23.0,25.0,0,False,False,False,False,False,False,False,False,1,70,0,0,0,0,0,0,65535,NO_CORAL_DATA,4e 4f 5f 43 4f 52 41 4c 5f 44 41 54 41 00 00 00
2026-07-07T00:41:15.904516+00:00,1783384875.904516,-59,10.0,False,1,2,True,True,True,True,0xCBC1,0xCBC1,71,0,0,1700000071,1461544,1,STANDBY,831,True,True,True,True,True,True,False,False,True,True,False,False,False,False,False,False,3700,3.7,3,10,48.1353,11.582,520.0,0.9,1.3,0.25,0.0,90.0,101325,22.0,520.0,0.0,0.0,9.81,0.0,0.0,0.0,23.0,25.0,0,False,False,False,False,False,False,False,False,1,71,0,0,0,0,0,0,65535,NO_CORAL_DATA,4e 4f 5f 43 4f 52 41 4c 5f 44 41 54 41 00 00 00
2026-07-07T00:41:36.452213+00:00,1783384896.452213,-60,10.5,False,1,2,True,True,True,True,0x1A78,0x1A78,72,0,0,1700000072,1482128,1,STANDBY,831,True,True,True,True,True,True,False,False,True,True,False,False,False,False,False,False,3700,3.7,3,10,48.1353,11.582,520.0,0.9,1.3,0.25,0.0,90.0,101325,22.0,520.0,0.0,0.0,9.81,0.0,0.0,0.0,23.0,25.0,0,False,False,False,False,False,False,False,False,1,72,0,0,0,0,0,0,65535,NO_CORAL_DATA,4e 4f 5f 43 4f 52 41 4c 5f 44 41 54 41 00 00 00
2026-07-07T00:41:57.006128+00:00,1783384917.006128,-60,11.0,False,1,2,True,True,True,True,0x8742,0x8742,73,0,0,1700000073,1502712,1,STANDBY,831,True,True,True,True,True,True,False,False,True,True,False,False,False,False,False,False,3700,3.7,3,10,48.1353,11.582,520.0,0.9,1.3,0.25,0.0,90.0,101325,22.0,520.0,0.0,0.0,9.81,0.0,0.0,0.0,23.0,25.0,0,False,False,False,False,False,False,False,False,1,73,0,0,0,0,0,0,65535,NO_CORAL_DATA,4e 4f 5f 43 4f 52 41 4c 5f 44 41 54 41 00 00 00
2026-07-07T00:42:17.552788+00:00,1783384937.552788,-59,13.75,False,1,2,True,True,True,True,0xE377,0xE377,74,0,0,1700000074,1523296,1,STANDBY,831,True,True,True,True,True,True,False,False,True,True,False,False,False,False,False,False,3700,3.7,3,10,48.1353,11.582,520.0,0.9,1.3,0.25,0.0,90.0,101325,22.0,520.0,0.0,0.0,9.81,0.0,0.0,0.0,23.0,25.0,0,False,False,False,False,False,False,False,False,1,74,0,0,0,0,0,0,65535,NO_CORAL_DATA,4e 4f 5f 43 4f 52 41 4c 5f 44 41 54 41 00 00 00
2026-07-07T00:42:38.101990+00:00,1783384958.10199,-61,13.5,False,1,2,True,True,True,True,0x9875,0x9875,75,0,0,1700000075,1543880,1,STANDBY,831,True,True,True,True,True,True,False,False,True,True,False,False,False,False,False,False,3700,3.7,3,10,48.1353,11.582,520.0,0.9,1.3,0.25,0.0,90.0,101325,22.0,520.0,0.0,0.0,9.81,0.0,0.0,0.0,23.0,25.0,0,False,False,False,False,False,False,False,False,1,75,0,0,0,0,0,0,65535,NO_CORAL_DATA,4e 4f 5f 43 4f 52 41 4c 5f 44 41 54 41 00 00 00
2026-07-07T00:42:58.634657+00:00,1783384978.634657,-53,10.0,False,1,2,True,True,True,True,0x9496,0x9496,76,0,0,1700000076,1564464,1,STANDBY,831,True,True,True,True,True,True,False,False,True,True,False,False,False,False,False,False,3700,3.7,3,10,48.1353,11.582,520.0,0.9,1.3,0.25,0.0,90.0,101325,22.0,520.0,0.0,0.0,9.81,0.0,0.0,0.0,23.0,25.0,0,False,False,False,False,False,False,False,False,1,76,0,0,0,0,0,0,65535,NO_CORAL_DATA,4e 4f 5f 43 4f 52 41 4c 5f 44 41 54 41 00 00 00
2026-07-07T00:43:19.184076+00:00,1783384999.184076,-57,13.25,False,1,2,True,True,True,True,0x2F36,0x2F36,77,0,0,1700000077,1585048,1,STANDBY,831,True,True,True,True,True,True,False,False,True,True,False,False,False,False,False,False,3700,3.7,3,10,48.1353,11.582,520.0,0.9,1.3,0.25,0.0,90.0,101325,22.0,520.0,0.0,0.0,9.81,0.0,0.0,0.0,23.0,25.0,0,False,False,False,False,False,False,False,False,1,77,0,0,0,0,0,0,65535,NO_CORAL_DATA,4e 4f 5f 43 4f 52 41 4c 5f 44 41 54 41 00 00 00
2026-07-07T00:43:39.727741+00:00,1783385019.727741,-56,13.75,False,1,2,True,True,True,True,0xEC80,0xEC80,78,0,0,1700000078,1605632,1,STANDBY,831,True,True,True,True,True,True,False,False,True,True,False,False,False,False,False,False,3700,3.7,3,10,48.1353,11.582,520.0,0.9,1.3,0.25,0.0,90.0,101325,22.0,520.0,0.0,0.0,9.81,0.0,0.0,0.0,23.0,25.0,0,False,False,False,False,False,False,False,False,1,78,0,0,0,0,0,0,65535,NO_CORAL_DATA,4e 4f 5f 43 4f 52 41 4c 5f 44 41 54 41 00 00 00
2026-07-07T00:44:00.264689+00:00,1783385040.264689,-55,13.75,False,1,2,True,True,True,True,0x4340,0x4340,79,0,0,1700000079,1626216,1,STANDBY,831,True,True,True,True,True,True,False,False,True,True,False,False,False,False,False,False,3700,3.7,3,10,48.1353,11.582,520.0,0.9,1.3,0.25,0.0,90.0,101325,22.0,520.0,0.0,0.0,9.81,0.0,0.0,0.0,23.0,25.0,0,False,False,False,False,False,False,False,False,1,79,0,0,0,0,0,0,65535,NO_CORAL_DATA,4e 4f 5f 43 4f 52 41 4c 5f 44 41 54 41 00 00 00
2026-07-07T00:44:20.831819+00:00,1783385060.831819,-59,13.25,False,1,2,True,True,True,True,0x8B72,0x8B72,80,0,0,1700000080,1646800,1,STANDBY,831,True,True,True,True,True,True,False,False,True,True,False,False,False,False,False,False,3700,3.7,3,10,48.1353,11.582,520.0,0.9,1.3,0.25,0.0,90.0,101325,22.0,520.0,0.0,0.0,9.81,0.0,0.0,0.0,23.0,25.0,0,False,False,False,False,False,False,False,False,1,80,0,0,0,0,0,0,65535,NO_CORAL_DATA,4e 4f 5f 43 4f 52 41 4c 5f 44 41 54 41 00 00 00
2026-07-07T00:44:41.362344+00:00,1783385081.362344,-59,13.25,False,1,2,True,True,True,True,0x7818,0x7818,81,0,0,1700000081,1667384,1,STANDBY,831,True,True,True,True,True,True,False,False,True,True,False,False,False,False,False,False,3700,3.7,3,10,48.1353,11.582,520.0,0.9,1.3,0.25,0.0,90.0,101325,22.0,520.0,0.0,0.0,9.81,0.0,0.0,0.0,23.0,25.0,0,False,False,False,False,False,False,False,False,1,81,0,0,0,0,0,0,65535,NO_CORAL_DATA,4e 4f 5f 43 4f 52 41 4c 5f 44 41 54 41 00 00 00
2026-07-07T00:45:32.407502+00:00,1783385132.407502,-58,13.75,False,1,2,True,True,True,True,0x393D,0x393D,83,1,1,1700000083,1708552,1,STANDBY,831,True,True,True,True,True,True,False,False,True,True,False,False,False,False,False,False,3700,3.7,3,10,48.1353,11.582,520.0,0.9,1.3,0.25,0.0,90.0,101325,22.0,520.0,0.0,0.0,9.81,0.0,0.0,0.0,23.0,25.0,0,False,False,False,False,False,False,False,False,1,83,0,0,0,0,0,0,65535,NO_CORAL_DATA,4e 4f 5f 43 4f 52 41 4c 5f 44 41 54 41 00 00 00
2026-07-07T00:45:43.003226+00:00,1783385143.003226,-60,10.25,False,1,2,True,True,True,True,0x5B8E,0x5B8E,84,0,1,1700000084,1729136,1,STANDBY,831,True,True,True,True,True,True,False,False,True,True,False,False,False,False,False,False,3700,3.7,3,10,48.1353,11.582,520.0,0.9,1.3,0.25,0.0,90.0,101325,22.0,520.0,0.0,0.0,9.81,0.0,0.0,0.0,23.0,25.0,0,False,False,False,False,False,False,False,False,1,84,0,0,0,0,0,0,65535,NO_CORAL_DATA,4e 4f 5f 43 4f 52 41 4c 5f 44 41 54 41 00 00 00
2026-07-07T00:46:03.542882+00:00,1783385163.542882,-57,13.5,False,1,2,True,True,True,True,0x7782,0x7782,85,0,1,1700000085,1749720,1,STANDBY,831,True,True,True,True,True,True,False,False,True,True,False,False,False,False,False,False,3700,3.7,3,10,48.1353,11.582,520.0,0.9,1.3,0.25,0.0,90.0,101325,22.0,520.0,0.0,0.0,9.81,0.0,0.0,0.0,23.0,25.0,0,False,False,False,False,False,False,False,False,1,85,0,0,0,0,0,0,65535,NO_CORAL_DATA,4e 4f 5f 43 4f 52 41 4c 5f 44 41 54 41 00 00 00
2026-07-07T00:46:24.102437+00:00,1783385184.102437,-57,13.0,False,1,2,True,True,True,True,0xED82,0xED82,86,0,1,1700000086,1770304,1,STANDBY,831,True,True,True,True,True,True,False,False,True,True,False,False,False,False,False,False,3700,3.7,3,10,48.1353,11.582,520.0,0.9,1.3,0.25,0.0,90.0,101325,22.0,520.0,0.0,0.0,9.81,0.0,0.0,0.0,23.0,25.0,0,False,False,False,False,False,False,False,False,1,86,0,0,0,0,0,0,65535,NO_CORAL_DATA,4e 4f 5f 43 4f 52 41 4c 5f 44 41 54 41 00 00 00
2026-07-07T00:46:44.627051+00:00,1783385204.627051,-65,12.5,False,1,2,True,True,True,True,0xC265,0xC265,87,0,1,1700000087,1790888,1,STANDBY,831,True,True,True,True,True,True,False,False,True,True,False,False,False,False,False,False,3700,3.7,3,10,48.1353,11.582,520.0,0.9,1.3,0.25,0.0,90.0,101325,22.0,520.0,0.0,0.0,9.81,0.0,0.0,0.0,23.0,25.0,0,False,False,False,False,False,False,False,False,1,87,0,0,0,0,0,0,65535,NO_CORAL_DATA,4e 4f 5f 43 4f 52 41 4c 5f 44 41 54 41 00 00 00
2026-07-07T00:47:05.191233+00:00,1783385225.191233,-63,13.75,False,1,2,True,True,True,True,0x16C7,0x16C7,88,0,1,1700000088,1811472,1,STANDBY,831,True,True,True,True,True,True,False,False,True,True,False,False,False,False,False,False,3700,3.7,3,10,48.1353,11.582,520.0,0.9,1.3,0.25,0.0,90.0,101325,22.0,520.0,0.0,0.0,9.81,0.0,0.0,0.0,23.0,25.0,0,False,False,False,False,False,False,False,False,1,88,0,0,0,0,0,0,65535,NO_CORAL_DATA,4e 4f 5f 43 4f 52 41 4c 5f 44 41 54 41 00 00 00
2026-07-07T00:47:25.731935+00:00,1783385245.731935,-65,13.5,False,1,2,True,True,True,True,0xB907,0xB907,89,0,1,1700000089,1832056,1,STANDBY,831,True,True,True,True,True,True,False,False,True,True,False,False,False,False,False,False,3700,3.7,3,10,48.1353,11.582,520.0,0.9,1.3,0.25,0.0,90.0,101325,22.0,520.0,0.0,0.0,9.81,0.0,0.0,0.0,23.0,25.0,0,False,False,False,False,False,False,False,False,1,89,0,0,0,0,0,0,65535,NO_CORAL_DATA,4e 4f 5f 43 4f 52 41 4c 5f 44 41 54 41 00 00 00
2026-07-07T00:47:46.276372+00:00,1783385266.276372,-65,12.75,False,1,2,True,True,True,True,0x1DBC,0x1DBC,90,0,1,1700000090,1852640,1,STANDBY,831,True,True,True,True,True,True,False,False,True,True,False,False,False,False,False,False,3700,3.7,3,10,48.1353,11.582,520.0,0.9,1.3,0.25,0.0,90.0,101325,22.0,520.0,0.0,0.0,9.81,0.0,0.0,0.0,23.0,25.0,0,False,False,False,False,False,False,False,False,1,90,0,0,0,0,0,0,65535,NO_CORAL_DATA,4e 4f 5f 43 4f 52 41 4c 5f 44 41 54 41 00 00 00
2026-07-07T00:48:06.839085+00:00,1783385286.839085,-64,11.5,False,1,2,True,True,True,True,0xED3D,0xED3D,91,0,1,1700000091,1873224,1,STANDBY,831,True,True,True,True,True,True,False,False,True,True,False,False,False,False,False,False,3700,3.7,3,10,48.1353,11.582,520.0,0.9,1.3,0.25,0.0,90.0,101325,22.0,520.0,0.0,0.0,9.81,0.0,0.0,0.0,23.0,25.0,0,False,False,False,False,False,False,False,False,1,91,0,0,0,0,0,0,65535,NO_CORAL_DATA,4e 4f 5f 43 4f 52 41 4c 5f 44 41 54 41 00 00 00
2026-07-07T00:48:27.384370+00:00,1783385307.38437,-65,12.25,False,1,2,True,True,True,True,0x0FA9,0x0FA9,92,0,1,1700000092,1893808,1,STANDBY,831,True,True,True,True,True,True,False,False,True,True,False,False,False,False,False,False,3700,3.7,3,10,48.1353,11.582,520.0,0.9,1.3,0.25,0.0,90.0,101325,22.0,520.0,0.0,0.0,9.81,0.0,0.0,0.0,23.0,25.0,0,False,False,False,False,False,False,False,False,1,92,0,0,0,0,0,0,65535,NO_CORAL_DATA,4e 4f 5f 43 4f 52 41 4c 5f 44 41 54 41 00 00 00
2026-07-07T00:48:47.923528+00:00,1783385327.923528,-65,13.5,False,1,2,True,True,True,True,0x791A,0x791A,93,0,1,1700000093,1914392,1,STANDBY,831,True,True,True,True,True,True,False,False,True,True,False,False,False,False,False,False,3700,3.7,3,10,48.1353,11.582,520.0,0.9,1.3,0.25,0.0,90.0,101325,22.0,520.0,0.0,0.0,9.81,0.0,0.0,0.0,23.0,25.0,0,False,False,False,False,False,False,False,False,1,93,0,0,0,0,0,0,65535,NO_CORAL_DATA,4e 4f 5f 43 4f 52 41 4c 5f 44 41 54 41 00 00 00
2026-07-07T00:49:08.447709+00:00,1783385348.447709,,,True,,,,,,False,,,,,,,,,,,,,,,,,,,,,,,,,,,,,,,,,,,,,,,,,,,,,,,,,,,,,,,,,,,,,,,,,,,,,
2026-07-07T00:49:29.004006+00:00,1783385369.004006,-66,10.5,False,1,2,True,True,True,True,0xBF5E,0xBF5E,95,1,2,1700000095,1955560,1,STANDBY,831,True,True,True,True,True,True,False,False,True,True,False,False,False,False,False,False,3700,3.7,3,10,48.1353,11.582,520.0,0.9,1.3,0.25,0.0,90.0,101325,22.0,520.0,0.0,0.0,9.81,0.0,0.0,0.0,23.0,25.0,0,False,False,False,False,False,False,False,False,1,95,0,0,0,0,0,0,65535,NO_CORAL_DATA,4e 4f 5f 43 4f 52 41 4c 5f 44 41 54 41 00 00 00
2026-07-07T00:49:49.567763+00:00,1783385389.567763,-65,13.5,False,1,2,True,True,True,True,0xFD03,0xFD03,96,0,2,1700000096,1976144,1,STANDBY,831,True,True,True,True,True,True,False,False,True,True,False,False,False,False,False,False,3700,3.7,3,10,48.1353,11.582,520.0,0.9,1.3,0.25,0.0,90.0,101325,22.0,520.0,0.0,0.0,9.81,0.0,0.0,0.0,23.0,25.0,0,False,False,False,False,False,False,False,False,1,96,0,0,0,0,0,0,65535,NO_CORAL_DATA,4e 4f 5f 43 4f 52 41 4c 5f 44 41 54 41 00 00 00
2026-07-07T00:50:10.103425+00:00,1783385410.103425,-65,11.25,False,1,2,True,True,True,True,0xD2E4,0xD2E4,97,0,2,1700000097,1996728,1,STANDBY,831,True,True,True,True,True,True,False,False,True,True,False,False,False,False,False,False,3700,3.7,3,10,48.1353,11.582,520.0,0.9,1.3,0.25,0.0,90.0,101325,22.0,520.0,0.0,0.0,9.81,0.0,0.0,0.0,23.0,25.0,0,False,False,False,False,False,False,False,False,1,97,0,0,0,0,0,0,65535,NO_CORAL_DATA,4e 4f 5f 43 4f 52 41 4c 5f 44 41 54 41 00 00 00
2026-07-07T00:50:30.665274+00:00,1783385430.665274,-64,13.5,False,1,2,True,True,True,True,0x082F,0x082F,98,0,2,1700000098,2017312,1,STANDBY,831,True,True,True,True,True,True,False,False,True,True,False,False,False,False,False,False,3700,3.7,3,10,48.1353,11.582,520.0,0.9,1.3,0.25,0.0,90.0,101325,22.0,520.0,0.0,0.0,9.81,0.0,0.0,0.0,23.0,25.0,0,False,False,False,False,False,False,False,False,1,98,0,0,0,0,0,0,65535,NO_CORAL_DATA,4e 4f 5f 43 4f 52 41 4c 5f 44 41 54 41 00 00 00
2026-07-07T00:50:51.205228+00:00,1783385451.205228,-65,13.0,False,1,2,True,True,True,True,0x0B2A,0x0B2A,99,0,2,1700000099,2037896,1,STANDBY,831,True,True,True,True,True,True,False,False,True,True,False,False,False,False,False,False,3700,3.7,3,10,48.1353,11.582,520.0,0.9,1.3,0.25,0.0,90.0,101325,22.0,520.0,0.0,0.0,9.81,0.0,0.0,0.0,23.0,25.0,0,False,False,False,False,False,False,False,False,1,99,0,0,0,0,0,0,65535,NO_CORAL_DATA,4e 4f 5f 43 4f 52 41 4c 5f 44 41 54 41 00 00 00
2026-07-07T00:51:11.735092+00:00,1783385471.735092,-64,13.0,False,1,2,True,True,True,True,0x6999,0x6999,100,0,2,1700000100,2058480,1,STANDBY,831,True,True,True,True,True,True,False,False,True,True,False,False,False,False,False,False,3700,3.7,3,10,48.1353,11.582,520.0,0.9,1.3,0.25,0.0,90.0,101325,22.0,520.0,0.0,0.0,9.81,0.0,0.0,0.0,23.0,25.0,0,False,False,False,False,False,False,False,False,1,100,0,0,0,0,0,0,65535,NO_CORAL_DATA,4e 4f 5f 43 4f 52 41 4c 5f 44 41 54 41 00 00 00
2026-07-07T00:51:32.295021+00:00,1783385492.295021,-57,14.0,False,1,2,True,True,True,True,0x9918,0x9918,101,0,2,1700000101,2079064,1,STANDBY,831,True,True,True,True,True,True,False,False,True,True,False,False,False,False,False,False,3700,3.7,3,10,48.1353,11.582,520.0,0.9,1.3,0.25,0.0,90.0,101325,22.0,520.0,0.0,0.0,9.81,0.0,0.0,0.0,23.0,25.0,0,False,False,False,False,False,False,False,False,1,101,0,0,0,0,0,0,65535,NO_CORAL_DATA,4e 4f 5f 43 4f 52 41 4c 5f 44 41 54 41 00 00 00
