elapsed_min,gps_alt_km,baro_alt_km,phase
0.04167,0.57,-0.00013,0
0.125,0.57,-0.00024,0
0.20833,0.57,-0.00023,0
0.29167,0.57,-0.00018,0
0.375,0.57,-0.00052,0
0.45833,0.57,-0.00046,0
0.54167,0.57,-0.00008,0
0.625,0.57,-0.00006,0
0.70833,0.57,-0.0002,0
0.79167,0.57,-0.00042,0
0.875,0.57,-0.00066,0
0.95833,0.57,0.00037,0
1.04167,0.57,0.00057,0
1.125,0.57,0.00048,0
1.20833,0.57,0.00016,0
1.29167,0.57,0.00054,0
1.375,0.57,0.0006,0
1.45833,0.57,0.00032,0
1.54167,0.57,0.00002,0
1.625,0.57,0.00026,0
1.70833,0.57,0.00016,0
1.79167,0.57,-0.00005,0
1.875,0.57,-0.0001,0
1.95833,0.57,-0.00019,0
2.04167,0.57,-0.00007,0
2.125,0.57,0.00007,0
2.20833,0.57,-0.00003,0
2.29167,0.57,0.00003,0
2.375,0.57,-0.00022,0
2.45833,0.57,0.00001,0
2.54167,0.57,-0.00026,0
2.625,0.57,-0.00073,0
2.70833,0.57,-0.00084,0
2.79167,0.57,-0.00054,0
2.875,0.57,-0.00019,0
2.95833,0.57,-0.00005,0
3.04167,0.57,0.00023,0
3.125,0.57,0.00017,0
3.20833,0.57,0.0002,0
3.29167,0.57,0.00035,0
3.375,0.57,0.00051,0
3.45833,0.57,0.00051,0
3.54167,0.57,0.00018,0
3.625,0.57,0.00014,0
3.70833,0.57,0.00006,0
3.79167,0.57,-0.00026,0
3.875,0.57,-0.00029,0
3.95833,0.57,-0.00011,0
4.04167,0.57,-0.00016,0
4.125,0.57,0.00014,0
4.20833,0.57,0.00004,0
4.29167,0.57,0.00016,0
4.375,0.57,0.00011,0
4.45833,0.57,0.00009,0
4.54167,0.57,0.00018,0
4.625,0.57,0.00025,0
4.70833,0.57,0.0002,0
4.79167,0.57,0.0003,0
4.875,0.57,0.00018,0
4.95833,0.57,0.00017,0
5.04167,0.57,0.00006,0
5.125,0.57,-0.00002,0
5.20833,0.57,0.00006,0
5.29167,0.57,0.00016,0
5.375,0.57,0.00001,0
5.45833,0.57,-0.00001,0
5.54167,0.57,-0.00001,0
5.625,0.57,-0.00007,0
5.70833,0.57,-0.00066,0
5.79167,0.57,-0.00044,0
5.875,0.57,-0.00023,0
5.95833,0.57,-0.00023,0
6.125,0.57,0.00004,0
6.20833,0.57,0.00005,0
6.29167,0.57,0.00004,0
6.375,0.57,-0.00018,0
6.45833,0.57,0.0001,0
6.54167,0.57,-0.00017,0
6.625,0.57,0.00001,0
6.70833,0.57,0.00005,0
6.79167,0.57,0.00005,0
6.875,0.57,-0.00008,0
6.95833,0.57,0.00017,0
7.04167,0.57,0,0
7.125,0.57,-0.00015,0
7.20833,0.57,0.00003,0
7.29167,0.57,0.00009,0
7.375,0.57,-0.00013,0
7.45833,0.57,-0.00006,0
7.54167,0.57,-0.00005,0
7.625,0.57,0.00004,0
7.70833,0.57,-0.00004,0
7.79167,0.57,0.00002,0
7.875,0.57,0.00009,0
7.95833,0.57,0.00013,0
8.04167,0.57,-0.00002,0
8.125,0.57,0.00013,0
8.20833,0.57,0.00007,0
8.29167,0.57,0.00013,0
8.375,0.57,0.00001,0
8.45833,0.57,0.00004,0
8.54167,0.57,0.00015,0
8.625,0.575,0.00026,0
8.70833,0.573,0.0003,0
8.79167,0.571,0.00019,0
8.875,0.569,0.00026,0
8.95833,0.568,0.0006,0
9.04167,0.57,0.0001,0
9.125,0.57,-0.00018,0
9.20833,0.572,-0.00036,0
9.29167,0.572,-0.00017,0
9.375,0.573,0.00017,0
9.45833,0.575,0.00009,0
9.54167,0.576,-0.00022,0
9.625,0.576,-0.00026,0
9.70833,0.576,-0.00018,0
9.79167,0.575,-0.00016,0
9.875,0.575,0.00013,0
9.95833,0.585,0.01373,1
10.04167,0.619,0.03882,1
10.125,0.647,0.0638,2
10.20833,0.675,0.08752,2
10.29167,0.698,0.1106,2
10.375,0.722,0.13902,2
10.45833,0.751,0.16567,2
10.54167,0.789,0.19922,2
10.625,0.819,0.22442,2
10.70833,0.845,0.25424,2
10.79167,0.873,0.28029,2
10.875,0.9,0.30487,2
10.95833,0.912,0.32142,2
11.04167,0.925,0.337,2
11.125,0.943,0.35247,2
11.20833,0.96,0.36859,2
11.29167,0.977,0.38678,2
11.375,0.998,0.40373,2
11.45833,1.017,0.42098,2
11.54167,1.038,0.44218,2
11.625,1.055,0.45366,2
11.70833,1.067,0.46853,2
11.79167,1.089,0.48781,2
11.875,1.113,0.50795,2
11.95833,1.129,0.52942,2
12.04167,1.154,0.55176,2
12.125,1.179,0.57406,2
12.20833,1.206,0.60362,2
12.29167,1.234,0.62715,2
12.375,1.264,0.65445,2
12.45833,1.286,0.67875,2
12.54167,1.313,0.70469,2
12.625,1.343,0.72695,2
12.70833,1.363,0.75067,2
12.79167,1.388,0.77896,2
12.875,1.413,0.80281,2
12.95833,1.441,0.83077,2
13.04167,1.467,0.85578,2
13.125,1.49,0.88047,2
13.20833,1.525,0.90808,2
13.29167,1.549,0.92946,2
13.375,1.571,0.95462,2
13.45833,1.604,0.98003,2
13.54167,1.636,1.01216,2
13.625,1.666,1.04033,2
13.70833,1.7,1.07332,2
13.79167,1.732,1.10428,2
13.875,1.767,1.13651,2
13.95833,1.802,1.17051,2
14.04167,1.838,1.20069,2
14.125,1.861,1.22625,2
14.20833,1.885,1.25064,2
14.29167,1.914,1.27488,2
14.375,1.939,1.30439,2
14.45833,1.968,1.3327,2
14.54167,1.996,1.35849,2
14.625,2.027,1.38644,2
14.70833,2.06,1.4192,2
14.79167,2.087,1.44602,2
14.875,2.118,1.47544,2
14.95833,2.152,1.50357,2
15.04167,2.18,1.53169,2
15.125,2.205,1.55861,2
15.20833,2.226,1.58418,2
15.29167,2.255,1.61012,2
15.375,2.286,1.63849,2
15.45833,2.316,1.66309,2
15.54167,2.345,1.69135,2
15.625,2.373,1.71871,2
15.70833,2.402,1.74988,2
15.79167,2.434,1.77813,2
15.875,2.461,1.8049,2
15.95833,2.489,1.83436,2
16.04167,2.514,1.85687,2
16.125,2.54,1.88838,2
16.20833,2.567,1.91714,2
16.29167,2.599,1.94587,2
16.375,2.632,1.97883,2
16.45833,2.665,2.00657,2
16.54167,2.697,2.03499,2
16.625,2.728,2.05909,2
16.70833,2.761,2.09436,2
16.79167,2.794,2.12427,2
16.875,2.827,2.15383,2
16.95833,2.857,2.18413,2
17.04167,2.891,2.21671,2
17.125,2.922,2.24383,2
17.20833,2.951,2.27239,2
17.29167,2.975,2.29566,2
17.375,3.003,2.32431,2
17.45833,3.035,2.34931,2
17.54167,3.063,2.37514,2
17.625,3.094,2.40038,2
17.70833,3.12,2.43001,2
17.79167,3.148,2.45584,2
17.875,3.17,2.48117,2
17.95833,3.192,2.50858,2
18.04167,3.222,2.53552,2
18.125,3.253,2.56444,2
18.20833,3.289,2.59436,2
18.29167,3.313,2.62141,2
18.375,3.342,2.64843,2
18.45833,3.375,2.67502,2
18.54167,3.405,2.7011,2
18.625,3.433,2.72651,2
18.70833,3.462,2.75866,2
18.79167,3.493,2.78618,2
18.875,3.521,2.81413,2
18.95833,3.548,2.84153,2
19.04167,3.576,2.86887,2
19.125,3.607,2.89788,2
19.20833,3.638,2.92428,2
19.29167,3.67,2.95311,2
19.375,3.692,2.97731,2
19.45833,3.718,3.00429,2
19.54167,3.746,3.03299,2
19.625,3.775,3.05764,2
19.70833,3.803,3.08674,2
19.79167,3.831,3.11021,2
19.875,3.86,3.13804,2
19.95833,3.891,3.16332,2
20.04167,3.921,3.18842,2
20.125,3.949,3.21684,2
20.20833,3.974,3.24136,2
20.29167,4.003,3.26775,2
20.375,4.026,3.28803,2
20.45833,4.054,3.3165,2
20.54167,4.078,3.34018,2
20.625,4.101,3.36073,2
20.70833,4.126,3.38574,2
20.79167,4.152,3.4118,2
20.875,4.177,3.43794,2
20.95833,4.201,3.46019,2
21.04167,4.221,3.48198,2
21.125,4.251,3.5103,2
21.20833,4.278,3.53404,2
21.29167,4.304,3.55807,2
21.375,4.332,3.58279,2
21.45833,4.357,3.60494,2
21.54167,4.39,3.6325,2
21.625,4.414,3.65407,2
21.70833,4.44,3.68012,2
21.79167,4.466,3.70548,2
21.875,4.496,3.73295,2
21.95833,4.523,3.75629,2
22.04167,4.547,3.78404,2
22.125,4.575,3.80955,2
22.20833,4.606,3.83913,2
22.29167,4.629,3.8648,2
22.375,4.658,3.88898,2
22.45833,4.685,3.91647,2
22.54167,4.717,3.94274,2
22.625,4.747,3.97352,2
22.70833,4.779,3.9993,2
22.79167,4.806,4.02711,2
22.875,4.836,4.06002,2
22.95833,4.867,4.08485,2
23.04167,4.902,4.11146,2
23.125,4.934,4.14321,2
23.20833,4.959,4.16999,2
23.29167,4.988,4.19872,2
23.375,5.016,4.23023,2
23.45833,5.045,4.2613,2
23.54167,5.075,4.28985,2
23.625,5.106,4.31834,2
23.70833,5.139,4.34808,2
23.79167,5.177,4.38024,2
23.875,5.217,4.41004,2
23.95833,5.248,4.4398,2
24.04167,5.278,4.47158,2
24.125,5.311,4.50314,2
24.20833,5.343,4.53299,2
24.29167,5.371,4.56523,2
24.375,5.405,4.59536,2
24.45833,5.438,4.62558,2
24.54167,5.467,4.65309,2
24.625,5.501,4.68196,2
24.70833,5.534,4.70992,2
24.79167,5.565,4.73974,2
24.875,5.594,4.77066,2
24.95833,5.627,4.80346,2
25.04167,5.654,4.83094,2
25.125,5.684,4.85922,2
25.20833,5.717,4.89234,2
25.29167,5.748,4.92327,2
25.375,5.78,4.95561,2
25.45833,5.815,4.9853,2
25.54167,5.848,5.01567,2
25.625,5.876,5.04305,2
25.70833,5.906,5.07038,2
25.79167,5.936,5.09808,2
25.875,5.966,5.12557,2
25.95833,6.005,5.15827,2
26.04167,6.039,5.19004,2
26.125,6.072,5.21631,2
26.20833,6.097,5.24679,2
26.29167,6.124,5.27992,2
26.375,6.153,5.30842,2
26.45833,6.183,5.33444,2
26.54167,6.214,5.36432,2
26.625,6.249,5.3969,2
26.70833,6.275,5.42042,2
26.79167,6.308,5.4463,2
26.875,6.336,5.47717,2
26.95833,6.368,5.508,2
27.04167,6.399,5.53956,2
27.125,6.427,5.5706,2
27.20833,6.457,5.59613,2
27.29167,6.486,5.62268,2
27.375,6.511,5.65009,2
27.45833,6.54,5.67664,2
27.54167,6.572,5.70752,2
27.625,6.598,5.73424,2
27.70833,6.625,5.76089,2
27.79167,6.655,5.79207,2
27.875,6.691,5.82256,2
27.95833,6.726,5.85331,2
28.04167,6.756,5.88353,2
28.125,6.784,5.90933,2
28.20833,6.816,5.93828,2
28.29167,6.848,5.96879,2
28.375,6.882,5.99956,2
28.45833,6.917,6.03061,2
28.54167,6.951,6.06193,2
28.625,6.985,6.10012,2
28.70833,7.014,6.12639,2
28.79167,7.046,6.15456,2
28.875,7.074,6.18349,2
28.95833,7.101,6.20834,2
29.04167,7.13,6.23527,2
29.125,7.157,6.26069,2
29.20833,7.187,6.28752,2
29.29167,7.217,6.3152,2
29.375,7.24,6.34246,2
29.45833,7.27,6.37235,2
29.54167,7.294,6.39799,2
29.625,7.328,6.42799,2
29.70833,7.355,6.4525,2
29.79167,7.386,6.48088,2
29.875,7.414,6.50848,2
29.95833,7.446,6.53964,2
30.04167,7.472,6.56516,2
30.125,7.501,6.59077,2
30.20833,7.536,6.62012,2
30.29167,7.561,6.64904,2
30.375,7.594,6.68458,2
30.45833,7.623,6.71142,2
30.54167,7.653,6.74136,2
30.625,7.679,6.76428,2
30.70833,7.71,6.79172,2
30.79167,7.742,6.81943,2
30.875,7.778,6.8492,2
30.95833,7.815,6.88178,2
31.04167,7.854,6.91756,2
31.125,7.885,6.9465,2
31.20833,7.925,6.98136,2
31.29167,7.953,7.00821,2
31.375,7.976,7.03644,2
31.45833,8.007,7.06936,2
31.54167,8.031,7.09446,2
31.625,8.061,7.12594,2
31.70833,8.089,7.15251,2
31.79167,8.119,7.18102,2
31.875,8.153,7.2115,2
31.95833,8.188,7.24548,2
32.04167,8.223,7.27336,2
32.125,8.255,7.30682,2
32.20833,8.285,7.33624,2
32.29167,8.32,7.36861,2
32.375,8.35,7.39709,2
32.45833,8.378,7.42758,2
32.54167,8.418,7.46107,2
32.625,8.448,7.49257,2
32.70833,8.478,7.52302,2
32.79167,8.509,7.54909,2
32.875,8.544,7.58209,2
32.95833,8.573,7.61128,2
33.04167,8.604,7.64255,2
33.125,8.637,7.67295,2
33.20833,8.67,7.71139,2
33.29167,8.709,7.74563,2
33.375,8.737,7.77839,2
33.45833,8.77,7.81069,2
33.54167,8.802,7.83827,2
33.625,8.835,7.86856,2
33.70833,8.875,7.90669,2
33.79167,8.902,7.92969,2
33.875,8.941,7.9687,2
33.95833,8.971,7.99557,2
34.04167,9.004,8.02891,2
34.125,9.035,8.05907,2
34.20833,9.067,8.09204,2
34.29167,9.094,8.12202,2
34.375,9.132,8.15691,2
34.45833,9.171,8.18943,2
34.54167,9.202,8.22397,2
34.625,9.233,8.25294,2
34.70833,9.26,8.2767,2
34.79167,9.291,8.30457,2
34.875,9.324,8.33831,2
34.95833,9.356,8.36649,2
35.04167,9.39,8.39585,2
35.125,9.414,8.42672,2
35.20833,9.445,8.45488,2
35.29167,9.477,8.48597,2
35.375,9.508,8.51433,2
35.45833,9.54,8.5474,2
35.54167,9.574,8.57994,2
35.625,9.611,8.61128,2
35.70833,9.638,8.63763,2
35.79167,9.664,8.6614,2
35.875,9.701,8.69797,2
35.95833,9.73,8.72729,2
36.04167,9.756,8.75199,2
36.125,9.78,8.7779,2
36.20833,9.808,8.80343,2
36.29167,9.845,8.842,2
36.375,9.881,8.87732,2
36.45833,9.908,8.8995,2
36.54167,9.941,8.93277,2
36.625,9.974,8.9641,2
36.70833,10.01,8.9974,2
36.79167,10.052,9.03945,2
36.875,10.076,9.06044,2
36.95833,10.109,9.09484,2
37.04167,10.144,9.12515,2
37.125,10.175,9.15675,2
37.20833,10.204,9.18373,2
37.29167,10.242,9.22176,2
37.375,10.268,9.24537,2
37.45833,10.3,9.27624,2
37.54167,10.323,9.30098,2
37.625,10.345,9.32242,2
37.70833,10.373,9.3485,2
37.79167,10.408,9.37953,2
37.875,10.441,9.41165,2
37.95833,10.473,9.44292,2
38.04167,10.505,9.47321,2
38.125,10.538,9.50533,2
38.20833,10.57,9.53573,2
38.29167,10.598,9.56252,2
38.375,10.63,9.5945,2
38.45833,10.662,9.62461,2
38.54167,10.686,9.64668,2
38.625,10.712,9.67383,2
38.70833,10.734,9.69476,2
38.79167,10.763,9.72285,2
38.875,10.794,9.75459,2
38.95833,10.828,9.7862,2
39.04167,10.869,9.83129,2
39.125,10.908,9.8663,2
39.20833,10.945,9.9025,2
39.29167,10.98,9.93757,2
39.375,11.008,9.96495,2
39.45833,11.038,9.99426,2
39.54167,11.063,10.01684,2
39.625,11.094,10.04951,2
39.70833,11.12,10.0704,2
39.79167,11.154,10.10648,2
39.875,11.192,10.14006,2
39.95833,11.221,10.17029,2
40.04167,11.245,10.19231,2
40.125,11.274,10.21896,2
40.20833,11.307,10.25627,2
40.29167,11.339,10.28832,2
40.375,11.374,10.32022,2
40.45833,11.405,10.35005,2
40.54167,11.436,10.38138,2
40.625,11.472,10.41394,2
40.70833,11.494,10.43415,2
40.79167,11.522,10.46358,2
40.875,11.552,10.49481,2
40.95833,11.589,10.52981,2
41.04167,11.613,10.55651,2
41.125,11.652,10.5915,2
41.20833,11.696,10.63546,2
41.29167,11.719,10.6514,2
41.375,11.749,10.68653,2
41.45833,11.772,10.70861,2
41.54167,11.802,10.73536,2
41.625,11.83,10.7645,2
41.70833,11.857,10.78941,2
41.79167,11.887,10.81993,2
41.875,11.922,10.85204,2
41.95833,11.957,10.89162,2
42.04167,11.995,10.92653,2
42.125,12.032,10.96189,2
42.20833,12.06,10.98923,2
42.29167,12.083,11.01039,2
42.375,12.116,11.04599,2
42.45833,12.162,11.0893,2
42.54167,12.207,11.13618,2
42.625,12.232,11.15745,2
42.70833,12.258,11.18274,2
42.79167,12.284,11.20782,2
42.875,12.309,11.2342,2
42.95833,12.337,11.26098,2
43.04167,12.362,11.28352,2
43.125,12.403,11.32446,2
43.20833,12.429,11.35094,2
43.29167,12.451,11.3725,2
43.375,12.482,11.40385,2
43.45833,12.525,11.44481,2
43.54167,12.567,11.48503,2
43.625,12.59,11.50443,2
43.70833,12.618,11.52994,2
43.79167,12.65,11.56388,2
43.875,12.68,11.59153,2
43.95833,12.703,11.61539,2
44.04167,12.728,11.63999,2
44.125,12.755,11.66824,2
44.20833,12.783,11.69529,2
44.29167,12.808,11.71916,2
44.375,12.85,11.76252,2
44.45833,12.875,11.78462,2
44.54167,12.906,11.81607,2
44.625,12.934,11.83967,2
44.70833,12.974,11.88038,2
44.79167,13.009,11.91392,2
44.875,13.032,11.93546,2
44.95833,13.058,11.95943,2
45.04167,13.091,11.99298,2
45.125,13.115,12.01612,2
45.20833,13.138,12.03693,2
45.29167,13.164,12.06226,2
45.375,13.186,12.08338,2
45.45833,13.209,12.1042,2
45.54167,13.232,12.12803,2
45.625,13.258,12.15003,2
45.70833,13.301,12.1902,2
45.79167,13.325,12.2143,2
45.875,13.353,12.24094,2
45.95833,13.385,12.27226,2
46.04167,13.423,12.30903,2
46.125,13.458,12.34491,2
46.20833,13.49,12.37167,2
46.29167,13.517,12.40067,2
46.375,13.544,12.42386,2
46.45833,13.566,12.44566,2
46.54167,13.589,12.46772,2
46.625,13.612,12.48693,2
46.70833,13.639,12.5164,2
46.79167,13.665,12.54342,2
46.875,13.691,12.56503,2
46.95833,13.715,12.5904,2
47.04167,13.741,12.61695,2
47.125,13.765,12.64175,2
47.20833,13.794,12.66552,2
47.29167,13.82,12.69235,2
47.375,13.859,12.72865,2
47.45833,13.901,12.76966,2
47.54167,13.927,12.79044,2
47.625,13.953,12.8147,2
47.70833,13.981,12.83904,2
47.79167,14.014,12.87474,2
47.875,14.041,12.90331,2
47.95833,14.079,12.93566,2
48.04167,14.113,12.97049,2
48.125,14.154,13.01249,2
48.20833,14.188,13.03907,2
48.29167,14.219,13.06849,2
48.375,14.245,13.09251,2
48.45833,14.278,13.12454,2
48.54167,14.307,13.14914,2
48.625,14.338,13.17982,2
48.70833,14.379,13.21664,2
48.79167,14.406,13.24278,2
48.875,14.442,13.27466,2
48.95833,14.467,13.29735,2
49.04167,14.495,13.32398,2
49.125,14.522,13.34866,2
49.20833,14.552,13.3761,2
49.29167,14.59,13.41642,2
49.375,14.636,13.45614,2
49.45833,14.664,13.48233,2
49.54167,14.694,13.50611,2
49.625,14.728,13.54003,2
49.70833,14.772,13.58045,2
49.79167,14.809,13.61388,2
49.875,14.843,13.64449,2
49.95833,14.879,13.6808,2
50.04167,14.91,13.70396,2
50.125,14.934,13.72676,2
50.20833,14.962,13.7544,2
50.29167,14.992,13.77868,2
50.375,15.021,13.80434,2
50.45833,15.059,13.83973,2
50.54167,15.102,13.87969,2
50.625,15.153,13.92786,2
50.70833,15.182,13.95408,2
50.79167,15.213,13.98263,2
50.875,15.242,14.00927,2
50.95833,15.276,14.04097,2
51.04167,15.313,14.07485,2
51.125,15.348,14.10662,2
51.20833,15.385,14.14357,2
51.29167,15.426,14.17703,2
51.375,15.466,14.21528,2
51.45833,15.495,14.23749,2
51.54167,15.526,14.27188,2
51.625,15.556,14.29522,2
51.70833,15.585,14.32003,2
51.79167,15.616,14.34776,2
51.875,15.651,14.38081,2
51.95833,15.69,14.41924,2
52.04167,15.731,14.45407,2
52.125,15.761,14.48066,2
52.20833,15.793,14.5088,2
52.29167,15.829,14.53973,2
52.375,15.867,14.57516,2
52.45833,15.906,14.60834,2
52.54167,15.933,14.63333,2
52.625,15.961,14.65496,2
52.70833,15.989,14.68259,2
52.79167,16.028,14.7158,2
52.875,16.063,14.75565,2
52.95833,16.113,14.79525,2
53.04167,16.159,14.83203,2
53.125,16.188,14.85938,2
53.20833,16.218,14.88377,2
53.29167,16.247,14.9103,2
53.375,16.279,14.94155,2
53.45833,16.318,14.97399,2
53.54167,16.358,15.00812,2
53.625,16.392,15.03775,2
53.70833,16.42,15.05809,2
53.79167,16.452,15.08689,2
53.875,16.49,15.12003,2
53.95833,16.529,15.15544,2
54.04167,16.564,15.18306,2
54.125,16.605,15.22148,2
54.20833,16.647,15.25421,2
54.29167,16.689,15.29413,2
54.375,16.719,15.31798,2
54.45833,16.749,15.34245,2
54.54167,16.782,15.36647,2
54.625,16.81,15.39168,2
54.70833,16.845,15.4225,2
54.79167,16.881,15.45844,2
54.875,16.923,15.49235,2
54.95833,16.957,15.51972,2
55.04167,16.985,15.54495,2
55.125,17.027,15.57874,2
55.20833,17.069,15.61781,2
55.29167,17.106,15.65311,2
55.375,17.141,15.68517,2
55.45833,17.185,15.72026,2
55.54167,17.214,15.7399,2
55.625,17.241,15.76163,2
55.70833,17.265,15.78052,2
55.79167,17.298,15.81144,2
55.875,17.325,15.83194,2
55.95833,17.35,15.85427,2
56.04167,17.375,15.87549,2
56.125,17.403,15.89975,2
56.20833,17.43,15.92112,2
56.29167,17.457,15.94316,2
56.375,17.485,15.96707,2
56.45833,17.509,15.98867,2
56.54167,17.534,16.01154,2
56.625,17.559,16.02844,2
56.70833,17.583,16.04963,2
56.79167,17.607,16.06724,2
56.875,17.631,16.09222,2
56.95833,17.66,16.11607,2
57.04167,17.688,16.14185,2
57.125,17.721,16.17144,2
57.20833,17.762,16.19931,2
57.29167,17.801,16.23602,2
57.375,17.833,16.26228,2
57.45833,17.862,16.28048,2
57.54167,17.897,16.3145,2
57.625,17.933,16.34489,2
57.70833,17.971,16.3783,2
57.79167,18.0085,16.40739,2
57.875,18.057,16.44466,2
57.95833,18.092,16.47826,2
58.04167,18.125,16.50618,2
58.125,18.151,16.52443,2
58.20833,18.181,16.54665,2
58.29167,18.211,16.57421,2
58.375,18.244,16.60388,2
58.45833,18.282,16.62837,2
58.54167,18.317,16.65828,2
58.625,18.357,16.68767,2
58.70833,18.397,16.72527,2
58.79167,18.437,16.75294,2
58.875,18.471,16.78412,2
58.95833,18.508,16.81615,2
59.04167,18.547,16.84284,2
59.125,18.591,16.87861,2
59.20833,18.626,16.90626,2
59.29167,18.661,16.9403,2
59.375,18.702,16.97173,2
59.45833,18.741,17.00542,2
59.54167,18.78,17.03434,2
59.625,18.823,17.06979,2
59.70833,18.86,17.10115,2
59.79167,18.895,17.12119,2
59.875,18.931,17.15209,2
59.95833,18.966,17.18822,2
60.04167,19.002,17.20999,2
60.125,19.041,17.24426,2
60.20833,19.079,17.27431,2
60.29167,19.117,17.30301,2
60.375,19.148,17.33409,2
60.45833,19.195,17.36606,2
60.54167,19.232,17.39745,2
60.625,19.271,17.42298,2
60.70833,19.308,17.44937,2
60.79167,19.351,17.4827,2
60.875,19.381,17.5082,2
60.95833,19.416,17.53763,2
61.04167,19.457,17.56452,2
61.125,19.487,17.58688,2
61.20833,19.527,17.61941,2
61.29167,19.567,17.64938,2
61.375,19.598,17.67715,2
61.45833,19.63,17.7015,2
61.54167,19.661,17.72594,2
61.625,19.694,17.75366,2
61.70833,19.729,17.77672,2
61.79167,19.756,17.79827,2
61.875,19.791,17.82391,2
61.95833,19.833,17.85611,2
62.04167,19.869,17.88767,2
62.125,19.902,17.91125,2
62.20833,19.939,17.94146,2
62.29167,19.975,17.97182,2
62.375,20.017,18.00647,2
62.45833,20.055,18.03632,2
62.54167,20.091,18.06382,2
62.625,20.126,18.08725,2
62.70833,20.16,18.11583,2
62.79167,20.199,18.14284,2
62.875,20.239,18.17423,2
62.95833,20.281,18.20407,2
63.04167,20.317,18.23063,2
63.125,20.358,18.26594,2
63.20833,20.391,18.2893,2
63.29167,20.435,18.32321,2
63.375,20.47,18.3538,2
63.45833,20.515,18.38543,2
63.54167,20.552,18.41546,2
63.625,20.587,18.44031,2
63.70833,20.624,18.46436,2
63.79167,20.662,18.49389,2
63.875,20.709,18.52538,2
63.95833,20.742,18.55069,2
64.04167,20.783,18.57974,2
64.125,20.825,18.61442,2
64.20833,20.864,18.64748,2
64.29167,20.9,18.67331,2
64.375,20.936,18.70204,2
64.45833,20.975,18.73092,2
64.54167,21.009,18.75899,2
64.625,21.055,18.79004,2
64.70833,21.092,18.82219,2
64.79167,21.142,18.8469,2
64.875,21.179,18.87554,2
64.95833,21.21,18.90624,2
65.04167,21.253,18.9342,2
65.125,21.297,18.97008,2
65.20833,21.334,18.99249,2
65.29167,21.373,19.02087,2
65.375,21.4,19.04939,2
65.45833,21.438,19.07111,2
65.54167,21.475,19.09889,2
65.625,21.516,19.12579,2
65.70833,21.552,19.15885,2
65.79167,21.583,19.17797,2
65.875,21.618,19.20373,2
65.95833,21.653,19.2296,2
66.04167,21.682,19.25201,2
66.125,21.719,19.27964,2
66.20833,21.761,19.3105,2
66.29167,21.791,19.33426,2
66.375,21.832,19.36125,2
66.45833,21.872,19.39045,2
66.54167,21.908,19.41875,2
66.625,21.951,19.44508,2
66.70833,21.988,19.48003,2
66.79167,22.029,19.50557,2
66.875,22.069,19.52909,2
66.95833,22.108,19.56025,2
67.04167,22.147,19.58832,2
67.125,22.19,19.61871,2
67.20833,22.221,19.63505,2
67.29167,22.261,19.66625,2
67.375,22.3,19.6965,2
67.45833,22.333,19.71972,2
67.54167,22.371,19.74414,2
67.625,22.405,19.7709,2
67.70833,22.444,19.80229,2
67.79167,22.489,19.8282,2
67.875,22.518,19.85309,2
67.95833,22.556,19.87924,2
68.04167,22.593,19.90437,2
68.125,22.63,19.9296,2
68.20833,22.675,19.9642,2
68.29167,22.716,19.99204,2
68.375,22.755,20.02117,2
68.45833,22.797,20.05164,2
68.54167,22.834,20.07754,2
68.625,22.877,20.10595,2
68.70833,22.908,20.13211,2
68.79167,22.949,20.1572,2
68.875,22.99,20.1824,2
68.95833,23.029,20.21014,2
69.04167,23.069,20.24409,2
69.125,23.115,20.27214,2
69.20833,23.157,20.30893,2
69.29167,23.197,20.33236,2
69.375,23.23,20.35714,2
69.45833,23.265,20.37828,2
69.54167,23.294,20.40201,2
69.625,23.333,20.42961,2
69.70833,23.366,20.45104,2
69.79167,23.4,20.47762,2
69.875,23.445,20.50943,2
69.95833,23.485,20.53373,2
70.04167,23.528,20.56458,2
70.125,23.561,20.59043,2
70.20833,23.603,20.61379,2
70.29167,23.635,20.64249,2
70.375,23.679,20.67133,2
70.45833,23.719,20.69636,2
70.54167,23.753,20.72417,2
70.625,23.793,20.74545,2
70.70833,23.829,20.77351,2
70.79167,23.865,20.79229,2
70.875,23.898,20.82059,2
70.95833,23.934,20.8409,2
71.04167,23.976,20.86946,2
71.125,24.007,20.89269,2
71.20833,24.041,20.92015,2
71.29167,24.078,20.94221,2
71.375,24.114,20.96507,2
71.45833,24.152,20.98801,2
71.54167,24.182,21.01317,2
71.625,24.217,21.03421,2
71.70833,24.25,21.05958,2
71.79167,24.285,21.07797,2
71.875,24.319,21.10497,2
71.95833,24.354,21.12638,2
72.04167,24.391,21.15075,2
72.125,24.423,21.17524,2
72.20833,24.464,21.19983,2
72.29167,24.503,21.22454,2
72.375,24.542,21.2567,2
72.45833,24.586,21.28609,2
72.54167,24.624,21.30824,2
72.625,24.66,21.33198,2
72.70833,24.699,21.35582,2
72.79167,24.738,21.38277,2
72.875,24.778,21.40986,2
72.95833,24.817,21.43709,2
73.04167,24.855,21.46293,2
73.125,24.894,21.4935,2
73.20833,24.936,21.51655,2
73.29167,24.97,21.54124,2
73.375,25.014,21.56839,2
73.45833,25.041,21.5941,2
73.54167,25.082,21.61603,2
73.625,25.119,21.64514,2
73.70833,25.155,21.66332,2
73.79167,25.188,21.68952,2
73.875,25.228,21.71424,2
73.95833,25.265,21.73668,2
74.04167,25.301,21.76405,2
74.125,25.335,21.78832,2
74.20833,25.369,21.80457,2
74.29167,25.407,21.83231,2
74.375,25.44,21.84869,2
74.45833,25.468,21.87831,2
74.54167,25.501,21.89982,2
74.625,25.536,21.91476,2
74.70833,25.569,21.93975,2
74.79167,25.603,21.96151,2
74.875,25.637,21.98673,2
74.95833,25.669,22.00362,2
75.04167,25.701,22.03075,2
75.125,25.735,22.04948,2
75.20833,25.769,22.07,2
75.29167,25.802,22.09404,2
75.375,25.837,22.11819,2
75.45833,25.872,22.13032,2
75.54167,25.906,22.15639,2
75.625,25.937,22.17734,2
75.70833,25.97,22.19838,2
75.79167,26.002,22.22039,2
75.875,26.033,22.24072,2
75.95833,26.064,22.25847,2
76.04167,26.098,22.28342,2
76.125,26.13,22.3049,2
76.20833,26.161,22.32828,2
76.29167,26.195,22.34634,2
76.375,26.227,22.36809,2
76.45833,26.259,22.38811,2
76.54167,26.291,22.40821,2
76.625,26.322,22.4284,2
76.70833,26.353,22.44682,2
76.79167,26.386,22.46531,2
76.875,26.421,22.49317,2
76.95833,26.449,22.50995,2
77.04167,26.482,22.52961,2
77.125,26.514,22.54935,2
77.20833,26.548,22.57011,2
77.29167,26.582,22.58906,2
77.375,26.621,22.61571,2
77.45833,26.658,22.63962,2
77.54167,26.691,22.66172,2
77.625,26.724,22.68102,2
77.70833,26.758,22.70234,2
77.79167,26.79,22.7218,2
77.875,26.824,22.74721,2
77.95833,26.854,22.76488,2
78.04167,26.888,22.78064,2
78.125,26.922,22.80437,2
78.20833,26.956,22.8322,2
78.29167,26.99,22.85218,2
78.375,27.023,22.87023,2
78.45833,27.057,22.89238,2
78.54167,27.091,22.91665,2
78.625,27.125,22.93291,2
78.70833,27.16,22.95534,2
78.79167,27.194,22.97583,2
78.875,27.227,22.99639,2
78.95833,27.26,23.01705,2
79.04167,27.295,23.03884,2
79.125,27.327,23.0649,2
79.20833,27.36,23.0827,2
79.29167,27.393,23.09845,2
79.375,27.428,23.12378,2
79.45833,27.462,23.14711,2
79.54167,27.496,23.16628,2
79.625,27.529,23.18124,2
79.70833,27.562,23.20915,2
79.79167,27.595,23.22641,2
79.875,27.629,23.2459,2
79.95833,27.661,23.27528,2
80.04167,27.694,23.2873,2
80.125,27.727,23.30703,2
80.20833,27.76,23.32685,2
80.29167,27.792,23.34896,2
80.375,27.825,23.36673,2
80.45833,27.859,23.38456,2
80.54167,27.891,23.40245,2
80.625,27.923,23.42717,2
80.70833,27.956,23.44749,2
80.79167,27.988,23.46789,2
80.875,28.02,23.4861,2
80.95833,28.052,23.50209,2
81.04167,28.083,23.52733,2
81.125,28.115,23.54577,2
81.20833,28.146,23.56196,2
81.29167,28.175,23.58053,2
81.375,28.206,23.60152,2
81.45833,28.237,23.6179,2
81.54167,28.269,23.63434,2
81.625,28.302,23.65556,2
81.70833,28.335,23.67451,2
81.79167,28.365,23.69829,2
81.875,28.398,23.71501,2
81.95833,28.43,23.73179,2
82.04167,28.463,23.75226,2
82.125,28.497,23.77038,2
82.20833,28.531,23.79709,2
82.29167,28.566,23.81416,2
82.375,28.6,23.83376,2
82.45833,28.633,23.85096,2
82.54167,28.665,23.87318,2
82.625,28.7,23.89551,2
82.70833,28.734,23.91544,2
82.79167,28.767,23.93296,2
82.875,28.801,23.96061,2
82.95833,28.834,23.97829,2
83.04167,28.872,23.99604,2
83.125,28.908,24.02407,2
83.20833,28.943,24.03943,2
83.29167,28.979,24.06257,2
83.375,29.015,24.08323,2
83.45833,29.05,24.10659,2
83.54167,29.085,24.12483,2
83.625,29.121,24.14578,2
83.70833,29.155,24.16945,2
83.79167,29.19,24.18265,2
83.875,29.225,24.20652,2
83.95833,29.261,24.22784,2
84.04167,29.296,24.24925,2
84.125,29.331,24.26538,2
84.20833,29.367,24.28967,2
84.29167,29.402,24.30594,2
84.375,29.437,24.32773,2
84.45833,29.472,24.34687,2
84.54167,29.506,24.36885,2
84.625,29.538,24.38817,2
84.70833,29.572,24.41035,2
84.79167,29.607,24.43264,2
84.875,29.64,24.44942,2
84.95833,29.674,24.4719,2
85.04167,29.707,24.48318,2
85.125,29.741,24.50299,2
85.20833,29.775,24.52289,2
85.29167,29.811,24.5486,2
85.375,29.842,24.56582,2
85.45833,29.874,24.58311,2
85.54167,29.906,24.60046,2
85.625,29.935,24.62079,2
85.70833,29.966,24.64121,2
85.79167,29.999,24.65292,2
85.875,30.032,24.67644,2
85.95833,30.064,24.6912,2
86.04167,30.096,24.71343,2
86.125,30.128,24.73278,2
86.20833,30.161,24.74773,2
86.29167,30.195,24.76873,2
86.375,30.228,24.78984,2
86.45833,30.261,24.80801,2
86.54167,30.295,24.8293,2
86.625,30.327,24.84151,2
86.70833,30.358,24.86297,2
86.79167,30.39,24.87527,2
86.875,30.423,24.90309,2
86.95833,30.457,24.9155,2
87.04167,30.491,24.94044,2
87.125,30.528,24.95924,2
87.20833,30.562,24.97811,2
87.29167,30.597,24.99707,2
87.375,30.63,25.01611,2
87.45833,30.665,25.03204,2
87.54167,30.699,25.05764,2
87.625,30.735,25.0705,2
87.70833,30.773,25.08985,2
87.79167,30.808,25.11255,2
87.875,30.842,25.12883,2
87.95833,30.879,25.15172,2
88.04167,30.915,25.17803,2
88.125,30.953,25.19125,2
88.20833,30.98,25.2045,2
88.29167,31.025,25.22446,2
88.375,31.063,25.24786,2
88.45833,31.102,25.27476,2
88.54167,31.135,25.29843,2
88.625,31.172,25.31882,2
88.70833,31.207,25.33247,2
88.79167,31.243,25.3599,2
88.875,31.279,25.37368,2
88.95833,31.315,25.39096,2
89.04167,31.349,25.40484,2
89.125,31.385,25.42574,2
89.20833,31.419,25.44674,2
89.29167,31.454,25.47137,2
89.375,31.49,25.48906,2
89.45833,31.526,25.50681,2
89.54167,31.562,25.52821,2
89.625,31.598,25.54253,2
89.70833,31.634,25.56411,2
89.79167,31.668,25.58218,2
89.875,31.703,25.60396,2
89.95833,31.74,25.61854,2
90.04167,31.776,25.64051,2
90.125,31.811,25.6589,2
90.20833,31.85,25.67367,2
90.29167,31.889,25.70336,2
90.375,31.92,25.71829,2
90.45833,31.955,25.73702,2
90.54167,31.988,25.75206,2
90.625,32.023,25.76338,2
90.70833,32.056,25.78611,2
90.79167,32.088,25.80705,2
90.875,32.122,25.82426,2
90.95833,32.158,25.83577,2
91.04167,32.192,25.85503,2
91.125,32.226,25.87437,2
91.20833,32.262,25.89381,2
91.29167,32.294,25.91725,2
91.375,32.327,25.93295,2
91.45833,32.362,25.9487,2
91.54167,32.397,25.96452,2
91.625,32.43,25.9804,2
91.70833,32.464,26.00833,2
91.79167,32.499,26.02036,2
91.875,32.534,26.04451,2
91.95833,32.569,26.05665,2
92.04167,32.604,26.07694,2
92.125,32.638,26.09734,2
92.20833,32.672,26.10963,2
92.29167,32.707,26.12195,2
92.375,32.741,26.14671,2
92.45833,32.774,26.15499,2
92.54167,32.808,26.17995,2
92.625,32.843,26.19248,2
92.70833,32.877,26.22187,2
92.79167,32.911,26.23031,2
92.875,32.944,26.25148,2
92.95833,32.979,26.26423,2
93.04167,33.013,26.28557,2
93.125,33.047,26.29628,2
93.20833,33.08,26.31994,2
93.29167,33.114,26.33724,2
93.375,33.149,26.34592,2
93.45833,33.183,26.37206,2
93.54167,33.215,26.38957,2
93.625,33.25,26.40276,2
93.70833,33.285,26.42926,2
93.79167,33.319,26.45148,2
93.875,33.352,26.4604,2
93.95833,33.388,26.47382,2
94.04167,33.418,26.49628,2
94.125,33.452,26.51434,2
94.20833,33.487,26.53248,2
94.29167,33.523,26.54614,2
94.375,33.556,26.55527,2
94.45833,33.589,26.592,2
94.54167,33.624,26.60123,2
94.625,33.658,26.61512,2
94.70833,33.691,26.62906,2
94.79167,33.724,26.64772,2
94.875,33.758,26.67117,2
94.95833,33.789,26.68531,2
95.04167,33.823,26.69949,2
95.125,33.857,26.71373,2
95.20833,33.89,26.73278,2
95.29167,33.925,26.74713,2
95.375,33.958,26.76635,2
95.45833,33.993,26.78566,2
95.54167,34.028,26.80506,2
95.625,34.061,26.8148,2
95.70833,34.095,26.83435,2
95.79167,34.13,26.85399,2
95.875,34.161,26.87372,2
95.95833,34.197,26.89356,2
96.04167,34.23,26.89853,2
96.125,34.263,26.91849,2
96.20833,34.299,26.93353,2
96.29167,34.332,26.95367,2
96.375,34.366,26.95872,2
96.45833,34.4,26.98661,2
96.54167,34.435,27.00446,2
96.625,34.47,27.01983,2
96.70833,34.504,27.03525,2
96.79167,34.541,27.05592,2
96.875,34.578,27.07669,2
96.95833,34.612,27.08711,2
97.04167,34.646,27.09757,2
97.125,34.682,27.1291,2
97.20833,34.717,27.13967,2
97.29167,34.754,27.16089,2
97.375,34.789,27.16621,2
97.45833,34.826,27.18757,2
97.54167,34.855,27.20905,2
97.625,34.896,27.23065,2
97.70833,34.931,27.23607,2
97.79167,34.968,27.25782,2
97.875,35.005,27.27421,2
97.95833,35.039,27.29618,2
98.04167,35.076,27.31826,2
98.125,35.114,27.33492,2
98.20833,35.15,27.34606,2
98.29167,35.186,27.35723,2
98.375,35.223,27.3853,2
98.45833,35.261,27.39094,2
98.54167,35.294,27.41925,2
98.625,35.332,27.43634,2
98.70833,35.368,27.44778,2
98.79167,35.403,27.465,2
98.875,35.439,27.48229,2
98.95833,35.475,27.49967,2
99.04167,35.513,27.52295,2
99.125,35.548,27.54051,2
99.20833,35.584,27.55226,2
99.29167,35.622,27.57587,2
99.375,35.657,27.59368,2
99.45833,35.693,27.60559,2
99.54167,35.731,27.62354,2
99.625,35.765,27.64156,2
99.70833,35.798,27.64759,2
99.79167,35.836,27.66573,2
99.875,35.871,27.69006,2
99.95833,35.904,27.71454,2
100.04167,35.943,27.73918,2
100.125,35.979,27.73918,2
100.20833,36.012,27.75777,2
100.29167,36.048,27.77021,2
100.375,36.082,27.78895,2
100.45833,36.115,27.81409,2
100.54167,36.149,27.82671,2
100.625,36.184,27.84257,2
100.70833,36.218,27.84574,2
100.79167,36.25,27.88087,2
100.875,36.285,27.89051,2
100.95833,36.32,27.9034,2
101.04167,36.352,27.92931,2
101.125,36.384,27.92931,2
101.20833,36.418,27.96195,2
101.29167,36.451,27.9554,2
101.375,36.484,27.97509,2
101.45833,36.517,27.99489,2
101.54167,36.551,28.02144,2
101.625,36.583,28.02144,2
101.70833,36.616,28.0348,2
101.79167,36.649,28.06164,2
101.875,36.683,28.07514,2
101.95833,36.716,28.08868,2
102.04167,36.75,28.10909,2
102.125,36.783,28.12276,2
102.20833,36.817,28.13648,2
102.29167,36.848,28.14336,2
102.375,36.884,28.17101,2
102.45833,36.916,28.17795,2
102.54167,36.95,28.19188,2
102.625,36.984,28.21288,2
102.70833,37.014,28.2199,2
102.79167,37.05,28.24105,2
102.875,37.082,28.24813,2
102.95833,37.115,28.26945,2
103.04167,37.15,28.28373,2
103.125,37.182,28.29807,2
103.20833,37.216,28.31246,2
103.29167,37.249,28.31968,2
103.375,37.283,28.33054,2
103.45833,37.317,28.36329,2
103.54167,37.349,28.37794,2
103.625,37.383,28.37794,2
103.70833,37.418,28.40003,2
103.79167,37.452,28.41484,2
103.875,37.489,28.43715,2
103.95833,37.523,28.45211,2
104.04167,37.558,28.46712,2
104.125,37.592,28.48977,2
104.20833,37.629,28.50494,2
104.29167,37.663,28.50494,2
104.375,37.699,28.52783,2
104.45833,37.737,28.54317,2
104.54167,37.771,28.55857,2
104.625,37.809,28.56243,2
104.70833,37.846,28.58179,2
104.79167,37.881,28.613,2
104.875,37.918,28.60517,2
104.95833,37.954,28.64054,2
105.04167,37.99,28.66033,2
105.125,38.029,28.66828,2
105.20833,38.064,28.67624,2
105.29167,38.101,28.69223,2
105.375,38.138,28.70829,2
105.45833,38.173,28.73251,2
105.54167,38.21,28.74063,2
105.625,38.244,28.74876,2
105.70833,38.279,28.76507,2
105.79167,38.316,28.77326,2
105.875,38.352,28.79793,2
105.95833,38.388,28.8062,2
106.04167,38.422,28.83944,2
106.125,38.458,28.85619,2
106.20833,38.476,28.84781,2
106.29167,38.303,28.76507,2
106.375,37.935,28.66828,4
106.45833,37.511,28.43715,4
106.54167,37.055,28.22694,4
106.625,36.596,28.04149,4
106.70833,36.1,27.78589,4
106.79167,35.706,27.59368,4
106.875,35.265,27.35723,4
106.95833,34.845,27.16089,4
107.04167,34.443,26.94862,4
107.125,34.049,26.76885,4
107.20833,33.667,26.58278,4
107.29167,33.292,26.36333,4
107.375,32.936,26.20086,4
107.45833,32.583,25.99634,4
107.54167,32.242,25.82809,4
107.625,31.903,25.66258,4
107.70833,31.579,25.47137,4
107.79167,31.259,25.30862,4
107.875,30.963,25.13535,4
107.95833,30.682,24.99707,4
108.04167,30.393,24.8354,4
108.125,30.1,24.62953,4
108.20833,29.827,24.49733,4
108.29167,29.56,24.34961,4
108.375,29.29,24.19855,4
108.45833,29.03,24.0497,4
108.54167,28.771,23.88805,4
108.625,28.516,23.74382,4
108.70833,28.263,23.58053,4
108.79167,28.016,23.42717,4
108.875,27.774,23.27418,4
108.95833,27.535,23.12801,4
109.04167,27.299,23.00878,4
109.125,27.067,22.85819,4
109.20833,26.842,22.70623,4
109.29167,26.619,22.58336,4
109.375,26.406,22.43392,4
109.45833,26.202,22.29952,4
109.54167,26.004,22.15639,4
109.625,25.804,22.04266,4
109.70833,25.601,21.91143,4
109.79167,25.401,21.7786,4
109.875,25.209,21.65541,4
109.95833,25.023,21.53506,4
110.04167,24.849,21.42498,4
110.125,24.675,21.30528,4
110.20833,24.5,21.19259,4
110.29167,24.324,21.06664,4
110.375,24.154,20.96993,4
110.45833,23.991,20.8504,4
110.54167,23.817,20.73214,4
110.625,23.666,20.63987,4
110.70833,23.515,20.53117,4
110.79167,23.362,20.42835,4
110.875,23.205,20.29664,4
110.95833,23.045,20.19083,4
111.04167,22.894,20.10239,4
111.125,22.738,20.00134,4
111.20833,22.583,19.87582,4
111.29167,22.433,19.7709,4
111.375,22.288,19.67668,4
111.45833,22.152,19.56887,4
111.54167,22.013,19.47048,4
111.625,21.875,19.37062,4
111.70833,21.734,19.27656,4
111.79167,21.595,19.17394,4
111.875,21.46,19.07013,4
111.95833,21.326,18.96424,4
112.04167,21.19,18.86407,4
112.125,21.058,18.77308,4
112.20833,20.929,18.68627,4
112.29167,20.8,18.58338,4
112.375,20.673,18.48493,4
112.45833,20.551,18.39513,4
112.54167,20.426,18.3084,4
112.625,20.3,18.20493,4
112.70833,20.178,18.11077,4
112.79167,20.056,18.02802,4
112.875,19.935,17.92429,4
112.95833,19.815,17.84241,4
113.04167,19.699,17.74891,4
113.125,19.583,17.6611,4
113.20833,19.472,17.57376,4
113.29167,19.359,17.48574,4
113.375,19.25,17.4042,4
113.45833,19.139,17.30449,4
113.54167,19.029,17.22528,4
113.625,18.93,17.14777,4
113.70833,18.826,17.06766,4
113.79167,18.722,16.98224,4
113.875,18.615,16.89519,4
113.95833,18.505,16.80864,4
114.04167,18.395,16.71719,4
114.125,18.292,16.63533,4
114.20833,18.191,16.55451,4
114.29167,18.086,16.47567,4
114.375,17.985,16.38564,4
114.45833,17.894,16.31387,4
114.54167,17.799,16.23228,4
114.625,17.711,16.15293,4
114.70833,17.61,16.07393,4
114.79167,17.512,15.99167,4
114.875,17.412,15.9134,4
114.95833,17.315,15.82784,4
115.04167,17.216,15.74337,4
115.125,17.118,15.66626,4
115.20833,17.018,15.57422,4
115.29167,16.918,15.48872,4
115.375,16.817,15.40432,4
115.45833,16.722,15.31852,4
115.54167,16.633,15.23809,4
115.625,16.539,15.16392,4
115.70833,16.448,15.08899,4
115.79167,16.354,15.0045,4
115.875,16.262,14.92258,4
115.95833,16.173,14.84443,4
116.04167,16.084,14.76316,4
116.125,15.998,14.69149,4
116.20833,15.914,14.61372,4
116.29167,15.841,14.54844,4
116.375,15.736,14.45885,4
116.45833,15.649,14.38412,4
116.54167,15.561,14.29474,4
116.625,15.475,14.22638,4
116.70833,15.391,14.1486,4
116.79167,15.311,14.07168,4
116.875,15.228,14.00321,4
116.95833,15.147,13.92299,4
117.04167,15.067,13.85683,4
117.125,14.986,13.78693,4
117.20833,14.906,13.7117,4
117.29167,14.827,13.63512,4
117.375,14.747,13.56442,4
117.45833,14.668,13.49317,4
117.54167,14.591,13.4189,4
117.625,14.515,13.35234,4
117.70833,14.435,13.27021,4
117.79167,14.358,13.20301,4
117.875,14.28,13.13127,4
117.95833,14.204,13.06496,4
118.04167,14.13,12.99574,4
118.125,14.058,12.92216,4
118.20833,13.984,12.85372,4
118.29167,13.907,12.77797,4
118.375,13.831,12.71666,4
118.45833,13.759,12.64287,4
118.54167,13.686,12.57495,4
118.625,13.614,12.5102,4
118.70833,13.542,12.43484,4
118.79167,13.468,12.37203,4
118.875,13.4,12.30336,4
118.95833,13.33,12.23919,4
119.04167,13.26,12.16861,4
119.125,13.192,12.10317,4
119.20833,13.125,12.03745,4
119.29167,13.056,11.97195,4
119.375,12.987,11.90015,4
119.45833,12.918,11.83967,4
119.54167,12.851,11.76812,4
119.625,12.783,11.70705,4
119.70833,12.715,11.6348,4
119.79167,12.648,11.57287,4
119.875,12.581,11.51271,4
119.95833,12.513,11.44891,4
120.04167,12.446,11.37844,4
120.125,12.382,11.31716,4
120.20833,12.319,11.25543,4
120.29167,12.253,11.18946,4
120.375,12.189,11.12587,4
120.45833,12.129,11.06311,4
120.54167,12.064,11.00114,4
120.625,12.004,10.94441,4
120.70833,11.941,10.87899,4
120.79167,11.879,10.81993,4
120.875,11.818,10.76248,4
120.95833,11.757,10.70172,4
121.04167,11.695,10.64285,4
121.125,11.634,10.58358,4
121.20833,11.574,10.5256,4
121.29167,11.515,10.4647,4
121.375,11.453,10.41062,4
121.45833,11.394,10.34512,4
121.54167,11.334,10.2875,4
121.625,11.275,10.23003,4
121.70833,11.216,10.17136,4
121.79167,11.16,10.12085,4
121.875,11.103,10.0614,4
121.95833,11.046,10.00502,4
122.04167,10.988,9.95294,4
122.125,10.931,9.89525,4
122.20833,10.873,9.83745,4
122.29167,10.815,9.78033,4
122.375,10.758,9.72513,4
122.45833,10.7,9.67081,4
122.54167,10.643,9.61635,4
122.625,10.588,9.56165,4
122.70833,10.532,9.50644,4
122.79167,10.474,9.45223,4
122.875,10.419,9.39996,4
122.95833,10.362,9.34246,4
123.04167,10.304,9.28824,4
123.125,10.248,9.23105,4
123.20833,10.193,9.17828,4
123.29167,10.134,9.1195,4
123.375,10.075,9.06698,4
123.45833,10.017,9.00783,4
123.54167,9.959,8.95303,4
123.625,9.902,8.89927,4
123.70833,9.844,8.84086,4
123.79167,9.788,8.78647,4
123.875,9.731,8.73335,4
123.95833,9.675,8.67922,4
124.04167,9.62,8.62787,4
124.125,9.563,8.57069,4
124.20833,9.506,8.51499,4
124.29167,9.451,8.46074,4
124.375,9.4,8.40793,4
124.45833,9.343,8.35759,4
124.54167,9.288,8.30414,4
124.625,9.231,8.24553,4
124.70833,9.177,8.19784,4
124.79167,9.123,8.14415,4
124.875,9.072,8.09537,4
124.95833,9.011,8.03923,4
125.04167,8.955,7.99146,4
125.125,8.903,7.93478,4
125.20833,8.851,7.88943,4
125.29167,8.804,7.83947,4
125.375,8.755,7.79462,4
125.45833,8.7,7.73327,4
125.54167,8.65,7.6864,4
125.625,8.594,7.63605,4
125.70833,8.548,7.58991,4
125.79167,8.497,7.54383,4
125.875,8.447,7.49702,4
125.95833,8.396,7.45086,4
126.04167,8.343,7.39843,4
126.125,8.291,7.34765,4
126.20833,8.24,7.30048,4
126.29167,8.193,7.25414,4
126.375,8.146,7.20701,4
126.45833,8.1,7.16256,4
126.54167,8.053,7.11519,4
126.625,8.007,7.07397,4
126.70833,7.961,7.02846,4
126.79167,7.916,6.98555,4
126.875,7.875,6.94477,4
126.95833,7.823,6.89839,4
127.04167,7.776,6.85603,4
127.125,7.726,6.80387,4
127.20833,7.677,6.75841,4
127.29167,7.631,6.71478,4
127.375,7.581,6.67031,4
127.45833,7.535,6.62608,4
127.54167,7.489,6.58031,4
127.625,7.44,6.53288,4
127.70833,7.394,6.49105,4
127.79167,7.346,6.44495,4
127.875,7.298,6.39842,4
127.95833,7.251,6.35569,4
128.04167,7.204,6.31165,4
128.125,7.161,6.2722,4
128.20833,7.114,6.2264,4
128.29167,7.072,6.18266,4
128.375,7.027,6.14312,4
128.45833,6.981,6.09715,4
128.54167,6.935,6.0547,4
128.625,6.892,6.01393,4
128.70833,6.847,5.96976,4
128.79167,6.802,5.92695,4
128.875,6.757,5.88498,4
128.95833,6.716,5.84625,4
129.04167,6.678,5.80706,4
129.125,6.634,5.76867,4
129.20833,6.594,5.72728,4
129.29167,6.547,5.68183,4
129.375,6.505,5.64303,4
129.45833,6.463,5.5991,4
129.54167,6.419,5.55755,4
129.625,6.375,5.51681,4
129.70833,6.334,5.47764,4
129.79167,6.296,5.44093,4
129.875,6.249,5.39675,4
129.95833,6.203,5.35475,4
130.04167,6.159,5.31189,4
130.125,6.116,5.26909,4
130.20833,6.075,5.23202,4
130.29167,6.033,5.19004,4
130.375,5.989,5.14735,4
130.45833,5.947,5.10827,4
130.54167,5.903,5.06817,4
130.625,5.86,5.02825,4
130.70833,5.815,4.98632,4
130.79167,5.774,4.94501,4
130.875,5.731,4.90115,4
130.95833,5.689,4.86367,4
131.04167,5.647,4.8265,4
131.125,5.605,4.78505,4
131.20833,5.563,4.74506,4
131.29167,5.521,4.70483,4
131.375,5.479,4.66392,4
131.45833,5.435,4.62068,4
131.54167,5.39,4.57959,4
131.625,5.348,4.53743,4
131.70833,5.304,4.50002,4
131.79167,5.258,4.45478,4
131.875,5.213,4.41113,4
131.95833,5.168,4.37109,4
132.04167,5.123,4.32662,4
132.125,5.077,4.28458,4
132.20833,5.032,4.24307,4
132.29167,4.987,4.2004,4
132.375,4.942,4.15413,4
132.45833,4.894,4.11425,4
132.54167,4.848,4.06649,4
132.625,4.799,4.02225,4
132.70833,4.752,3.97601,4
132.79167,4.703,3.93103,4
132.875,4.657,3.8917,4
132.95833,4.609,3.84402,4
133.04167,4.564,3.80134,4
133.125,4.518,3.75661,4
133.20833,4.473,3.71501,4
133.29167,4.428,3.66974,4
133.375,4.381,3.62519,4
133.45833,4.336,3.58186,4
133.54167,4.293,3.53908,4
133.625,4.249,3.49452,4
133.70833,4.201,3.45227,4
133.79167,4.16,3.41525,4
133.875,4.116,3.37163,4
133.95833,4.07,3.32693,4
134.04167,4.028,3.28827,4
134.125,3.987,3.2491,4
134.20833,3.944,3.20491,4
134.29167,3.899,3.1656,4
134.375,3.855,3.12394,4
134.45833,3.813,3.08603,4
134.54167,3.771,3.0446,4
134.625,3.733,3.0077,4
134.70833,3.695,2.97496,4
134.79167,3.651,2.93318,4
134.875,3.621,2.90418,4
134.95833,3.584,2.86643,4
135.04167,3.544,2.83022,4
135.125,3.504,2.78953,4
135.20833,3.463,2.75233,4
135.29167,3.422,2.7138,4
135.375,3.381,2.67564,4
135.45833,3.345,2.64116,4
135.54167,3.305,2.60329,4
135.625,3.268,2.56782,4
135.70833,3.227,2.52664,4
135.79167,3.186,2.49157,4
135.875,3.143,2.45383,4
135.95833,3.105,2.41535,4
136.04167,3.065,2.37558,4
136.125,3.027,2.33835,4
136.20833,2.991,2.30147,4
136.29167,2.954,2.2684,4
136.375,2.915,2.23184,4
136.45833,2.878,2.19542,4
136.54167,2.836,2.15545,4
136.625,2.795,2.1164,4
136.70833,2.753,2.07998,4
136.79167,2.715,2.04294,4
136.875,2.678,2.00732,4
136.95833,2.639,1.96599,4
137.04167,2.6,1.92727,4
137.125,2.558,1.89164,4
137.20833,2.518,1.85037,4
137.29167,2.481,1.81711,4
137.375,2.441,1.78011,4
137.45833,2.402,1.73951,4
137.54167,2.362,1.70455,4
137.625,2.325,1.66921,4
137.70833,2.285,1.63162,4
137.79167,2.245,1.59582,4
137.875,2.209,1.5636,4
137.95833,2.174,1.52834,4
138.04167,2.14,1.49311,4
138.125,2.109,1.46364,4
138.20833,2.08,1.43647,4
138.29167,2.049,1.40566,4
138.375,2.016,1.37236,4
138.45833,1.981,1.34105,4
138.54167,1.943,1.30618,4
138.625,1.908,1.27211,4
138.70833,1.874,1.24289,4
138.79167,1.841,1.20796,4
138.875,1.809,1.17824,4
138.95833,1.777,1.14685,4
139.04167,1.746,1.1143,4
139.125,1.712,1.08263,4
139.20833,1.681,1.05318,4
139.29167,1.652,1.02797,4
139.375,1.621,0.99618,4
139.45833,1.59,0.96344,4
139.54167,1.558,0.93634,4
139.625,1.534,0.91037,4
139.70833,1.507,0.88789,4
139.79167,1.482,0.86385,4
139.875,1.459,0.84384,4
139.95833,1.434,0.81914,4
140.04167,1.41,0.7963,4
140.125,1.381,0.76984,4
140.20833,1.356,0.7457,4
140.29167,1.333,0.72133,4
140.375,1.305,0.6953,4
140.45833,1.277,0.6671,4
140.54167,1.248,0.63902,4
140.625,1.22,0.61584,4
140.70833,1.193,0.59096,4
140.79167,1.167,0.56466,4
140.875,1.145,0.54293,4
140.95833,1.125,0.52382,4
141.04167,1.101,0.50264,4
141.125,1.077,0.47858,4
141.20833,1.053,0.45639,4
141.29167,1.031,0.4358,4
141.375,1.009,0.41489,4
141.45833,0.987,0.39475,4
141.54167,0.966,0.37284,4
141.625,0.946,0.35251,4
141.70833,0.922,0.33177,4
141.79167,0.9,0.31018,4
141.875,0.879,0.28979,4
141.95833,0.86,0.27187,4
142.04167,0.842,0.25504,4
142.125,0.819,0.23468,4
142.20833,0.791,0.20536,4
142.29167,0.759,0.1756,5
142.375,0.73,0.14981,5
142.45833,0.711,0.12886,5
142.625,0.691,0.1158,5
142.70833,0.692,0.1158,5
142.79167,0.692,0.11572,5
142.875,0.692,0.11563,5
142.95833,0.692,0.11572,5
143.04167,0.693,0.11572,5
143.125,0.693,0.11572,5
143.20833,0.693,0.11563,5
143.29167,0.693,0.11554,5
143.375,0.693,0.11572,5
143.45833,0.692,0.11563,5
143.54167,0.692,0.11563,5
143.625,0.692,0.11572,5
143.70833,0.693,0.11563,5
143.79167,0.693,0.1158,5
143.875,0.693,0.11589,5
143.95833,0.694,0.11572,5
144.04167,0.694,0.11607,5
144.125,0.693,0.11607,5
144.20833,0.692,0.11598,5
144.29167,0.692,0.1158,5
144.375,0.692,0.11607,5
144.45833,0.691,0.11594,5
144.54167,0.691,0.11598,5
144.625,0.691,0.11598,5
144.70833,0.691,0.11589,5
144.79167,0.689,0.11598,5
144.875,0.689,0.11598,5
144.95833,0.685,0.11598,5
145.04167,0.684,0.11598,5
145.125,0.688,0.1158,5
145.20833,0.689,0.11589,5
145.29167,0.687,0.11589,5
145.375,0.686,0.1158,5
145.45833,0.687,0.11559,5
145.54167,0.688,0.1158,5
145.625,0.689,0.11598,5
145.70833,0.69,0.11589,5
145.79167,0.69,0.11572,5
145.875,0.691,0.11572,5
145.95833,0.691,0.11572,5
146.04167,0.691,0.11563,5
146.125,0.692,0.11572,5
146.20833,0.692,0.11554,5
146.29167,0.693,0.11563,5
146.375,0.693,0.11563,5
146.45833,0.693,0.11572,5
146.54167,0.692,0.11572,5
146.625,0.692,0.11563,5
146.70833,0.692,0.11572,5
146.79167,0.693,0.1158,5
146.875,0.693,0.11563,5
146.95833,0.693,0.11563,5
147.04167,0.694,0.11554,5
147.125,0.695,0.11572,5
147.20833,0.696,0.1158,5
147.29167,0.697,0.11563,5
147.375,0.693,0.11563,5
147.45833,0.693,0.11563,5
147.54167,0.693,0.11554,5
147.625,0.692,0.11563,5
147.70833,0.692,0.11554,5
147.79167,0.692,0.11563,5
147.875,0.692,0.11572,5
147.95833,0.693,0.1158,5
148.04167,0.693,0.11563,5
148.125,0.693,0.11563,5
148.20833,0.692,0.11554,5
148.29167,0.692,0.11554,5
148.375,0.692,0.11554,5
148.45833,0.692,0.11545,5
148.54167,0.692,0.11545,5
148.625,0.691,0.11563,5
148.70833,0.691,0.11559,5
148.79167,0.691,0.11572,5
148.875,0.692,0.11572,5
148.95833,0.692,0.11568,5
149.04167,0.692,0.11563,5
149.125,0.691,0.11572,5
149.20833,0.691,0.11554,5
149.29167,0.691,0.11563,5
149.375,0.692,0.11563,5
149.45833,0.692,0.11554,5
149.54167,0.692,0.11545,5
149.625,0.692,0.11545,5
149.70833,0.692,0.11545,5
149.79167,0.692,0.11536,5
149.875,0.693,0.11545,5
149.95833,0.693,0.11554,5
150.04167,0.694,0.11554,5
150.125,0.694,0.11554,5
150.20833,0.694,0.11545,5
150.29167,0.694,0.11536,5
150.375,0.694,0.11545,5
150.45833,0.694,0.11554,5
150.54167,0.694,0.11545,5
150.625,0.694,0.11545,5
150.70833,0.694,0.11545,5
150.79167,0.693,0.11554,5
150.875,0.693,0.11563,5
150.95833,0.693,0.11554,5
151.04167,0.693,0.11554,5
151.125,0.692,0.11554,5
151.20833,0.692,0.11554,5
151.29167,0.692,0.11527,5
151.375,0.692,0.11554,5
151.45833,0.692,0.11554,5
151.54167,0.692,0.11536,5
151.625,0.692,0.11545,5
151.70833,0.693,0.11545,5
151.79167,0.693,0.11563,5
151.875,0.693,0.11563,5
151.95833,0.693,0.11545,5
152.04167,0.693,0.11554,5
152.125,0.693,0.11536,5
152.20833,0.693,0.11536,5
152.29167,0.694,0.11545,5
152.375,0.694,0.11527,5
152.45833,0.694,0.11527,5
152.54167,0.695,0.11545,5
152.625,0.695,0.11563,5
152.70833,0.695,0.11545,5
152.79167,0.695,0.11545,5
152.875,0.695,0.11554,5
152.95833,0.695,0.11545,5
153.04167,0.694,0.11559,5
153.125,0.694,0.11554,5
153.20833,0.694,0.11572,5
153.29167,0.693,0.11572,5
153.375,0.693,0.11589,5
153.45833,0.692,0.1158,5
153.54167,0.692,0.11572,5
153.625,0.692,0.11563,5
153.70833,0.692,0.11563,5
153.79167,0.692,0.11563,5
153.875,0.692,0.11563,5
153.95833,0.692,0.11563,5
154.04167,0.692,0.11554,5
154.125,0.692,0.11572,5
154.20833,0.692,0.11554,5
154.29167,0.693,0.11554,5
154.375,0.693,0.11554,5
154.45833,0.693,0.1155,5
154.54167,0.692,0.11563,5
154.625,0.692,0.11563,5
154.70833,0.692,0.11572,5
154.79167,0.692,0.11572,5
154.875,0.692,0.11563,5
154.95833,0.692,0.11589,5
155.04167,0.693,0.11554,5
155.125,0.692,0.11563,5
155.20833,0.692,0.11563,5
155.29167,0.692,0.11563,5
155.375,0.692,0.11572,5
155.45833,0.693,0.11563,5
155.54167,0.693,0.11589,5
155.625,0.693,0.1158,5
155.70833,0.693,0.1158,5
155.79167,0.693,0.1158,5
155.875,0.693,0.11572,5
155.95833,0.693,0.11589,5
156.04167,0.692,0.11589,5
156.125,0.692,0.11554,5
156.20833,0.692,0.11572,5
156.29167,0.692,0.1158,5
156.375,0.692,0.1158,5
156.45833,0.692,0.1158,5
156.54167,0.692,0.11598,5
156.625,0.691,0.11589,5
156.70833,0.693,0.11616,5
156.79167,0.694,0.11624,5
156.875,0.694,0.11624,5
156.95833,0.693,0.11616,5
157.04167,0.693,0.11616,5
157.125,0.693,0.11616,5
157.20833,0.692,0.11633,5
157.29167,0.691,0.11598,5
157.375,0.691,0.11616,5
157.45833,0.691,0.11616,5
157.54167,0.692,0.11633,5
157.625,0.692,0.11633,5
157.70833,0.692,0.11633,5
157.79167,0.691,0.11642,5
157.875,0.691,0.11642,5
157.95833,0.691,0.11642,5
158.04167,0.692,0.1166,5
158.125,0.691,0.11651,5
158.20833,0.691,0.11677,5
158.29167,0.691,0.11651,5
158.375,0.691,0.1166,5
158.45833,0.691,0.11651,5
158.54167,0.691,0.1166,5
158.625,0.691,0.1166,5
158.70833,0.691,0.11651,5
158.79167,0.691,0.1166,5
158.875,0.691,0.11677,5
158.95833,0.691,0.11651,5
159.04167,0.691,0.1166,5
159.125,0.691,0.11677,5
159.20833,0.691,0.11669,5
159.29167,0.69,0.1166,5
159.375,0.69,0.11651,5
159.45833,0.69,0.1166,5
159.54167,0.69,0.1166,5
159.625,0.69,0.11651,5
159.70833,0.69,0.11651,5
159.79167,0.69,0.11677,5
159.875,0.691,0.11677,5
159.95833,0.691,0.11677,5
160.04167,0.691,0.11669,5
160.125,0.691,0.11673,5
160.20833,0.691,0.11686,5
160.29167,0.692,0.11673,5
160.375,0.691,0.11669,5
160.45833,0.691,0.11669,5
160.54167,0.691,0.11677,5
160.625,0.691,0.1166,5
160.70833,0.691,0.11686,5
160.79167,0.691,0.11669,5
160.875,0.691,0.11686,5
160.95833,0.69,0.11677,5
161.04167,0.69,0.11695,5
161.125,0.69,0.11677,5
161.20833,0.69,0.11669,5
161.29167,0.69,0.11677,5
161.375,0.691,0.11748,5
161.45833,0.691,0.11721,5
161.54167,0.691,0.11721,5
161.625,0.691,0.11695,5
161.70833,0.692,0.11677,5
161.79167,0.692,0.11669,5
161.875,0.693,0.11695,5
161.95833,0.692,0.11677,5
162.04167,0.692,0.11686,5
162.125,0.692,0.1166,5
162.20833,0.693,0.11669,5
162.29167,0.692,0.11686,5
162.375,0.693,0.11669,5
162.45833,0.693,0.11677,5
162.54167,0.693,0.11677,5
162.625,0.694,0.11677,5
162.70833,0.694,0.11677,5
162.79167,0.695,0.11686,5
162.875,0.696,0.11686,5
162.95833,0.696,0.11704,5
163.04167,0.695,0.11704,5
163.125,0.695,0.11704,5
163.20833,0.695,0.11695,5
163.29167,0.695,0.11704,5
163.375,0.696,0.11695,5
163.45833,0.696,0.11686,5
163.54167,0.695,0.11695,5
163.625,0.695,0.11686,5
163.70833,0.694,0.11695,5
163.79167,0.695,0.11704,5
163.875,0.695,0.11686,5
163.95833,0.695,0.11686,5
164.04167,0.695,0.11686,5
164.125,0.696,0.11704,5
164.20833,0.695,0.11704,5
164.29167,0.695,0.11695,5
164.375,0.694,0.117,5
164.45833,0.694,0.11704,5
164.54167,0.694,0.11713,5
164.625,0.693,0.11704,5
164.70833,0.694,0.11695,5
164.79167,0.693,0.11695,5
164.875,0.694,0.11677,5
164.95833,0.693,0.11695,5
165.04167,0.692,0.11686,5
165.125,0.692,0.11695,5
165.20833,0.693,0.11691,5
165.29167,0.694,0.11686,5
165.375,0.695,0.11677,5
165.45833,0.695,0.11677,5
165.54167,0.695,0.11686,5
165.625,0.695,0.11695,5
165.70833,0.695,0.11695,5
165.79167,0.695,0.11686,5
165.875,0.695,0.1166,5
165.95833,0.695,0.11677,5
166.04167,0.695,0.11677,5
166.125,0.696,0.11695,5
166.20833,0.695,0.11695,5
166.29167,0.695,0.11682,5
166.375,0.695,0.11695,5
166.45833,0.695,0.11686,5
166.54167,0.695,0.11686,5
166.625,0.695,0.11686,5
166.70833,0.694,0.11677,5
166.79167,0.694,0.11669,5
166.875,0.693,0.11686,5
166.95833,0.693,0.11686,5
167.04167,0.693,0.11704,5
167.125,0.693,0.11669,5
167.20833,0.693,0.11677,5
167.29167,0.693,0.11677,5
167.375,0.692,0.11695,5
167.45833,0.693,0.11677,5
167.54167,0.692,0.11677,5
167.625,0.692,0.11686,5
167.70833,0.692,0.11686,5
167.79167,0.692,0.11686,5
167.875,0.692,0.11686,5
167.95833,0.692,0.11677,5
168.04167,0.693,0.11695,5
168.125,0.693,0.11695,5
168.20833,0.693,0.11704,5
168.29167,0.694,0.11713,5
168.375,0.694,0.1173,5
168.45833,0.695,0.11713,5
168.54167,0.695,0.11704,5
168.625,0.694,0.11704,5
168.70833,0.695,0.11713,5
168.79167,0.695,0.11713,5
168.875,0.694,0.11717,5
168.95833,0.694,0.11721,5
169.04167,0.694,0.1173,5
169.125,0.693,0.11721,5
169.20833,0.694,0.11713,5
169.29167,0.694,0.1173,5
169.375,0.695,0.1173,5
169.45833,0.695,0.11721,5
169.54167,0.695,0.11739,5
169.625,0.694,0.11739,5
169.70833,0.696,0.11739,5
169.79167,0.697,0.11739,5
169.875,0.697,0.11721,5
169.95833,0.696,0.11748,5
170.04167,0.695,0.11739,5
170.125,0.695,0.1173,5
170.20833,0.695,0.11739,5
170.29167,0.695,0.11739,5
170.375,0.696,0.11739,5
170.45833,0.696,0.11739,5
170.54167,0.696,0.11744,5
170.625,0.695,0.1173,5
170.70833,0.695,0.11735,5
170.79167,0.695,0.11739,5
170.875,0.694,0.11739,5
170.95833,0.694,0.11739,5
171.04167,0.694,0.1173,5
171.125,0.694,0.1173,5
171.20833,0.693,0.11739,5
171.29167,0.693,0.1173,5
171.375,0.694,0.1173,5
171.45833,0.694,0.1173,5
171.54167,0.693,0.11721,5
171.625,0.693,0.11757,5
171.70833,0.694,0.11739,5
171.79167,0.694,0.11739,5
171.875,0.694,0.11761,5
171.95833,0.694,0.11753,5
172.04167,0.694,0.11748,5
172.125,0.694,0.11748,5
172.20833,0.694,0.11739,5
172.29167,0.695,0.11757,5
172.375,0.694,0.11739,5
172.45833,0.695,0.11748,5
172.54167,0.694,0.11757,5
172.625,0.694,0.11765,5
172.70833,0.694,0.11757,5
172.79167,0.694,0.11765,5
172.875,0.694,0.11757,5
172.95833,0.695,0.11765,5
173.04167,0.695,0.11765,5
173.125,0.695,0.11748,5
173.20833,0.696,0.11757,5
173.29167,0.696,0.11765,5
173.375,0.696,0.11757,5
173.45833,0.695,0.11748,5
173.54167,0.695,0.11765,5
173.625,0.695,0.11757,5
173.70833,0.694,0.11757,5
173.79167,0.694,0.1177,5
173.875,0.695,0.11765,5
173.95833,0.696,0.11739,5
174.04167,0.696,0.11757,5
174.125,0.696,0.11753,5
174.20833,0.696,0.11765,5
174.29167,0.696,0.11765,5
174.375,0.697,0.11765,5
174.45833,0.697,0.11783,5
174.54167,0.696,0.11757,5
174.625,0.696,0.1177,5
174.70833,0.696,0.11757,5
174.79167,0.696,0.11765,5
174.875,0.695,0.11757,5
174.95833,0.695,0.11774,5
175.04167,0.695,0.11765,5
175.125,0.695,0.11757,5
175.20833,0.695,0.11774,5
175.29167,0.694,0.11806,5
175.375,0.695,0.11792,5
175.45833,0.695,0.1181,5
175.54167,0.695,0.1181,5
175.625,0.695,0.11792,5
175.70833,0.695,0.11783,5
175.79167,0.694,0.11783,5
175.875,0.693,0.11801,5
175.95833,0.693,0.11792,5
176.04167,0.693,0.11797,5
176.125,0.693,0.11783,5
176.20833,0.694,0.11783,5
176.29167,0.694,0.11783,5
176.375,0.694,0.11783,5
176.45833,0.694,0.11774,5
176.54167,0.695,0.11783,5
176.625,0.695,0.11783,5
176.70833,0.696,0.11783,5
176.79167,0.695,0.11774,5
176.875,0.694,0.11774,5
176.95833,0.694,0.11792,5
177.04167,0.694,0.11801,5
177.125,0.695,0.11783,5
177.20833,0.695,0.11783,5
177.29167,0.696,0.11783,5
177.375,0.696,0.11774,5
177.45833,0.697,0.11783,5
177.54167,0.698,0.11792,5
177.625,0.698,0.11792,5
177.70833,0.697,0.11792,5
177.79167,0.696,0.11783,5
177.875,0.695,0.11792,5
177.95833,0.695,0.11774,5
178.04167,0.696,0.11792,5
178.125,0.696,0.11792,5
178.20833,0.697,0.11792,5
178.29167,0.696,0.11774,5
178.375,0.696,0.11783,5
178.45833,0.696,0.11797,5
178.54167,0.696,0.11774,5
178.625,0.696,0.11783,5
178.70833,0.696,0.11801,5
178.79167,0.697,0.11774,5
178.875,0.697,0.11792,5
178.95833,0.696,0.11792,5
179.04167,0.696,0.11792,5
179.125,0.695,0.11783,5
179.20833,0.695,0.11801,5
179.29167,0.695,0.11792,5
179.375,0.695,0.1181,5
179.45833,0.695,0.11801,5
179.54167,0.695,0.11801,5
179.625,0.693,0.11801,5
179.70833,0.692,0.11806,5
179.79167,0.692,0.1181,5
179.875,0.692,0.1181,5
179.95833,0.691,0.11801,5
180.04167,0.691,0.11797,5
180.125,0.69,0.11801,5
180.20833,0.692,0.11818,5
180.29167,0.691,0.11818,5
180.375,0.691,0.11818,5
180.45833,0.691,0.1181,5
180.54167,0.691,0.11827,5
180.625,0.691,0.1181,5
180.70833,0.691,0.11818,5
180.79167,0.691,0.11818,5
180.875,0.691,0.11818,5
180.95833,0.691,0.11827,5
181.04167,0.692,0.11827,5
181.125,0.692,0.11827,5
181.20833,0.692,0.11823,5
181.29167,0.692,0.11818,5
181.375,0.694,0.11818,5
181.45833,0.692,0.11832,5
181.54167,0.693,0.11818,5
181.625,0.693,0.11827,5
181.70833,0.692,0.11832,5
181.79167,0.692,0.11827,5
181.875,0.692,0.11827,5
181.95833,0.693,0.11845,5
182.04167,0.693,0.11818,5
182.125,0.694,0.11827,5
182.20833,0.694,0.11827,5
182.29167,0.694,0.11818,5
182.375,0.695,0.11827,5
182.45833,0.694,0.11827,5
182.54167,0.694,0.11836,5
182.625,0.694,0.11827,5
182.70833,0.695,0.11841,5
182.79167,0.694,0.11836,5
182.875,0.694,0.11836,5
182.95833,0.694,0.11827,5
183.04167,0.694,0.11854,5
