elapsed_min,fix_type,satellites
0.01667,0,0
0.05,0,0
0.08333,0,0
0.11667,0,0
0.15,0,0
0.18333,0,0
0.21667,0,0
0.25,0,0
0.28333,0,0
0.31667,0,0
0.35,0,0
0.38333,0,0
0.41667,0,0
0.45,0,0
0.48333,0,0
0.51667,0,0
0.55,0,0
0.58333,0,0
0.61667,0,0
0.65,0,0
0.68333,0,0
0.71667,0,0
0.75,0,0
0.78333,0,0
0.81667,0,0
0.85,0,0
0.88333,0,0
0.91667,0,0
0.95,0,0
0.98333,0,0
1.01667,0,0
1.05,0,0
1.08333,0,0
1.11667,0,0
1.15,0,0
1.18333,0,0
1.21667,0,0
1.25,0,0
1.28333,0,0
1.31667,0,0
1.35,0,0
1.38333,0,0
1.41667,0,0
1.45,0,0
1.48333,0,0
1.51667,0,0
1.55,0,0
1.58333,0,0
1.61667,0,0
1.65,0,0
1.68333,0,0
1.71667,0,0
1.75,0,0
1.78333,0,0
1.81667,0,0
1.85,0,0
1.88333,0,0
1.91667,0,0
1.95,0,0
1.98333,0,0
2.01667,0,0
2.05,0,0
2.08333,0,0
2.11667,0,0
2.15,0,0
2.18333,0,0
2.21667,0,0
2.25,0,0
2.28333,0,0
2.31667,0,0
2.35,0,0
2.38333,0,0
2.41667,0,0
2.45,0,0
2.48333,0,0
2.51667,0,0
2.55,0,0
2.58333,0,0
2.61667,0,0
2.65,0,0
2.68333,0,0
2.71667,0,0
2.75,0,0
2.78333,0,0
2.81667,0,0
2.85,0,0
2.88333,0,0
2.91667,0,0
2.95,0,0
2.98333,0,0
3.01667,0,0
3.05,0,0
3.08333,0,0
3.11667,0,0
3.15,0,0
3.18333,0,0
3.21667,0,0
3.25,0,0
3.28333,0,0
3.31667,0,0
3.35,0,0
3.38333,0,0
3.41667,0,0
3.45,0,0
3.48333,0,0
3.51667,0,0
3.55,0,0
3.58333,0,0
3.61667,0,0
3.65,0,0
3.68333,0,0
3.71667,0,0
3.75,0,0
3.78333,0,0
3.81667,0,0
3.85,0,0
3.88333,0,0
3.91667,0,0
3.95,0,0
3.98333,0,0
4.01667,0,0
4.05,0,0
4.08333,0,0
4.11667,0,0
4.15,0,0
4.18333,0,0
4.21667,0,0
4.25,0,0
4.28333,0,0
4.31667,0,0
4.35,0,0
4.38333,0,0
4.41667,0,0
4.45,0,0
4.48333,0,0
4.51667,0,0
4.55,0,0
4.58333,0,0
4.61667,0,0
4.65,0,0
4.68333,0,0
4.71667,0,0
4.75,0,0
4.78333,0,0
4.81667,0,0
4.85,0,0
4.88333,0,0
4.91667,0,0
4.95,0,0
4.98333,0,0
5.01667,0,0
5.05,0,0
5.08333,0,0
5.11667,0,0
5.15,0,0
5.18333,0,0
5.21667,0,0
5.25,0,0
5.28333,0,0
5.31667,0,0
5.35,0,0
5.38333,0,0
5.41667,0,0
5.45,0,0
5.48333,0,0
5.51667,0,0
5.55,0,0
5.58333,0,0
5.61667,0,0
5.65,0,0
5.68333,0,0
5.71667,0,0
5.75,0,0
5.78333,0,0
5.81667,0,0
5.85,0,0
5.88333,0,0
5.91667,0,0
5.95,0,0
5.98333,0,0
6.11667,0,0
6.15,0,0
6.18333,0,0
6.21667,0,0
6.25,0,0
6.28333,0,0
6.31667,0,0
6.35,0,0
6.38333,0,0
6.41667,0,0
6.45,0,0
6.48333,0,0
6.51667,0,0
6.55,0,0
6.58333,0,0
6.61667,0,0
6.65,0,0
6.68333,0,0
6.71667,0,0
6.75,0,0
6.78333,0,0
6.81667,0,0
6.85,0,0
6.88333,0,0
6.91667,0,0
6.95,0,0
6.98333,0,0
7.01667,0,0
7.05,0,0
7.08333,0,0
7.11667,0,0
7.15,0,0
7.18333,0,0
7.21667,0,0
7.25,0,0
7.28333,0,0
7.31667,0,0
7.35,0,0
7.38333,0,0
7.41667,0,0
7.45,0,0
7.48333,0,0
7.51667,0,0
7.55,0,0
7.58333,0,0
7.61667,0,0
7.65,0,0
7.68333,0,0
7.71667,0,0
7.75,0,0
7.78333,0,0
7.81667,0,0
7.85,0,0
7.88333,0,0
7.91667,0,0
7.95,0,0
7.98333,0,0
8.01667,0,0
8.05,0,0
8.08333,0,0
8.11667,0,0
8.15,0,0
8.18333,0,0
8.21667,0,0
8.25,0,0
8.28333,0,0
8.31667,0,0
8.35,0,0
8.38333,0,0
8.41667,0,0
8.45,0,0
8.48333,0,0
8.51667,0,0
8.55,0,0
8.58333,3,0
8.61667,3,5
8.65,3,5
8.68333,3,5
8.71667,3,5
8.75,3,5
8.78333,3,5
8.81667,3,5
8.85,3,5
8.88333,3,5
8.91667,3,5
8.95,3,5
8.98333,3,5
9.01667,3,5
9.05,3,5
9.08333,3,5
9.11667,3,5
9.15,3,5
9.18333,3,5
9.21667,3,5
9.25,3,5.5
9.28333,3,6
9.31667,3,6
9.35,3,6
9.38333,3,7
9.41667,3,7
9.45,3,7
9.48333,3,7
9.51667,3,7
9.55,3,7
9.58333,3,7
9.61667,3,7
9.65,3,7
9.68333,3,7
9.71667,3,7
9.75,3,7
9.78333,3,7
9.81667,3,7
9.85,3,7
9.88333,3,7
9.91667,3,7
9.95,3,7
9.98333,3,7
10.01667,3,8
10.05,3,8
10.08333,3,8
10.11667,3,8
10.15,3,8
10.18333,3,8
10.21667,3,8
10.25,3,8
10.28333,3,8
10.31667,3,8
10.35,3,8
10.38333,3,8
10.41667,3,8
10.45,3,8
10.48333,3,8
10.51667,3,8
10.55,3,8
10.58333,3,8
10.61667,3,8
10.65,3,7
10.68333,3,7
10.71667,3,7
10.75,3,7
10.78333,3,7.5
10.81667,3,8
10.85,3,8
10.88333,3,8
10.91667,3,8
10.95,3,8
10.98333,3,8
11.01667,3,7
11.05,3,7
11.08333,3,7
11.11667,3,7
11.15,3,8
11.18333,3,7
11.21667,3,4
11.25,3,5.5
11.28333,3,6.5
11.31667,3,7
11.35,3,7
11.38333,3,7
11.41667,3,7
11.45,3,6
11.48333,3,6
11.51667,3,8
11.55,3,8
11.58333,3,8
11.61667,3,8
11.65,3,7
11.68333,3,7.5
11.71667,3,8
11.75,3,8
11.78333,3,7
11.81667,3,8
11.85,3,8
11.88333,3,8
11.91667,3,8
11.95,3,8
11.98333,3,8
12.01667,3,8
12.05,3,8
12.08333,3,8
12.11667,3,8
12.15,3,8
12.18333,3,8
12.21667,3,8
12.25,3,8
12.28333,3,8
12.31667,3,8
12.35,3,8
12.38333,3,8
12.41667,3,8
12.45,3,8
12.48333,3,7
12.51667,3,7.5
12.55,3,8
12.58333,3,8
12.61667,3,8
12.65,3,8
12.68333,3,8
12.71667,3,7.5
12.75,3,7
12.78333,3,7.5
12.81667,3,8
12.85,3,8
12.88333,3,8
12.91667,3,8
12.95,3,8
12.98333,3,7
13.01667,3,8
13.05,3,8
13.08333,2,5
13.11667,3,5
13.15,3,7.5
13.18333,3,8
13.21667,3,8
13.25,3,8
13.28333,3,8
13.31667,3,8
13.35,3,8
13.38333,3,8
13.41667,3,8
13.45,3,8
13.48333,3,7
13.51667,3,8
13.55,3,8
13.58333,3,8
13.61667,3,8
13.65,3,8
13.68333,3,8
13.71667,3,8
13.75,3,8
13.78333,3,8
13.81667,3,8
13.85,3,8
13.88333,3,8
13.91667,3,8
13.95,3,8
13.98333,3,8
14.01667,3,6
14.05,3,7.5
14.08333,3,8
14.11667,3,8
14.15,3,8
14.18333,3,8
14.21667,3,8
14.25,3,8
14.28333,3,8
14.31667,3,8
14.35,3,8
14.38333,3,8
14.41667,3,8
14.45,3,8
14.48333,3,8
14.51667,3,8
14.55,3,8
14.58333,3,8
14.61667,3,8
14.65,3,8
14.68333,3,8
14.71667,3,8
14.75,3,7
14.78333,3,7
14.81667,3,8
14.85,3,8
14.88333,3,8
14.91667,3,8
14.95,3,8
14.98333,3,8
15.01667,3,8
15.05,3,8
15.08333,3,8
15.11667,3,8
15.15,3,8
15.18333,3,8
15.21667,3,8
15.25,3,7.5
15.28333,3,6
15.31667,3,6
15.35,3,8
15.38333,3,8
15.41667,3,7.5
15.45,3,7
15.48333,3,6.5
15.51667,3,7
15.55,3,5
15.58333,3,7
15.61667,3,8
15.65,3,8
15.68333,3,8
15.71667,3,8
15.75,3,8
15.78333,3,7
15.81667,3,8
15.85,3,8
15.88333,3,8
15.91667,3,7
15.95,3,7
15.98333,3,8
16.01667,3,8
16.05,3,8
16.08333,3,8
16.11667,3,8
16.15,3,8
16.18333,3,7
16.21667,3,7
16.25,3,7
16.28333,3,8
16.31667,3,8
16.35,3,8
16.38333,3,8
16.41667,3,8
16.45,3,8
16.48333,3,8
16.51667,3,8
16.55,3,8
16.58333,3,8
16.61667,3,8
16.65,3,8
16.68333,3,7
16.71667,3,7.5
16.75,3,7
16.78333,3,7
16.81667,3,7
16.85,3,7.5
16.88333,3,8
16.91667,3,8
16.95,3,8
16.98333,3,7.5
17.01667,3,8
17.05,3,8
17.08333,3,8
17.11667,3,8
17.15,3,8
17.18333,3,8
17.21667,3,7
17.25,3,8
17.28333,3,8
17.31667,3,7
17.35,3,7
17.38333,3,8
17.41667,3,8
17.45,3,8
17.48333,3,8
17.51667,3,8
17.55,3,8
17.58333,3,7.5
17.61667,3,7
17.65,3,7.5
17.68333,3,8
17.71667,3,8
17.75,3,8
17.78333,3,8
17.81667,3,8
17.85,3,8
17.88333,3,8
17.91667,3,8
17.95,3,8
17.98333,3,8
18.01667,3,8
18.05,3,8
18.08333,3,8
18.11667,3,8
18.15,3,8
18.18333,3,8
18.21667,3,8
18.25,3,8
18.28333,3,8
18.31667,3,8
18.35,3,8
18.38333,3,8
18.41667,3,8
18.45,3,8
18.48333,3,7.5
18.51667,3,8
18.55,3,8
18.58333,3,8
18.61667,3,8
18.65,3,8
18.68333,3,8
18.71667,3,8
18.75,3,8
18.78333,3,8
18.81667,3,8
18.85,3,8
18.88333,3,8
18.91667,3,8
18.95,3,7.5
18.98333,3,8
19.01667,3,8
19.05,3,7
19.08333,3,8
19.11667,3,8
19.15,3,8
19.18333,3,8
19.21667,3,8
19.25,3,7.5
19.28333,3,8
19.31667,3,8
19.35,3,8
19.38333,3,8
19.41667,3,8
19.45,3,8
19.48333,3,8
19.51667,3,8
19.55,3,8
19.58333,3,8
19.61667,3,8
19.65,3,8
19.68333,3,8
19.71667,3,7.5
19.75,3,8
19.78333,3,8
19.81667,3,8
19.85,3,8
19.88333,3,8
19.91667,3,8
19.95,3,7.5
19.98333,3,8
20.01667,3,8
20.05,3,8
20.08333,3,8
20.11667,3,8
20.15,3,8
20.18333,3,8
20.21667,3,8
20.25,3,8
20.28333,3,8
20.31667,3,8
20.35,3,8
20.38333,3,8
20.41667,3,8
20.45,3,8
20.48333,3,7.5
20.51667,3,7
20.55,3,7
20.58333,3,7
20.61667,3,7
20.65,3,7
20.68333,3,7
20.71667,3,7
20.75,3,7
20.78333,3,8
20.81667,3,8
20.85,3,7
20.88333,3,8
20.91667,3,8
20.95,3,7
20.98333,3,8
21.01667,3,8
21.05,3,8
21.08333,3,8
21.11667,3,8
21.15,3,8
21.18333,3,8
21.21667,3,8
21.25,3,8
21.28333,3,8
21.31667,3,8
21.35,3,8
21.38333,3,7
21.41667,3,7
21.45,3,7
21.48333,3,7
21.51667,3,8
21.55,3,8
21.58333,3,8
21.61667,3,8
21.65,3,7
21.68333,3,7
21.71667,3,7
21.75,3,7
21.78333,3,8
21.81667,3,8
21.85,3,8
21.88333,3,8
21.91667,3,8
21.95,3,8
21.98333,3,8
22.01667,3,8
22.05,3,8
22.08333,3,8
22.11667,3,8
22.15,3,8
22.18333,3,8
22.21667,3,8
22.25,3,8
22.28333,3,7
22.31667,3,7
22.35,3,8
22.38333,3,8
22.41667,3,8
22.45,3,8
22.48333,3,8
22.51667,3,8
22.55,3,8
22.58333,3,8
22.61667,3,8
22.65,3,8
22.68333,3,8
22.71667,3,8
22.75,3,8
22.78333,3,8
22.81667,3,8
22.85,3,8
22.88333,3,8
22.91667,3,8
22.95,3,8
22.98333,3,7
23.01667,3,7
23.05,3,8
23.08333,3,8
23.11667,3,8
23.15,3,8
23.18333,3,8
23.21667,3,8
23.25,3,8
23.28333,3,8
23.31667,3,8
23.35,3,8
23.38333,3,8
23.41667,3,8
23.45,3,8
23.48333,3,7.5
23.51667,3,8
23.55,3,8
23.58333,3,8
23.61667,3,8
23.65,3,8
23.68333,3,8
23.71667,3,8
23.75,3,7
23.78333,3,6.5
23.81667,3,8
23.85,3,8
23.88333,3,8
23.91667,3,8
23.95,3,8
23.98333,3,8
24.01667,3,8
24.05,3,8
24.08333,3,8
24.11667,3,8
24.15,3,8
24.18333,3,8
24.21667,3,8
24.25,3,8
24.28333,3,8
24.31667,3,8
24.35,3,8
24.38333,3,8
24.41667,3,8
24.45,3,8
24.48333,3,8
24.51667,3,8
24.55,3,8
24.58333,3,8
24.61667,3,8
24.65,3,8
24.68333,3,8
24.71667,3,8
24.75,3,8
24.78333,3,8
24.81667,3,8
24.85,3,8
24.88333,3,7
24.91667,3,7
24.95,3,8
24.98333,3,8
25.01667,3,8
25.05,3,8
25.08333,3,8
25.11667,3,7
25.15,3,7
25.18333,3,7
25.21667,3,7
25.25,3,8
25.28333,3,8
25.31667,3,8
25.35,3,8
25.38333,3,8
25.41667,3,8
25.45,3,8
25.48333,3,8
25.51667,3,8
25.55,3,7
25.58333,3,7
25.61667,3,7
25.65,3,7
25.68333,3,8
25.71667,3,8
25.75,3,8
25.78333,3,7.5
25.81667,3,7
25.85,3,7
25.88333,3,7
25.91667,3,8
25.95,3,8
25.98333,3,8
26.01667,3,8
26.05,3,8
26.08333,3,8
26.11667,3,8
26.15,3,7
26.18333,3,8
26.21667,3,8
26.25,3,8
26.28333,3,8
26.31667,3,8
26.35,3,8
26.38333,3,7
26.41667,3,8
26.45,3,8
26.48333,3,7
26.51667,3,8
26.55,3,8
26.58333,3,8
26.61667,3,8
26.65,3,8
26.68333,3,8
26.71667,3,8
26.75,3,8
26.78333,3,8
26.81667,3,8
26.85,3,8
26.88333,3,8
26.91667,3,8
26.95,3,8
26.98333,3,8
27.01667,3,8
27.05,3,8
27.08333,3,7
27.11667,3,7
27.15,3,7
27.18333,3,7
27.21667,3,7
27.25,3,7
27.28333,3,7
27.31667,3,7
27.35,3,7
27.38333,3,7
27.41667,3,7
27.45,3,7
27.48333,3,7
27.51667,3,6
27.55,3,7
27.58333,3,7
27.61667,3,7
27.65,3,7
27.68333,3,7
27.71667,3,7
27.75,3,7
27.78333,3,6.5
27.81667,3,6
27.85,3,6
27.88333,3,7
27.91667,3,7
27.95,3,7
27.98333,3,7
28.01667,3,7
28.05,3,7
28.08333,3,7
28.11667,3,7
28.15,3,7
28.18333,3,7
28.21667,3,7
28.25,3,7
28.28333,3,6
28.31667,3,5.5
28.35,3,6
28.38333,3,6
28.41667,3,6
28.45,3,6
28.48333,3,6
28.51667,3,6
28.55,3,6
28.58333,3,6
28.61667,3,7
28.65,3,7
28.68333,3,7
28.71667,3,6
28.75,3,7
28.78333,3,7
28.81667,3,7
28.85,3,7
28.88333,3,7
28.91667,3,6.5
28.95,3,7
28.98333,3,7
29.01667,3,7
29.05,3,7
29.08333,3,7
29.11667,3,6.5
29.15,3,7
29.18333,3,6
29.21667,3,6
29.25,3,7
29.28333,3,7
29.31667,3,7
29.35,3,7
29.38333,3,7
29.41667,3,7
29.45,3,7
29.48333,3,7
29.51667,3,7
29.55,3,7
29.58333,3,7
29.61667,3,6
29.65,3,6
29.68333,3,6
29.71667,3,7
29.75,3,7
29.78333,3,7
29.81667,3,7
29.85,3,7
29.88333,3,7
29.91667,3,7
29.95,3,7
29.98333,3,7
30.01667,3,5.5
30.05,3,6
30.08333,3,6
30.11667,3,6
30.15,3,7
30.18333,3,7
30.21667,3,7
30.25,3,7
30.28333,3,7
30.31667,3,6
30.35,3,7
30.38333,3,7
30.41667,3,7
30.45,3,6.5
30.48333,3,6
30.51667,3,5
30.55,3,5.5
30.58333,3,6
30.61667,3,6
30.65,3,6
30.68333,3,6
30.71667,3,6
30.75,3,6
30.78333,3,6
30.81667,3,6
30.85,3,6
30.88333,3,7
30.91667,3,7
30.95,3,7
30.98333,3,7
31.01667,3,7
31.05,3,7
31.08333,3,7
31.11667,3,7
31.15,3,7
31.18333,3,7
31.21667,3,7
31.25,3,7
31.28333,3,7
31.31667,3,7
31.35,3,7
31.38333,3,7
31.41667,3,7
31.45,3,7
31.48333,3,7
31.51667,3,7
31.55,3,7
31.58333,3,7
31.61667,3,7
31.65,3,7
31.68333,3,7
31.71667,3,7
31.75,3,7
31.78333,3,7
31.81667,3,7
31.85,3,7
31.88333,3,7
31.91667,3,7
31.95,3,7
31.98333,3,6
32.01667,3,6.5
32.05,3,7
32.08333,3,7
32.11667,3,7
32.15,3,7
32.18333,3,7
32.21667,3,7
32.25,3,6
32.28333,3,7
32.31667,3,6.5
32.35,3,6
32.38333,3,6
32.41667,3,6
32.45,3,7
32.48333,3,7
32.51667,3,6
32.55,3,6
32.58333,3,7
32.61667,3,7
32.65,3,7
32.68333,3,7
32.71667,3,7
32.75,3,7
32.78333,3,7
32.81667,3,6
32.85,3,7
32.88333,3,7
32.91667,3,7
32.95,3,7
32.98333,3,6
33.01667,3,7
33.05,3,7
33.08333,3,7
33.11667,3,7
33.15,3,7
33.18333,3,5
33.21667,3,5
33.25,3,5.5
33.28333,3,7
33.31667,3,7
33.35,3,7
33.38333,3,7
33.41667,3,7
33.45,3,7
33.48333,3,7
33.51667,3,6
33.55,3,7
33.58333,3,7
33.61667,3,5
33.65,3,6
33.68333,3,6
33.71667,3,6
33.75,3,7
33.78333,3,6
33.81667,3,7
33.85,3,7
33.88333,3,7
33.91667,3,7
33.95,3,7
33.98333,3,7
34.01667,3,7
34.05,3,7
34.08333,3,7
34.11667,3,7
34.15,3,7
34.18333,3,7
34.21667,3,7
34.25,3,6
34.28333,3,6
34.31667,3,6
34.35,3,6
34.38333,3,6.5
34.41667,3,7
34.45,3,7
34.48333,3,7
34.51667,3,7
34.55,3,7
34.58333,3,7
34.61667,3,6
34.65,3,6
34.68333,3,6
34.71667,3,7
34.75,3,7
34.78333,3,7
34.81667,3,7
34.85,3,7
34.88333,3,7
34.91667,3,7
34.95,3,7
34.98333,3,7
35.01667,3,7
35.05,3,7
35.08333,3,7
35.11667,3,7
35.15,3,7
35.18333,3,7
35.21667,3,7
35.25,3,7
35.28333,3,7
35.31667,3,7
35.35,3,7
35.38333,3,7
35.41667,3,7
35.45,3,7
35.48333,3,7
35.51667,3,7
35.55,3,7
35.58333,3,7
35.61667,3,7
35.65,3,7
35.68333,3,7
35.71667,3,7
35.75,3,7
35.78333,3,5
35.81667,3,7
35.85,3,7
35.88333,3,7
35.91667,3,7
35.95,3,7
35.98333,3,7
36.01667,3,7
36.05,3,7
36.08333,3,7
36.11667,3,5.5
36.15,3,5
36.18333,3,7
36.21667,3,7
36.25,3,7
36.28333,3,7
36.31667,3,7.5
36.35,3,8
36.38333,3,8
36.41667,3,8
36.45,3,9
36.48333,3,9
36.51667,3,9
36.55,3,10
36.58333,3,10
36.61667,3,10
36.65,3,10
36.68333,3,11
36.71667,3,11
36.75,3,11
36.78333,3,12
36.81667,3,12
36.85,3,12
36.88333,3,12
36.91667,3,11
36.95,3,12
36.98333,3,12
37.01667,3,12
37.05,3,12
37.08333,3,12
37.11667,3,12
37.15,3,12
37.18333,3,12
37.21667,3,12
37.25,3,12
37.28333,3,12
37.31667,3,12
37.35,3,11
37.38333,3,12
37.41667,3,12
37.45,3,12
37.48333,3,12
37.51667,3,12
37.55,3,12
37.58333,3,12
37.61667,3,12
37.65,3,12
37.68333,3,12
37.71667,3,12
37.75,3,12
37.78333,3,12
37.81667,3,13
37.85,3,13
37.88333,3,13
37.91667,3,12.5
37.95,2,6.5
37.98333,3,0
38.01667,3,12
38.05,3,13
38.08333,3,13
38.11667,3,12.5
38.15,3,13
38.18333,3,13
38.21667,3,13
38.25,3,13
38.28333,3,13
38.31667,3,13
38.35,3,13
38.38333,3,13
38.41667,3,12
38.45,3,13
38.48333,3,13
38.51667,3,13
38.55,3,13
38.58333,3,13
38.61667,3,13
38.65,3,13
38.68333,3,13
38.71667,3,13
38.75,3,13
38.78333,3,14
38.81667,3,14
38.85,3,14
38.88333,3,14
38.91667,3,14
38.95,3,14
38.98333,3,14
39.01667,3,14
39.05,3,14
39.08333,3,14
39.11667,3,14
39.15,3,14
39.18333,3,14
39.21667,3,14
39.25,3,13
39.28333,3,14
39.31667,3,14
39.35,3,14
39.38333,3,14
39.41667,3,14
39.45,3,14
39.48333,3,14
39.51667,3,14
39.55,3,14
39.58333,3,14
39.61667,3,15
39.65,3,15
39.68333,3,15
39.71667,3,15
39.75,3,15
39.78333,3,15
39.81667,3,15
39.85,3,15
39.88333,3,14.5
39.91667,3,15
39.95,3,15
39.98333,3,15
40.01667,3,15
40.05,3,15
40.08333,3,15
40.11667,3,15
40.15,3,15
40.18333,3,15
40.21667,3,15
40.25,3,15
40.28333,3,15
40.31667,3,15
40.35,3,15
40.38333,3,15
40.41667,3,15
40.45,3,15
40.48333,3,12
40.51667,3,12
40.55,3,13.5
40.58333,3,14
40.61667,3,15
40.65,3,15
40.68333,3,15
40.71667,3,15
40.75,3,15
40.78333,3,15
40.81667,3,15
40.85,3,15
40.88333,3,15
40.91667,3,15
40.95,3,15
40.98333,3,15
41.01667,3,15
41.05,3,15
41.08333,3,14
41.11667,3,15
41.15,3,15
41.18333,3,15
41.21667,3,15
41.25,3,15
41.28333,3,15
41.31667,3,15
41.35,3,15
41.38333,3,15
41.41667,3,14
41.45,3,15
41.48333,3,15
41.51667,3,15
41.55,3,17
41.58333,3,17
41.61667,3,17
41.65,3,17
41.68333,3,17
41.71667,3,17
41.75,3,17
41.78333,3,16
41.81667,3,17
41.85,3,17
41.88333,3,17
41.91667,3,17
41.95,3,17
41.98333,3,17
42.01667,3,17
42.05,3,18
42.08333,3,18
42.11667,3,18
42.15,3,18
42.18333,3,18
42.21667,3,18
42.25,3,18
42.28333,3,17
42.31667,3,18
42.35,3,18
42.38333,3,18
42.41667,3,18.5
42.45,3,19
42.48333,3,19
42.51667,3,19
42.55,3,19
42.58333,3,19
42.61667,3,19
42.65,3,19
42.68333,3,19
42.71667,3,19
42.75,3,19
42.78333,3,19
42.81667,3,19
42.85,3,19
42.88333,3,19
42.91667,3,19
42.95,3,17.5
42.98333,3,19
43.01667,3,18
43.05,3,19
43.08333,3,19
43.11667,3,18.5
43.15,3,18.5
43.18333,3,19
43.21667,3,18.5
43.25,3,19
43.28333,3,19
43.31667,3,19
43.35,3,19
43.38333,3,18
43.41667,3,19
43.45,3,19
43.48333,3,19
43.51667,3,19
43.55,3,19
43.58333,3,19
43.61667,3,19
43.65,3,16.5
43.68333,3,17
43.71667,3,16
43.75,3,18
43.78333,3,18
43.81667,3,17
43.85,3,19
43.88333,3,19
43.91667,3,19
43.95,3,19
43.98333,3,19
44.01667,3,20
44.05,3,18.5
44.08333,3,19
44.11667,3,21
44.15,3,21
44.18333,3,21
44.21667,3,21
44.25,3,21
44.28333,3,21
44.31667,3,20.5
44.35,3,21
44.38333,3,20.5
44.41667,3,21
44.45,3,20
44.48333,3,21
44.51667,3,21
44.55,3,21
44.58333,3,21
44.61667,3,21
44.65,3,21
44.68333,3,20.5
44.71667,3,21
44.75,3,21
44.78333,3,19.5
44.81667,3,21
44.85,3,21
44.88333,3,21
44.91667,3,21
44.95,3,21
44.98333,3,21
45.01667,3,21
45.05,3,21
45.08333,3,21
45.11667,3,20
45.15,3,21
45.18333,3,21
45.21667,3,21
45.25,3,21
45.28333,3,21
45.31667,3,20.5
45.35,3,21
45.38333,3,20
45.41667,3,16
45.45,3,17
45.48333,3,20.5
45.51667,3,18
45.55,3,21
45.58333,3,20.5
45.61667,3,21
45.65,3,20.5
45.68333,3,20.5
45.71667,3,21
45.75,3,20
45.78333,3,20.5
45.81667,3,21
45.85,3,21
45.88333,3,20.5
45.91667,3,21
45.95,3,20.5
45.98333,3,21
46.01667,3,20
46.05,3,20.5
46.08333,3,21
46.11667,3,20
46.15,3,21
46.18333,3,20
46.21667,3,20
46.25,3,20
46.28333,3,15
46.31667,3,18.5
46.35,3,21
46.38333,3,21
46.41667,3,20
46.45,3,21
46.48333,3,21
46.51667,3,21.5
46.55,3,22
46.58333,3,22.5
46.61667,3,24
46.65,3,24
46.68333,3,24
46.71667,3,22.5
46.75,3,24
46.78333,3,24
46.81667,3,24
46.85,3,23.5
46.88333,3,23
46.91667,3,23
46.95,3,24
46.98333,3,23
47.01667,3,24
47.05,3,24
47.08333,3,24
47.11667,3,23.5
47.15,3,22
47.18333,3,23.5
47.21667,3,23.5
47.25,3,24
47.28333,3,22
47.31667,3,24
47.35,3,24
47.38333,3,24
47.41667,3,23.5
47.45,3,25
47.48333,3,24
47.51667,3,25
47.55,3,25
47.58333,3,25
47.61667,3,25
47.65,3,24.5
47.68333,3,24.5
47.71667,3,24
47.75,3,25
47.78333,3,25
47.81667,3,25
47.85,3,25
47.88333,3,21
47.91667,3,18
47.95,3,19
47.98333,3,20.5
48.01667,3,21
48.05,3,24.5
48.08333,3,23
48.11667,3,25
48.15,3,25
48.18333,3,23
48.21667,3,24
48.25,3,25
48.28333,3,23
48.31667,3,25
48.35,3,23
48.38333,3,24
48.41667,3,23
48.45,3,23
48.48333,3,24
48.51667,3,24
48.55,3,25
48.58333,3,25
48.61667,3,23
48.65,3,25
48.68333,3,24
48.71667,3,25
48.75,3,22
48.78333,3,23
48.81667,3,24
48.85,3,25
48.88333,3,25
48.91667,3,25
48.95,3,24.5
48.98333,3,24
49.01667,3,24
49.05,3,25.5
49.08333,3,26
49.11667,3,25
49.15,3,24
49.18333,3,25
49.21667,3,25
49.25,3,26
49.28333,3,25
49.31667,3,25.5
49.35,3,23
49.38333,3,26
49.41667,3,25.5
49.45,3,25
49.48333,3,25.5
49.51667,3,26
49.55,3,26
49.58333,3,26
49.61667,3,25
49.65,3,25.5
49.68333,3,26
49.71667,3,25
49.75,3,26
49.78333,3,25
49.81667,3,26
49.85,3,26
49.88333,3,26
49.91667,3,25
49.95,3,25.5
49.98333,3,26
50.01667,3,26
50.05,3,25.5
50.08333,3,26
50.11667,3,26
50.15,3,26
50.18333,3,25
50.21667,3,26
50.25,3,26
50.28333,3,26
50.31667,3,26
50.35,3,25
50.38333,3,21
50.41667,3,17
50.45,3,24
50.48333,3,24.5
50.51667,3,17.5
50.55,3,17
50.58333,3,21.5
50.61667,3,25
50.65,3,20
50.68333,3,23
50.71667,3,25
50.75,3,26
50.78333,3,25
50.81667,3,25
50.85,3,26
50.88333,3,23
50.91667,3,26
50.95,3,23.5
50.98333,3,25
51.01667,3,25
51.05,3,25
51.08333,3,24
51.11667,3,24
51.15,3,24.5
51.18333,3,26
51.21667,3,22
51.25,3,25
51.28333,3,26
51.31667,3,22
51.35,3,25.5
51.38333,3,24
51.41667,3,25
51.45,3,26
51.48333,3,25.5
51.51667,3,25
51.55,3,25
51.58333,3,26
51.61667,3,26
51.65,3,26
51.68333,3,25
51.71667,3,26
51.75,3,22
51.78333,3,24.5
51.81667,3,26
51.85,3,25
51.88333,3,25.5
51.91667,3,25
51.95,3,25
51.98333,3,25.5
52.01667,3,26
52.05,3,25
52.08333,3,25
52.11667,3,26
52.15,3,23.5
52.18333,3,26
52.21667,3,26
52.25,3,26
52.28333,3,24
52.31667,3,26
52.35,3,25
52.38333,3,26
52.41667,3,25.5
52.45,3,26
52.48333,3,25
52.51667,3,24.5
52.55,3,25
52.58333,3,25
52.61667,3,26
52.65,3,26
52.68333,3,26
52.71667,3,26
52.75,3,26
52.78333,3,24.5
52.81667,3,25
52.85,3,21
52.88333,3,20
52.91667,3,21
52.95,3,23
52.98333,3,23
53.01667,3,23
53.05,3,25
53.08333,3,22
53.11667,3,22
53.15,3,21
53.18333,3,25
53.21667,3,23
53.25,3,26
53.28333,3,24
53.31667,3,26
53.35,3,26
53.38333,3,26
53.41667,3,26
53.45,3,25
53.48333,3,25
53.51667,3,25
53.55,3,26
53.58333,3,24
53.61667,3,26
53.65,3,25.5
53.68333,3,26
53.71667,3,26
53.75,3,26
53.78333,3,26
53.81667,3,26
53.85,3,26
53.88333,3,25
53.91667,3,25
53.95,3,26
53.98333,3,25
54.01667,3,26
54.05,3,25
54.08333,3,25.5
54.11667,3,25
54.15,3,24
54.18333,3,26
54.21667,3,25.5
54.25,3,25.5
54.28333,3,25
54.31667,3,24.5
54.35,3,26
54.38333,3,26
54.41667,3,26
54.45,3,26
54.48333,3,26
54.51667,3,25
54.55,3,25
54.58333,3,26
54.61667,3,26
54.65,3,26
54.68333,3,26
54.71667,3,26
54.75,3,26
54.78333,3,26
54.81667,3,25
54.85,3,24
54.88333,3,24
54.91667,3,26
54.95,3,23.5
54.98333,3,24
55.01667,3,26
55.05,3,25.5
55.08333,3,26
55.11667,3,25.5
55.15,3,25
55.18333,3,23
55.21667,3,25
55.25,3,25
55.28333,3,26
55.31667,3,24
55.35,3,17
55.38333,3,22
55.41667,3,25
55.45,3,25
55.48333,3,24.5
55.51667,3,24.5
55.55,3,25.5
55.58333,3,25
55.61667,3,26
55.65,3,21
55.68333,3,23
55.71667,3,24
55.75,3,26
55.78333,3,26
55.81667,3,25.5
55.85,3,26
55.88333,3,26
55.91667,3,25
55.95,3,26
55.98333,3,26
56.01667,3,26
56.05,3,26
56.08333,3,26
56.11667,3,26
56.15,3,25.5
56.18333,3,26
56.21667,3,26
56.25,3,26
56.28333,3,26
56.31667,3,26
56.35,3,26
56.38333,3,26
56.41667,3,25
56.45,3,26
56.48333,3,26
56.51667,3,26
56.55,3,27
56.58333,3,26
56.61667,3,26
56.65,3,28
56.68333,3,28
56.71667,3,28
56.75,3,27
56.78333,3,28
56.81667,3,28
56.85,3,28
56.88333,3,28
56.91667,3,28
56.95,3,28
56.98333,3,28
57.01667,3,28
57.05,3,28
57.08333,3,28
57.11667,3,26
57.15,3,27
57.18333,3,28
57.21667,3,28
57.25,3,27
57.28333,3,27.5
57.31667,3,27
57.35,3,27.5
57.38333,3,26
57.41667,3,27.5
57.45,3,26
57.48333,3,28
57.51667,3,28
57.55,3,28
57.58333,3,28
57.61667,3,27
57.65,3,28
57.68333,3,26.5
57.71667,3,28
57.75,3,26.5
57.78333,3,27
57.81667,3,28
57.85,3,26.5
57.88333,3,22
57.91667,3,14
57.95,3,14
57.98333,3,17
58.01667,3,25.5
58.05,3,24
58.08333,3,26
58.11667,3,22.5
58.15,3,22
58.18333,3,26.5
58.21667,3,27.5
58.25,3,28
58.28333,3,27.5
58.31667,3,26.5
58.35,3,28
58.38333,3,28
58.41667,3,26
58.45,3,28
58.48333,3,28
58.51667,3,28
58.55,3,27
58.58333,3,28
58.61667,3,28
58.65,3,26
58.68333,3,28
58.71667,3,27
58.75,3,28
58.78333,3,24
58.81667,3,28
58.85,3,28
58.88333,3,27
58.91667,3,26.5
58.95,3,28
58.98333,3,28
59.01667,3,24
59.05,3,27
59.08333,3,28
59.11667,3,28
59.15,3,26
59.18333,3,28
59.21667,3,26.5
59.25,3,24
59.28333,3,25.5
59.31667,3,25.5
59.35,3,26
59.38333,3,26.5
59.41667,3,28
59.45,3,28
59.48333,3,27.5
59.51667,3,26
59.55,3,27
59.58333,3,26.5
59.61667,3,27
59.65,3,26
59.68333,3,25
59.71667,3,27.5
59.75,3,27
59.78333,3,28
59.81667,3,28
59.85,3,26.5
59.88333,3,27
59.91667,3,27
59.95,3,27.5
59.98333,3,26
60.01667,3,27
60.05,3,27.5
60.08333,3,27
60.11667,3,26
60.15,3,27
60.18333,3,28
60.21667,3,25
60.25,3,28
60.28333,3,27.5
60.31667,3,28
60.35,3,20
60.38333,3,15.5
60.41667,3,17
60.45,3,20
60.48333,3,26
60.51667,3,23
60.55,3,27
60.58333,3,26
60.61667,3,24
60.65,3,20
60.68333,3,11
60.71667,3,20
60.75,3,23
60.78333,3,25
60.81667,3,26
60.85,3,27.5
60.88333,3,25
60.91667,3,28
60.95,3,26.5
60.98333,3,27
61.01667,3,28
61.05,3,27.5
61.08333,3,28
61.11667,3,26.5
61.15,3,28
61.18333,3,25.5
61.21667,3,28
61.25,3,27
61.28333,3,27.5
61.31667,3,26.5
61.35,3,28
61.38333,3,26
61.41667,3,27.5
61.45,3,27.5
61.48333,3,28
61.51667,3,28
61.55,3,26.5
61.58333,3,27
61.61667,3,27
61.65,3,26
61.68333,3,26
61.71667,3,27
61.75,3,26.5
61.78333,3,26
61.81667,3,26
61.85,3,27
61.88333,3,26.5
61.91667,3,26.5
61.95,3,24
61.98333,3,27
62.01667,3,25
62.05,3,24.5
62.08333,3,26
62.11667,3,24.5
62.15,3,27
62.18333,3,27
62.21667,3,26.5
62.25,3,27
62.28333,3,27
62.31667,3,26.5
62.35,3,27
62.38333,3,26.5
62.41667,3,26
62.45,3,27
62.48333,3,27
62.51667,3,26
62.55,3,27
62.58333,3,27
62.61667,3,27
62.65,3,26.5
62.68333,3,25
62.71667,3,26
62.75,3,27
62.78333,3,26
62.81667,3,24
62.85,3,27
62.88333,3,23.5
62.91667,3,15
62.95,3,16.5
62.98333,3,23
63.01667,3,19.5
63.05,3,23.5
63.08333,3,22
63.11667,3,24
63.15,3,25
63.18333,3,23
63.21667,3,27
63.25,3,26
63.28333,3,26
63.31667,3,27
63.35,3,28
63.38333,3,24.5
63.41667,3,28
63.45,3,25
63.48333,3,26
63.51667,3,28
63.55,3,26.5
63.58333,3,27.5
63.61667,3,27
63.65,3,27
63.68333,3,27
63.71667,3,28
63.75,3,27
63.78333,3,27.5
63.81667,3,27
63.85,3,27.5
63.88333,3,28
63.91667,3,27.5
63.95,3,27
63.98333,3,28
64.01667,3,26.5
64.05,3,28
64.08333,3,28
64.11667,3,27
64.15,3,28
64.18333,3,27
64.21667,3,26
64.25,3,23
64.28333,3,26.5
64.31667,3,23.5
64.35,3,22
64.38333,3,25.5
64.41667,3,22
64.45,3,26
64.48333,3,27.5
64.51667,3,27
64.55,3,25.5
64.58333,3,28
64.61667,3,23
64.65,3,26
64.68333,3,27
64.71667,3,27
64.75,3,25
64.78333,3,24
64.81667,3,13
64.85,3,19.5
64.88333,3,20
64.91667,3,24
64.95,3,21
64.98333,3,20
65.01667,3,22.5
65.05,3,25.5
65.08333,3,24
65.11667,3,24
65.15,3,21
65.18333,3,23
65.21667,3,26.5
65.25,3,24
65.28333,3,26
65.31667,3,27
65.35,3,16
65.38333,3,23.5
65.41667,3,24
65.45,3,25.5
65.48333,3,25
65.51667,3,26
65.55,3,27
65.58333,3,27
65.61667,3,18
65.65,3,22
65.68333,3,24
65.71667,3,26
65.75,3,26
65.78333,3,24
65.81667,3,28
65.85,3,26
65.88333,3,28
65.91667,3,27
65.95,3,27
65.98333,3,26
66.01667,3,27
66.05,3,27
66.08333,3,28
66.11667,3,27
66.15,3,28
66.18333,3,26
66.21667,3,24
66.25,3,26
66.28333,3,25.5
66.31667,3,25.5
66.35,3,26
66.38333,3,26
66.41667,3,27
66.45,3,25.5
66.48333,3,27.5
66.51667,3,26.5
66.55,3,28
66.58333,3,27
66.61667,3,26
66.65,3,28
66.68333,3,28
66.71667,3,25
66.75,3,27
66.78333,3,27
66.81667,3,26
66.85,3,26
66.88333,3,28
66.91667,3,25
66.95,3,25.5
66.98333,3,26
67.01667,3,28
67.05,3,26.5
67.08333,3,27
67.11667,3,26
67.15,3,24
67.18333,3,28
67.21667,3,27.5
67.25,3,27
67.28333,3,26
67.31667,3,27.5
67.35,3,28
67.38333,3,27
67.41667,3,26
67.45,3,27.5
67.48333,3,27
67.51667,3,28
67.55,3,28
67.58333,3,28
67.61667,3,26
67.65,3,27.5
67.68333,3,28
67.71667,3,26.5
67.75,3,27
67.78333,3,18
67.81667,3,25
67.85,3,18
67.88333,3,25.5
67.91667,3,26.5
67.95,3,25
67.98333,3,24
68.01667,3,27
68.05,3,26
68.08333,3,27
68.11667,3,26.5
68.15,3,24
68.18333,3,25
68.21667,3,26
68.25,3,26
68.28333,3,27
68.31667,3,21
68.35,3,27
68.38333,3,25
68.41667,3,28
68.45,3,27.5
68.48333,3,27
68.51667,3,25
68.55,3,26
68.58333,3,24
68.61667,3,28
68.65,3,26.5
68.68333,3,26
68.71667,3,28
68.75,3,28
68.78333,3,28
68.81667,3,27
68.85,3,27.5
68.88333,3,28
68.91667,3,27
68.95,3,28
68.98333,3,28
69.01667,3,28
69.05,3,27.5
69.08333,3,28
69.11667,3,27.5
69.15,3,26
69.18333,3,26
69.21667,3,28
69.25,3,26
69.28333,3,25.5
69.31667,3,27
69.35,3,26
69.38333,3,27.5
69.41667,3,26
69.45,3,26
69.48333,3,28
69.51667,3,28
69.55,3,28
69.58333,3,27.5
69.61667,3,28
69.65,3,28
69.68333,3,28
69.71667,3,27.5
69.75,3,28
69.78333,3,21
69.81667,3,27
69.85,3,27
69.88333,3,25
69.91667,3,26.5
69.95,3,26.5
69.98333,3,27
70.01667,3,27
70.05,3,27
70.08333,3,26
70.11667,3,27
70.15,3,27
70.18333,3,26.5
70.21667,3,27
70.25,3,26
70.28333,3,27
70.31667,3,13
70.35,3,25
70.38333,3,26
70.41667,3,25
70.45,3,26.5
70.48333,3,27
70.51667,3,26
70.55,3,27
70.58333,3,28
70.61667,3,28
70.65,3,27.5
70.68333,3,26
70.71667,3,27.5
70.75,3,27
70.78333,3,27
70.81667,3,25
70.85,3,27
70.88333,3,28
70.91667,3,27
70.95,3,27.5
70.98333,3,28
71.01667,3,27
71.05,3,27
71.08333,3,26
71.11667,3,27
71.15,3,27
71.18333,3,27
71.21667,3,28
71.25,3,25
71.28333,3,26
71.31667,3,28
71.35,3,22
71.38333,3,25
71.41667,3,24
71.45,3,28
71.48333,3,28
71.51667,3,27
71.55,3,27
71.58333,3,27.5
71.61667,3,27
71.65,3,27.5
71.68333,3,27
71.71667,3,28
71.75,3,26
71.78333,3,28
71.81667,3,27
71.85,3,28
71.88333,3,27
71.91667,3,26.5
71.95,3,27
71.98333,3,26
72.01667,3,27
72.05,3,27
72.08333,3,27
72.11667,3,27
72.15,3,25
72.18333,3,17
72.21667,3,24.5
72.25,3,23
72.28333,3,22
72.31667,3,27
72.35,3,26
72.38333,3,26.5
72.41667,3,28
72.45,3,26.5
72.48333,3,27
72.51667,3,27
72.55,3,26.5
72.58333,3,26
72.61667,3,26.5
72.65,3,28
72.68333,3,25
72.71667,3,28
72.75,3,27.5
72.78333,3,25
72.81667,3,28
72.85,3,27.5
72.88333,3,27
72.91667,3,27
72.95,3,24.5
72.98333,3,25
73.01667,3,22
73.05,3,17
73.08333,3,24
73.11667,3,23
73.15,3,22
73.18333,3,27
73.21667,3,21
73.25,3,21
73.28333,3,23.5
73.31667,3,23
73.35,3,23
73.38333,3,27
73.41667,3,22
73.45,3,26.5
73.48333,3,28
73.51667,3,26
73.55,3,27.5
73.58333,3,26
73.61667,3,26
73.65,3,26
73.68333,3,26
73.71667,3,27
73.75,3,27
73.78333,3,26
73.81667,3,27
73.85,3,26.5
73.88333,3,27
73.91667,3,27
73.95,3,26
73.98333,3,25
74.01667,3,25.5
74.05,3,26
74.08333,3,24
74.11667,3,20
74.15,3,26
74.18333,3,26
74.21667,3,25.5
74.25,3,27
74.28333,3,26.5
74.31667,3,27
74.35,3,27
74.38333,3,27
74.41667,3,27
74.45,3,27
74.48333,3,27
74.51667,3,26
74.55,3,26.5
74.58333,3,27
74.61667,3,27
74.65,3,27
74.68333,3,26
74.71667,3,26
74.75,3,27
74.78333,3,27
74.81667,3,27
74.85,3,27
74.88333,3,26.5
74.91667,3,27
74.95,3,27
74.98333,3,27
75.01667,3,27
75.05,3,27
75.08333,3,27
75.11667,3,27
75.15,3,27
75.18333,3,27
75.21667,3,27
75.25,3,27
75.28333,3,21
75.31667,3,15.5
75.35,3,26
75.38333,3,27
75.41667,3,27
75.45,3,27
75.48333,3,25
75.51667,3,21
75.55,3,24
75.58333,3,27
75.61667,3,26
75.65,3,27
75.68333,3,27
75.71667,3,27
75.75,3,27
75.78333,3,27
75.81667,3,27
75.85,3,27
75.88333,3,27
75.91667,3,26.5
75.95,3,27
75.98333,3,27
76.01667,3,27
76.05,3,27
76.08333,3,27
76.11667,3,27
76.15,3,27
76.18333,3,27
76.21667,3,26.5
76.25,3,27
76.28333,3,27
76.31667,3,27
76.35,3,27
76.38333,3,27
76.41667,3,27
76.45,3,27
76.48333,3,27
76.51667,3,27
76.55,3,27
76.58333,3,27
76.61667,3,27
76.65,3,27
76.68333,3,27
76.71667,3,27
76.75,3,27
76.78333,3,27
76.81667,3,27
76.85,3,27
76.88333,3,27
76.91667,3,27
76.95,3,27
76.98333,3,27
77.01667,3,27
77.05,3,27
77.08333,3,27
77.11667,3,27
77.15,3,26
77.18333,3,26.5
77.21667,3,27
77.25,3,27
77.28333,3,27
77.31667,3,27
77.35,3,26.5
77.38333,3,27
77.41667,3,27
77.45,3,27
77.48333,3,27
77.51667,3,27
77.55,3,27
77.58333,3,26.5
77.61667,3,26
77.65,3,27
77.68333,3,27
77.71667,3,27
77.75,3,16.5
77.78333,3,21
77.81667,3,27
77.85,3,27
77.88333,3,26.5
77.91667,3,21.5
77.95,3,26
77.98333,3,26
78.01667,3,26
78.05,3,27
78.08333,3,27
78.11667,3,27
78.15,3,27
78.18333,3,26.5
78.21667,3,24
78.25,3,24
78.28333,3,26
78.31667,3,27
78.35,3,26.5
78.38333,3,26
78.41667,3,27
78.45,3,27
78.48333,3,27
78.51667,3,27
78.55,3,27
78.58333,3,27
78.61667,3,27
78.65,3,26
78.68333,3,27
78.71667,3,27
78.75,3,25
78.78333,3,26
78.81667,3,26
78.85,3,27
78.88333,3,27
78.91667,3,27
78.95,3,27
78.98333,3,27
79.01667,3,25
79.05,3,27
79.08333,3,27
79.11667,3,27
79.15,3,26.5
79.18333,3,26
79.21667,3,27
79.25,3,26.5
79.28333,3,26
79.31667,3,27
79.35,3,26.5
79.38333,3,26
79.41667,3,26
79.45,3,28
79.48333,3,28
79.51667,3,28
79.55,3,27
79.58333,3,28
79.61667,3,28
79.65,3,28
79.68333,3,28
79.71667,3,28
79.75,3,26
79.78333,3,28
79.81667,3,28
79.85,3,28
79.88333,3,27
79.91667,3,28
79.95,3,28
79.98333,3,28
80.01667,3,28
80.05,3,28
80.08333,3,28
80.11667,3,28
80.15,3,28
80.18333,3,28
80.21667,3,28
80.25,3,21
80.28333,3,19
80.31667,3,22
80.35,3,26.5
80.38333,3,27
80.41667,3,25
80.45,3,19.5
80.48333,3,22
80.51667,3,26
80.55,3,27
80.58333,3,27
80.61667,3,27
80.65,3,28
80.68333,3,28
80.71667,3,26.5
80.75,3,27
80.78333,3,28
80.81667,3,28
80.85,3,28
80.88333,3,28
80.91667,3,28
80.95,3,28
80.98333,3,28
81.01667,3,28
81.05,3,28
81.08333,3,28
81.11667,3,28
81.15,3,28
81.18333,3,28
81.21667,3,29
81.25,3,28.5
81.28333,3,29
81.31667,3,29
81.35,3,28.5
81.38333,3,28
81.41667,3,28.5
81.45,3,29
81.48333,3,29
81.51667,3,29
81.55,3,29
81.58333,3,29
81.61667,3,29
81.65,3,29
81.68333,3,29
81.71667,3,28
81.75,3,29
81.78333,3,29
81.81667,3,29
81.85,3,29
81.88333,3,29
81.91667,3,29
81.95,3,29
81.98333,3,28.5
82.01667,3,29
82.05,3,29
82.08333,3,29
82.11667,3,29
82.15,3,29
82.18333,3,28.5
82.21667,3,29
82.25,3,29
82.28333,3,29
82.31667,3,29
82.35,3,29
82.38333,3,29
82.41667,3,28.5
82.45,3,27.5
82.48333,3,29
82.51667,3,29
82.55,3,29
82.58333,3,28.5
82.61667,3,29
82.65,3,29
82.68333,3,29
82.71667,3,29
82.75,3,29
82.78333,3,29
82.81667,3,29
82.85,3,29
82.88333,3,29
82.91667,3,29
82.95,3,27
82.98333,3,23
83.01667,3,22
83.05,3,20.5
83.08333,3,19
83.11667,3,26
83.15,3,27
83.18333,3,27
83.21667,3,29
83.25,3,28.5
83.28333,3,29
83.31667,3,29
83.35,3,29
83.38333,3,29
83.41667,3,29
83.45,3,29
83.48333,3,29
83.51667,3,29
83.55,3,28
83.58333,3,29
83.61667,3,28.5
83.65,3,29
83.68333,3,29
83.71667,3,29
83.75,3,29
83.78333,3,29
83.81667,3,29
83.85,3,29
83.88333,3,28.5
83.91667,3,28
83.95,3,29
83.98333,3,29
84.01667,3,29
84.05,3,29
84.08333,3,29
84.11667,3,29
84.15,3,28.5
84.18333,3,28
84.21667,3,29
84.25,3,29
84.28333,3,29
84.31667,3,29
84.35,3,29
84.38333,3,29
84.41667,3,29
84.45,3,29
84.48333,3,29
84.51667,3,29
84.55,3,29
84.58333,3,28.5
84.61667,3,29
84.65,3,29
84.68333,3,29
84.71667,3,29
84.75,3,29
84.78333,3,28
84.81667,3,29
84.85,3,29
84.88333,3,29
84.91667,3,29
84.95,3,28
84.98333,3,29
85.01667,3,29
85.05,3,28.5
85.08333,3,29
85.11667,3,29
85.15,3,28.5
85.18333,3,29
85.21667,3,29
85.25,3,28
85.28333,3,18
85.31667,3,19
85.35,3,23
85.38333,3,20
85.41667,3,22.5
85.45,3,28
85.48333,3,28
85.51667,3,28
85.55,3,29
85.58333,3,29
85.61667,3,29
85.65,3,28
85.68333,3,29
85.71667,3,29
85.75,3,29
85.78333,3,28.5
85.81667,3,29
85.85,3,29
85.88333,3,29
85.91667,3,29
85.95,3,29
85.98333,3,29
86.01667,3,29
86.05,3,28.5
86.08333,3,29
86.11667,3,28.5
86.15,3,29
86.18333,3,29
86.21667,3,29
86.25,3,28.5
86.28333,3,29
86.31667,3,29
86.35,3,29
86.38333,3,29
86.41667,3,29
86.45,3,29
86.48333,3,29
86.51667,3,29
86.55,3,29
86.58333,3,29
86.61667,3,28
86.65,3,29
86.68333,3,29
86.71667,3,29
86.75,3,28
86.78333,3,28
86.81667,3,28
86.85,3,28
86.88333,3,28.5
86.91667,3,29
86.95,3,29
86.98333,3,28.5
87.01667,3,29
87.05,3,29
87.08333,3,29
87.11667,3,28.5
87.15,3,29
87.18333,3,29
87.21667,3,29
87.25,3,29
87.28333,3,28
87.31667,3,29
87.35,3,29
87.38333,3,29
87.41667,3,29
87.45,3,29
87.48333,3,29
87.51667,3,28
87.55,3,29
87.58333,3,29
87.61667,3,29
87.65,3,25
87.68333,3,21
87.71667,3,23.5
87.75,3,25
87.78333,3,23
87.81667,3,21
87.85,3,21
87.88333,3,25.5
87.91667,3,28
87.95,3,28
87.98333,3,28
88.01667,3,29
88.05,3,28
88.08333,3,28
88.11667,3,27
88.15,3,29
88.18333,3,29
88.21667,3,29
88.25,3,28.5
88.28333,3,28
88.31667,3,28
88.35,3,28
88.38333,3,29
88.41667,3,29
88.45,3,28.5
88.48333,3,28
88.51667,3,29
88.55,3,29
88.58333,3,29
88.61667,3,28
88.65,3,29
88.68333,3,29
88.71667,3,29
88.75,3,29
88.78333,3,29
88.81667,3,29
88.85,3,29
88.88333,3,29
88.91667,3,29
88.95,3,29
88.98333,3,28.5
89.01667,3,28
89.05,3,29
89.08333,3,29
89.11667,3,29
89.15,3,28
89.18333,3,29
89.21667,3,28
89.25,3,28
89.28333,3,28
89.31667,3,29
89.35,3,29
89.38333,3,28
89.41667,3,28
89.45,3,28
89.48333,3,29
89.51667,3,29
89.55,3,29
89.58333,3,29
89.61667,3,29
89.65,3,29
89.68333,3,29
89.71667,3,29
89.75,3,29
89.78333,3,29
89.81667,3,28
89.85,3,28
89.88333,3,28
89.91667,3,28
89.95,3,27
89.98333,3,27
90.01667,3,28
90.05,3,29
90.08333,3,29
90.11667,3,29
90.15,3,29
90.18333,3,26.5
90.21667,3,20
90.25,3,27
90.28333,3,21
90.31667,3,19
90.35,3,23.5
90.38333,3,25
90.41667,3,28
90.45,3,29
90.48333,3,29
90.51667,3,29
90.55,3,29
90.58333,3,29
90.61667,3,29
90.65,3,30
90.68333,3,30
90.71667,3,30
90.75,3,30
90.78333,3,30
90.81667,3,30
90.85,3,30
90.88333,3,30
90.91667,3,30
90.95,3,30
90.98333,3,30
91.01667,3,30
91.05,3,30
91.08333,3,30
91.11667,3,30
91.15,3,30
91.18333,3,30
91.21667,3,30
91.25,3,30
91.28333,3,30
91.31667,3,30
91.35,3,30
91.38333,3,29
91.41667,3,29
91.45,3,28.5
91.48333,3,29
91.51667,3,28.5
91.55,3,29
91.58333,3,29
91.61667,3,29
91.65,3,28
91.68333,3,29
91.71667,3,29
91.75,3,29
91.78333,3,29
91.81667,3,29
91.85,3,28
91.88333,3,28
91.91667,3,29.5
91.95,3,30
91.98333,3,30
92.01667,3,29
92.05,3,30
92.08333,3,29
92.11667,3,28
92.15,3,30
92.18333,3,30
92.21667,3,30
92.25,3,30
92.28333,3,30
92.31667,3,28
92.35,3,29
92.38333,3,29
92.41667,3,29
92.45,3,29
92.48333,3,29
92.51667,3,27.5
92.55,3,28.5
92.58333,3,29
92.61667,3,27.5
92.65,3,24
92.68333,3,16
92.71667,3,22
92.75,3,25
92.78333,3,25
92.81667,3,23
92.85,3,19
92.88333,3,24
92.91667,3,28
92.95,3,29.5
92.98333,3,30
93.01667,3,28.5
93.05,3,28
93.08333,3,28
93.11667,3,29
93.15,3,29
93.18333,3,29
93.21667,3,29
93.25,3,29
93.28333,3,29
93.31667,3,29
93.35,3,29
93.38333,3,29
93.41667,3,30
93.45,3,30
93.48333,3,30
93.51667,3,30
93.55,3,30
93.58333,3,30
93.61667,3,30
93.65,3,30
93.68333,3,29
93.71667,3,29.5
93.75,3,29
93.78333,3,28
93.81667,3,29
93.85,3,30
93.88333,3,30
93.91667,3,30
93.95,3,30
93.98333,3,30
94.01667,3,30
94.05,3,30
94.08333,3,30
94.11667,3,30
94.15,3,30
94.18333,3,29.5
94.21667,3,30
94.25,3,30
94.28333,3,30
94.31667,3,30
94.35,3,30
94.38333,3,29
94.41667,3,29
94.45,3,29.5
94.48333,3,30
94.51667,3,30
94.55,3,30
94.58333,3,30
94.61667,3,30
94.65,3,30
94.68333,3,30
94.71667,3,30
94.75,3,30
94.78333,3,30
94.81667,3,30
94.85,3,30
94.88333,3,29.5
94.91667,3,29.5
94.95,3,30
94.98333,3,30
95.01667,3,30
95.05,3,29
95.08333,3,29
95.11667,3,30
95.15,3,29.5
95.18333,3,29.5
95.21667,3,29
95.25,3,28
95.28333,3,24
95.31667,3,22
95.35,3,26
95.38333,3,28
95.41667,3,29
95.45,3,29
95.48333,3,30
95.51667,3,30
95.55,3,23.5
95.58333,3,20
95.61667,3,25
95.65,3,27
95.68333,3,27
95.71667,3,27
95.75,3,28
95.78333,3,29
95.81667,3,29
95.85,3,29
95.88333,3,29
95.91667,3,29
95.95,3,29
95.98333,3,28
96.01667,3,28.5
96.05,3,29
96.08333,3,29
96.11667,3,29
96.15,3,29
96.18333,3,30
96.21667,3,30
96.25,3,30
96.28333,3,30
96.31667,3,30
96.35,3,30
96.38333,3,30
96.41667,3,30
96.45,3,30
96.48333,3,29
96.51667,3,29.5
96.55,3,30
96.58333,3,30
96.61667,3,30
96.65,3,30
96.68333,3,30
96.71667,3,30
96.75,3,29
96.78333,3,29
96.81667,3,30
96.85,3,30
96.88333,3,30
96.91667,3,30
96.95,3,30
96.98333,3,30
97.01667,3,30
97.05,3,30
97.08333,3,30
97.11667,3,30
97.15,3,29
97.18333,3,29
97.21667,3,30
97.25,3,30
97.28333,3,30
97.31667,3,30
97.35,3,30
97.38333,3,30
97.41667,3,30
97.45,3,28
97.48333,3,29
97.51667,3,30
97.55,3,29
97.58333,3,25
97.61667,3,20
97.65,3,24
97.68333,3,29
97.71667,3,30
97.75,3,30
97.78333,3,20.5
97.81667,3,23
97.85,3,27
97.88333,3,28
97.91667,3,28
97.95,3,27
97.98333,3,26
98.01667,3,27
98.05,3,28.5
98.08333,3,29.5
98.11667,3,30
98.15,3,30
98.18333,3,30
98.21667,3,29
98.25,3,30
98.28333,3,30
98.31667,3,30
98.35,3,30
98.38333,3,30
98.41667,3,30
98.45,3,30
98.48333,3,30
98.51667,3,30
98.55,3,29
98.58333,3,29
98.61667,3,28.5
98.65,3,30
98.68333,3,30
98.71667,3,29.5
98.75,3,29
98.78333,3,27
98.81667,3,29
98.85,3,29
98.88333,3,28
98.91667,3,28
98.95,3,28
98.98333,3,28
99.01667,3,28
99.05,3,28
99.08333,3,29
99.11667,3,29
99.15,3,29
99.18333,3,29
99.21667,3,29
99.25,3,29
99.28333,3,29
99.31667,3,29
99.35,3,29
99.38333,3,29
99.41667,3,29
99.45,3,29
99.48333,3,29
99.51667,3,29
99.55,3,29
99.58333,3,29
99.61667,3,29
99.65,3,29
99.68333,3,29
99.71667,3,29
99.75,3,29
99.78333,3,29
99.81667,3,29
99.85,3,29
99.88333,3,29
99.91667,3,27.5
99.95,3,26
99.98333,3,26
100.01667,3,25
100.05,3,20
100.08333,3,23.5
100.11667,3,26
100.15,3,28
100.18333,3,29
100.21667,3,29
100.25,3,27
100.28333,3,24
100.31667,3,25
100.35,3,27
100.38333,3,27
100.41667,3,28
100.45,3,27
100.48333,3,28
100.51667,3,29
100.55,3,29
100.58333,3,28.5
100.61667,3,29
100.65,3,29
100.68333,3,29
100.71667,3,29
100.75,3,29
100.78333,3,29
100.81667,3,29
100.85,3,28
100.88333,3,29
100.91667,3,29
100.95,3,28
100.98333,3,29
101.01667,3,29
101.05,3,29
101.08333,3,29
101.11667,3,29
101.15,3,28
101.18333,3,27
101.21667,3,27
101.25,3,27
101.28333,3,28
101.31667,3,29
101.35,3,29
101.38333,3,29
101.41667,3,29
101.45,3,29
101.48333,3,29
101.51667,3,29
101.55,3,28.5
101.58333,3,29
101.61667,3,28.5
101.65,3,29
101.68333,3,29
101.71667,3,29
101.75,3,29
101.78333,3,29
101.81667,3,29
101.85,3,29
101.88333,3,29
101.91667,3,29
101.95,3,29
101.98333,3,29
102.01667,3,29
102.05,3,29
102.08333,3,29
102.11667,3,29
102.15,3,29
102.18333,3,29
102.21667,3,29
102.25,3,29
102.28333,3,29
102.31667,3,29
102.35,3,29
102.38333,3,29
102.41667,3,29
102.45,3,29
102.48333,3,29
102.51667,3,29
102.55,3,29
102.58333,3,28.5
102.61667,3,24
102.65,3,16
102.68333,3,27
102.71667,3,27
102.75,3,28
102.78333,3,25.5
102.81667,3,27
102.85,3,22
102.88333,3,26
102.91667,3,27
102.95,3,27
102.98333,3,26
103.01667,3,27
103.05,3,28
103.08333,3,28
103.11667,3,28
103.15,3,29
103.18333,3,29
103.21667,3,29
103.25,3,29
103.28333,3,29
103.31667,3,29
103.35,3,29
103.38333,3,29
103.41667,3,29
103.45,3,26
103.48333,3,27
103.51667,3,28
103.55,3,29
103.58333,3,29
103.61667,3,29
103.65,3,29
103.68333,3,29
103.71667,3,29
103.75,3,29
103.78333,3,28.5
103.81667,3,28
103.85,3,28
103.88333,3,29
103.91667,3,29
103.95,3,29
103.98333,3,29
104.01667,3,29
104.05,3,29
104.08333,3,29
104.11667,3,28
104.15,3,28.5
104.18333,3,29
104.21667,3,29
104.25,3,29
104.28333,3,29
104.31667,3,29
104.35,3,29
104.38333,3,29
104.41667,3,29
104.45,3,29
104.48333,3,29
104.51667,3,28
104.55,3,29
104.58333,3,28
104.61667,3,29
104.65,3,29
104.68333,3,28
104.71667,3,29
104.75,3,28
104.78333,3,28
104.81667,3,28.5
104.85,3,29
104.88333,3,28
104.91667,3,27.5
104.95,3,28
104.98333,3,28
105.01667,3,28
105.05,3,28
105.08333,3,28
105.11667,3,20
105.15,3,21
105.18333,3,26
105.21667,3,27
105.25,3,27
105.28333,3,23
105.31667,3,23
105.35,3,25
105.38333,3,27
105.41667,3,28.5
105.45,3,29
105.48333,3,29
105.51667,3,29
105.55,3,29
105.58333,3,29
105.61667,3,29
105.65,3,29
105.68333,3,29
105.71667,3,29
105.75,3,29
105.78333,3,29
105.81667,3,29
105.85,3,29
105.88333,3,29
105.91667,3,29
105.95,3,29
105.98333,3,29
106.01667,3,28.5
106.05,3,28
106.08333,3,28
106.11667,3,28
106.15,3,27
106.18333,3,27
106.21667,3,22
106.25,3,26.5
106.28333,3,28
106.31667,3,30
106.35,3,30
106.38333,3,30
106.41667,3,28.5
106.45,3,27
106.48333,3,29
106.51667,3,26.5
106.55,3,28
106.58333,3,30
106.61667,3,30
106.65,3,30
106.68333,3,30
106.71667,3,27.5
106.75,3,29
106.78333,3,28.5
106.81667,3,29
106.85,3,30
106.88333,3,28.5
106.91667,3,28.5
106.95,3,29
106.98333,3,30
107.01667,3,29.5
107.05,3,29
107.08333,3,29.5
107.11667,3,29
107.15,3,28
107.18333,3,28.5
107.21667,3,29
107.25,3,27
107.28333,3,28
107.31667,3,27
107.35,3,28
107.38333,3,28
107.41667,3,27
107.45,3,29
107.48333,3,26
107.51667,3,28
107.55,3,27.5
107.58333,3,29
107.61667,3,26.5
107.65,3,29
107.68333,3,27
107.71667,3,27.5
107.75,3,29
107.78333,3,29
107.81667,3,29
107.85,3,29
107.88333,3,29
107.91667,3,29
107.95,3,29
107.98333,3,28.5
108.01667,3,29
108.05,3,29
108.08333,3,24
108.11667,3,17
108.15,3,25
108.18333,3,25.5
108.21667,3,26
108.25,3,27.5
108.28333,3,27
108.31667,3,28
108.35,3,29
108.38333,3,28
108.41667,3,28
108.45,3,28
108.48333,3,28
108.51667,3,28.5
108.55,3,29
108.58333,3,28
108.61667,3,26.5
108.65,3,28
108.68333,3,24
108.71667,3,29
108.75,3,28
108.78333,3,28.5
108.81667,3,28.5
108.85,3,27
108.88333,3,27.5
108.91667,3,27
108.95,3,27
108.98333,3,24
109.01667,3,18.5
109.05,3,26
109.08333,3,27
109.11667,3,25
109.15,3,27
109.18333,3,27.5
109.21667,3,27
109.25,3,28
109.28333,3,28
109.31667,3,29
109.35,3,28
109.38333,3,28
109.41667,3,29
109.45,3,29
109.48333,3,29
109.51667,3,29
109.55,3,27
109.58333,3,28
109.61667,3,29
109.65,3,27.5
109.68333,3,28
109.71667,3,28
109.75,3,29
109.78333,3,28
109.81667,3,28
109.85,3,29
109.88333,3,29
109.91667,3,28.5
109.95,3,29
109.98333,3,29
110.01667,3,27.5
110.05,3,29
110.08333,3,25.5
110.11667,3,22
110.15,3,27.5
110.18333,3,27.5
110.21667,3,28
110.25,3,28
110.28333,3,29
110.31667,3,29
110.35,3,28.5
110.38333,3,28
110.41667,3,29
110.45,3,28
110.48333,3,27
110.51667,3,28
110.55,3,29
110.58333,3,29
110.61667,3,28.5
110.65,3,29
110.68333,3,27
110.71667,3,29
110.75,3,28
110.78333,3,29
110.81667,3,29
110.85,3,27
110.88333,3,29
110.91667,3,26
110.95,3,29
110.98333,3,28
111.01667,3,27.5
111.05,3,28
111.08333,3,24
111.11667,3,24
111.15,3,27
111.18333,3,25.5
111.21667,3,29
111.25,3,25
111.28333,3,29
111.31667,3,27
111.35,3,27.5
111.38333,3,27
111.41667,3,29
111.45,3,29
111.48333,3,29
111.51667,3,29
111.55,3,28
111.58333,3,28
111.61667,3,28.5
111.65,3,28
111.68333,3,28
111.71667,3,28
111.75,3,28
111.78333,3,28.5
111.81667,3,28
111.85,3,29
111.88333,3,28.5
111.91667,3,29
111.95,3,29
111.98333,3,28
112.01667,3,29
112.05,3,29
112.08333,3,28
112.11667,3,29
112.15,3,29
112.18333,3,28.5
112.21667,3,28
112.25,3,28
112.28333,3,29
112.31667,3,28
112.35,3,28.5
112.38333,3,29
112.41667,3,28.5
112.45,3,29
112.48333,3,27.5
112.51667,3,27
112.55,3,27.5
112.58333,3,17
112.61667,3,20
112.65,3,28
112.68333,3,25.5
112.71667,3,25
112.75,3,27.5
112.78333,3,27
112.81667,3,24.5
112.85,3,21
112.88333,3,28
112.91667,3,28
112.95,3,28
112.98333,3,27
113.01667,3,26
113.05,3,28
113.08333,3,28
113.11667,3,28.5
113.15,3,28
113.18333,3,28.5
113.21667,3,28
113.25,3,29
113.28333,3,28
113.31667,3,29
113.35,3,27
113.38333,3,28.5
113.41667,3,29
113.45,3,28
113.48333,3,27.5
113.51667,3,29
113.55,3,28.5
113.58333,3,29
113.61667,3,28
113.65,3,29
113.68333,3,29
113.71667,3,28
113.75,3,29
113.78333,3,28.5
113.81667,3,29
113.85,3,28
113.88333,3,29
113.91667,3,28
113.95,3,27.5
113.98333,3,28
114.01667,3,29
114.05,3,29
114.08333,3,29
114.11667,3,29
114.15,3,29
114.18333,3,28.5
114.21667,3,28.5
114.25,3,28
114.28333,3,27.5
114.31667,3,28
114.35,3,27
114.38333,3,29
114.41667,3,27
114.45,3,28.5
114.48333,3,28
114.51667,3,29
114.55,3,29
114.58333,3,29
114.61667,3,29
114.65,3,28
114.68333,3,29
114.71667,3,28.5
114.75,3,29
114.78333,3,29
114.81667,3,29
114.85,3,29
114.88333,3,29
114.91667,3,29
114.95,3,28
114.98333,3,29
115.01667,3,17
115.05,3,22.5
115.08333,3,28
115.11667,3,27.5
115.15,3,29
115.18333,3,28
115.21667,3,27.5
115.25,3,22
115.28333,3,17
115.31667,3,22
115.35,3,18
115.38333,3,23
115.41667,3,22
115.45,3,24
115.48333,3,27
115.51667,3,27
115.55,3,27.5
115.58333,3,28
115.61667,3,29
115.65,3,27
115.68333,3,28
115.71667,3,29
115.75,3,27
115.78333,3,28
115.81667,3,27
115.85,3,26
115.88333,3,28
115.91667,3,27.5
115.95,3,28.5
115.98333,3,27
116.01667,3,28
116.05,3,29
116.08333,3,28
116.11667,3,28
116.15,3,29
116.18333,3,28
116.21667,3,29
116.25,3,29
116.28333,3,27
116.31667,3,27
116.35,3,27
116.38333,3,28
116.41667,3,27
116.45,3,26
116.48333,3,29
116.51667,3,29
116.55,3,29
116.58333,3,28
116.61667,3,27
116.65,3,29
116.68333,3,28
116.71667,3,28.5
116.75,3,28
116.78333,3,29
116.81667,3,27.5
116.85,3,27
116.88333,3,29
116.91667,3,29
116.95,3,28
116.98333,3,29
117.01667,3,28.5
117.05,3,28
117.08333,3,28
117.11667,3,29
117.15,3,25
117.18333,3,27
117.21667,3,27.5
117.25,3,27
117.28333,3,27.5
117.31667,3,28
117.35,3,27
117.38333,3,28
117.41667,3,28
117.45,3,29
117.48333,3,28
117.51667,3,28
117.55,3,26
117.58333,3,21
117.61667,3,28
117.65,3,29.5
117.68333,3,28
117.71667,3,30
117.75,3,30
117.78333,3,30
117.81667,3,27.5
117.85,3,28
117.88333,3,25
117.91667,3,29
117.95,3,29
117.98333,3,30
118.01667,3,30
118.05,3,29
118.08333,3,29
118.11667,3,29.5
118.15,3,28
118.18333,3,27.5
118.21667,3,22.5
118.25,3,28
118.28333,3,22
118.31667,3,25
118.35,3,26
118.38333,3,28
118.41667,3,28
118.45,3,28.5
118.48333,3,28
118.51667,3,28
118.55,3,28
118.58333,3,30
118.61667,3,27.5
118.65,3,27.5
118.68333,3,29
118.71667,3,30
118.75,3,29
118.78333,3,28
118.81667,3,28.5
118.85,3,30
118.88333,3,29
118.91667,3,28
118.95,3,29
118.98333,3,30
119.01667,3,30
119.05,3,29
119.08333,3,29
119.11667,3,29
119.15,3,29.5
119.18333,3,29.5
119.21667,3,29
119.25,3,30
119.28333,3,28
119.31667,3,30
119.35,3,29.5
119.38333,3,29
119.41667,3,29
119.45,3,30
119.48333,3,29.5
119.51667,3,29
119.55,3,30
119.58333,3,28
119.61667,3,30
119.65,3,30
119.68333,3,28
119.71667,3,30
119.75,3,29
119.78333,3,29
119.81667,3,30
119.85,3,30
119.88333,3,30
119.91667,3,27.5
119.95,3,28.5
119.98333,3,29
120.01667,3,29
120.05,3,27
120.08333,3,28
120.11667,3,29
120.15,3,30
120.18333,3,29
120.21667,3,28.5
120.25,3,30
120.28333,3,30
120.31667,3,29
120.35,3,29
120.38333,3,29.5
120.41667,3,29
120.45,3,16.5
120.48333,3,22
120.51667,3,27
120.55,3,27
120.58333,3,28.5
120.61667,3,29.5
120.65,3,29.5
120.68333,3,28
120.71667,3,29.5
120.75,3,29.5
120.78333,3,29
120.81667,3,29
120.85,3,30
120.88333,3,29
120.91667,3,29
120.95,3,28
120.98333,3,29
121.01667,3,28.5
121.05,3,30
121.08333,3,28.5
121.11667,3,29
121.15,3,28
121.18333,3,30
121.21667,3,29
121.25,3,28
121.28333,3,30
121.31667,3,29
121.35,3,28
121.38333,3,29
121.41667,3,28
121.45,3,30
121.48333,3,30
121.51667,3,28
121.55,3,30
121.58333,3,29
121.61667,3,30
121.65,3,29
121.68333,3,28
121.71667,3,30
121.75,3,28
121.78333,3,30
121.81667,3,29.5
121.85,3,30
121.88333,3,28
121.91667,3,28
121.95,3,28.5
121.98333,3,30
122.01667,3,29.5
122.05,3,30
122.08333,3,30
122.11667,3,29
122.15,3,29
122.18333,3,28
122.21667,3,29.5
122.25,3,29
122.28333,3,28
122.31667,3,29.5
122.35,3,28
122.38333,3,28.5
122.41667,3,29
122.45,3,29
122.48333,3,16
122.51667,3,27
122.55,3,28
122.58333,3,29
122.61667,3,30
122.65,3,30
122.68333,3,29
122.71667,3,29
122.75,3,30
122.78333,3,30
122.81667,3,22
122.85,3,29
122.88333,3,26
122.91667,3,28.5
122.95,3,28
122.98333,3,29
123.01667,3,27.5
123.05,3,28
123.08333,3,28
123.11667,3,29
123.15,3,29
123.18333,3,29
123.21667,3,28.5
123.25,3,28
123.28333,3,27
123.31667,3,28
123.35,3,29.5
123.38333,3,29
123.41667,3,28.5
123.45,3,29
123.48333,3,30
123.51667,3,29
123.55,3,29
123.58333,3,30
123.61667,3,29.5
123.65,3,29
123.68333,3,28
123.71667,3,29
123.75,3,29
123.78333,3,29
123.81667,3,29
123.85,3,29
123.88333,3,28
123.91667,3,29
123.95,3,30
123.98333,3,29
124.01667,3,30
124.05,3,30
124.08333,3,29
124.11667,3,29
124.15,3,30
124.18333,3,28
124.21667,3,29.5
124.25,3,30
124.28333,3,30
124.31667,3,30
124.35,3,30
124.38333,3,30
124.41667,3,28
124.45,3,28
124.48333,3,28.5
124.51667,3,29
124.55,3,28
124.58333,3,30
124.61667,3,29
124.65,3,29.5
124.68333,3,30
124.71667,3,28
124.75,3,28.5
124.78333,3,27
124.81667,3,28.5
124.85,3,29
124.88333,3,28
124.91667,3,29
124.95,3,27
124.98333,3,16
125.01667,3,22.5
125.05,3,21.5
125.08333,3,23
125.11667,3,22
125.15,3,29
125.18333,3,28.5
125.21667,3,28.5
125.25,3,29
125.28333,3,21.5
125.31667,3,14
125.35,3,23
125.38333,3,27.5
125.41667,3,27
125.45,3,27.5
125.48333,3,28.5
125.51667,3,28
125.55,3,28.5
125.58333,3,27.5
125.61667,3,29
125.65,3,29
125.68333,3,29
125.71667,3,29
125.75,3,28.5
125.78333,3,29
125.81667,3,28.5
125.85,3,29
125.88333,3,29
125.91667,3,28.5
125.95,3,28
125.98333,3,27
126.01667,3,28.5
126.05,3,29
126.08333,3,29
126.11667,3,29
126.15,3,29
126.18333,3,29
126.21667,3,28
126.25,3,29
126.28333,3,28
126.31667,3,27.5
126.35,3,28
126.38333,3,28
126.41667,3,28
126.45,3,28.5
126.48333,3,28.5
126.51667,3,29
126.55,3,28
126.58333,3,29
126.61667,3,29
126.65,3,28.5
126.68333,3,28
126.71667,3,28.5
126.75,3,28.5
126.78333,3,28
126.81667,3,29
126.85,3,25
126.88333,3,28
126.91667,3,28
126.95,3,28.5
126.98333,3,29
127.01667,3,26
127.05,3,28
127.08333,3,29
127.11667,3,28
127.15,3,29
127.18333,3,28.5
127.21667,3,28
127.25,3,29
127.28333,3,27.5
127.31667,3,27.5
127.35,3,28
127.38333,3,28.5
127.41667,3,28
127.45,3,28
127.48333,3,22
127.51667,3,24
127.55,3,21
127.58333,3,25.5
127.61667,3,24
127.65,3,26
127.68333,3,25
127.71667,3,24
127.75,3,26.5
127.78333,3,21.5
127.81667,3,18
127.85,3,21
127.88333,3,24
127.91667,3,26.5
127.95,3,23
127.98333,3,27
128.01667,3,26
128.05,3,27.5
128.08333,3,29
128.11667,3,29
128.15,3,28
128.18333,3,29
128.21667,3,29
128.25,3,29
128.28333,3,29
128.31667,3,28.5
128.35,3,28
128.38333,3,29
128.41667,3,29
128.45,3,29
128.48333,3,29
128.51667,3,28
128.55,3,27
128.58333,3,28
128.61667,3,29
128.65,3,29
128.68333,3,29
128.71667,3,28.5
128.75,3,28.5
128.78333,3,29
128.81667,3,29
128.85,3,28
128.88333,3,29
128.91667,3,28
128.95,3,29
128.98333,3,29
129.01667,3,29
129.05,3,29
129.08333,3,29
129.11667,3,27
129.15,3,29
129.18333,3,28.5
129.21667,3,28.5
129.25,3,28
129.28333,3,29
129.31667,3,29
129.35,3,27
129.38333,3,29
129.41667,3,29
129.45,3,28
129.48333,3,29
129.51667,3,29
129.55,3,29
129.58333,3,29
129.61667,3,28.5
129.65,3,29
129.68333,3,29
129.71667,3,29
129.75,3,29
129.78333,3,29
129.81667,3,29
129.85,3,29
129.88333,3,28
129.91667,3,27.5
129.95,3,28
129.98333,3,24
130.01667,3,19
130.05,3,24.5
130.08333,3,25
130.11667,3,29
130.15,3,29
130.18333,3,28.5
130.21667,3,28.5
130.25,3,29
130.28333,3,29
130.31667,3,29
130.35,3,29
130.38333,3,29
130.41667,3,29
130.45,3,28.5
130.48333,3,28
130.51667,3,27
130.55,3,29
130.58333,3,28
130.61667,3,27
130.65,3,29
130.68333,3,28
130.71667,3,29
130.75,3,25
130.78333,3,18
130.81667,3,22
130.85,3,26
130.88333,3,26
130.91667,3,27
130.95,3,27
130.98333,3,29
131.01667,3,28.5
131.05,3,29
131.08333,3,29
131.11667,3,29
131.15,3,28
131.18333,3,28.5
131.21667,3,28
131.25,3,29
131.28333,3,29
131.31667,3,28
131.35,3,27
131.38333,3,29
131.41667,3,29
131.45,3,28
131.48333,3,27.5
131.51667,3,29
131.55,3,29
131.58333,3,28
131.61667,3,27.5
131.65,3,29
131.68333,3,29
131.71667,3,28
131.75,3,28
131.78333,3,29
131.81667,3,29
131.85,3,28
131.88333,3,29
131.91667,3,28.5
131.95,3,28.5
131.98333,3,28
132.01667,3,29
132.05,3,28.5
132.08333,3,28
132.11667,3,28
132.15,3,29
132.18333,3,27.5
132.21667,3,29
132.25,3,28
132.28333,3,29
132.31667,3,28
132.35,3,28
132.38333,3,27
132.41667,3,29
132.45,3,28.5
132.48333,3,26
132.51667,3,23
132.55,3,20.5
132.58333,3,23.5
132.61667,3,28
132.65,3,28.5
132.68333,3,27
132.71667,3,27.5
132.75,3,26.5
132.78333,3,20
132.81667,3,24
132.85,3,23.5
132.88333,3,29
132.91667,3,28
132.95,3,24.5
132.98333,3,28
133.01667,3,27.5
133.05,3,28
133.08333,3,28
133.11667,3,28
133.15,3,26
133.18333,3,27.5
133.21667,3,28
133.25,3,26
133.28333,3,27.5
133.31667,3,28
133.35,3,28
133.38333,3,27
133.41667,3,27
133.45,3,27
133.48333,3,27.5
133.51667,3,26
133.55,3,28
133.58333,3,28
133.61667,3,28
133.65,3,25.5
133.68333,3,28
133.71667,3,27.5
133.75,3,27.5
133.78333,3,28
133.81667,3,27.5
133.85,3,27
133.88333,3,27
133.91667,3,28
133.95,3,27
133.98333,3,27
134.01667,3,28
134.05,3,27
134.08333,3,28
134.11667,3,28
134.15,3,27.5
134.18333,3,28
134.21667,3,28
134.25,3,28
134.28333,3,27
134.31667,3,28
134.35,3,28
134.38333,3,28
134.41667,3,27.5
134.45,3,26
134.48333,3,28
134.51667,3,27.5
134.55,3,28
134.58333,3,27.5
134.61667,3,28
134.65,3,27.5
134.68333,3,28
134.71667,3,28
134.75,3,28
134.78333,3,28
134.81667,3,28
134.85,3,28
134.88333,3,28
134.91667,3,26
134.95,3,20.5
134.98333,3,19
135.01667,3,27
135.05,3,27.5
135.08333,3,28
135.11667,3,28
135.15,3,26
135.18333,3,27
135.21667,3,23.5
135.25,3,23
135.28333,3,25.5
135.31667,3,28
135.35,3,28
135.38333,3,27.5
135.41667,3,28
135.45,3,28
135.48333,3,27.5
135.51667,3,27
135.55,3,27.5
135.58333,3,26
135.61667,3,27
135.65,3,27
135.68333,3,27.5
135.71667,3,28
135.75,3,27.5
135.78333,3,28
135.81667,3,26.5
135.85,3,27
135.88333,3,28
135.91667,3,26
135.95,3,28
135.98333,3,27.5
136.01667,3,28
136.05,3,28
136.08333,3,27
136.11667,3,27
136.15,3,28
136.18333,3,26
136.21667,3,27
136.25,3,27
136.28333,3,28
136.31667,3,28
136.35,3,26
136.38333,3,28
136.41667,3,28
136.45,3,27
136.48333,3,27.5
136.51667,3,27
136.55,3,27
136.58333,3,27
136.61667,3,28
136.65,3,27
136.68333,3,28
136.71667,3,28
136.75,3,28
136.78333,3,28
136.81667,3,28
136.85,3,28
136.88333,3,28
136.91667,3,26
136.95,3,27
136.98333,3,28
137.01667,3,28
137.05,3,28
137.08333,3,27
137.11667,3,27.5
137.15,3,26.5
137.18333,3,28
137.21667,3,28
137.25,3,28
137.28333,3,27
137.31667,3,28
137.35,3,28
137.38333,3,12
137.41667,3,22.5
137.45,3,26
137.48333,3,27
137.51667,3,28
137.55,3,28
137.58333,3,28
137.61667,3,28
137.65,3,24
137.68333,3,21.5
137.71667,3,20
137.75,3,19
137.78333,3,22
137.81667,3,26
137.85,3,23
137.88333,3,24
137.91667,3,25
137.95,3,26
137.98333,3,26.5
138.01667,3,26
138.05,3,26.5
138.08333,3,27
138.11667,3,27
138.15,3,27
138.18333,3,26
138.21667,3,27
138.25,3,27
138.28333,3,27
138.31667,3,27
138.35,3,26
138.38333,3,26
138.41667,3,26
138.45,3,26
138.48333,3,27
138.51667,3,27
138.55,3,27
138.58333,3,27
138.61667,3,27
138.65,3,27
138.68333,3,26.5
138.71667,3,26
138.75,3,27
138.78333,3,27
138.81667,3,26
138.85,3,26.5
138.88333,3,27
138.91667,3,26
138.95,3,27
138.98333,3,26.5
139.01667,3,27
139.05,3,27
139.08333,3,27
139.11667,3,27
139.15,3,27
139.18333,3,27
139.21667,3,26.5
139.25,3,27
139.28333,3,27
139.31667,3,27
139.35,3,26
139.38333,3,27
139.41667,3,27
139.45,3,26
139.48333,3,26
139.51667,3,26.5
139.55,3,27
139.58333,3,27
139.61667,3,26
139.65,3,27
139.68333,3,27
139.71667,3,27
139.75,3,26
139.78333,3,27
139.81667,3,27
139.85,3,26.5
139.88333,3,25
139.91667,3,21
139.95,3,24.5
139.98333,3,26
140.01667,3,25
140.05,3,26.5
140.08333,3,27
140.11667,3,26.5
140.15,3,20
140.18333,3,27
140.21667,3,26.5
140.25,3,27
140.28333,3,26
140.31667,3,26.5
140.35,3,27
140.38333,3,27
140.41667,3,27
140.45,3,27
140.48333,3,27
140.51667,3,27
140.55,3,27
140.58333,3,27
140.61667,3,27
140.65,3,27
140.68333,3,27
140.71667,3,27
140.75,3,27
140.78333,3,27
140.81667,3,27
140.85,3,27
140.88333,3,27
140.91667,3,27
140.95,3,25
140.98333,3,26.5
141.01667,3,27
141.05,3,27
141.08333,3,26
141.11667,3,27
141.15,3,26.5
141.18333,3,27
141.21667,3,26.5
141.25,3,27
141.28333,3,27
141.31667,3,27
141.35,3,26.5
141.38333,3,26.5
141.41667,3,26.5
141.45,3,27
141.48333,3,26
141.51667,3,27
141.55,3,26
141.58333,3,26
141.61667,3,25
141.65,3,26.5
141.68333,3,27
141.71667,3,26
141.75,3,27
141.78333,3,27
141.81667,3,27
141.85,3,26
141.88333,3,27
141.91667,3,27
141.95,3,26.5
141.98333,3,27
142.01667,3,27
142.05,3,27
142.08333,3,26
142.11667,3,26.5
142.15,3,25
142.18333,3,27
142.21667,3,27
142.25,3,26.5
142.28333,3,25
142.31667,3,27
142.35,3,26
142.38333,3,25.5
142.41667,3,26
142.45,3,24
142.65,3,22
142.68333,3,24
142.71667,3,23
142.75,3,23.5
142.78333,3,23
142.81667,3,24
142.85,3,23
142.88333,3,25
142.91667,3,24.5
142.95,3,23
142.98333,3,26
143.01667,3,26
143.05,3,26
143.08333,3,26
143.11667,3,26
143.15,3,25.5
143.18333,3,25
143.21667,3,25
143.25,3,24.5
143.28333,3,24
143.31667,3,25
143.35,3,24.5
143.38333,3,25
143.41667,3,25
143.45,3,24
143.48333,3,25
143.51667,3,25
143.55,3,24
143.58333,3,24
143.61667,3,25
143.65,3,26
143.68333,3,25
143.71667,3,25
143.75,3,27
143.78333,3,25
143.81667,3,25.5
143.85,3,27
143.88333,3,26.5
143.91667,3,27
143.95,3,26
143.98333,3,25.5
144.01667,3,26
144.05,3,26
144.08333,3,26
144.11667,3,26
144.15,3,27
144.18333,3,26
144.21667,3,27
144.25,3,27
144.28333,3,26.5
144.31667,3,26
144.35,3,26
144.38333,3,26
144.41667,3,25
144.45,3,24.5
144.48333,3,23
144.51667,3,21
144.55,3,22.5
144.58333,3,24
144.61667,3,24
144.65,3,24.5
144.68333,3,22
144.71667,3,22
144.75,3,22
144.78333,3,22
144.81667,3,21.5
144.85,3,22
144.88333,3,21.5
144.91667,3,22
144.95,3,20
144.98333,3,18.5
145.01667,3,19.5
145.05,3,19
145.08333,3,20
145.11667,3,19
145.15,3,22
145.18333,3,21
145.21667,3,20
145.25,3,24.5
145.28333,3,22.5
145.31667,3,22
145.35,3,23
145.38333,3,23
145.41667,3,23.5
145.45,3,24
145.48333,3,24
145.51667,3,24
145.55,3,23.5
145.58333,3,23.5
145.61667,3,24
145.65,3,24
145.68333,3,24
145.71667,3,25
145.75,3,25
145.78333,3,25
145.81667,3,24
145.85,3,23
145.88333,3,23
145.91667,3,23
145.95,3,23
145.98333,3,23
146.01667,3,22.5
146.05,3,21
146.08333,3,21.5
146.11667,3,21.5
146.15,3,22
146.18333,3,22
146.21667,3,22
146.25,3,22
146.28333,3,21.5
146.31667,3,21
146.35,3,23
146.38333,3,22.5
146.41667,3,23
146.45,3,22.5
146.48333,3,23
146.51667,3,23
146.55,3,23
146.58333,3,23
146.61667,3,23
146.65,3,23.5
146.68333,3,24
146.71667,3,23
146.75,3,24.5
146.78333,3,22
146.81667,3,21.5
146.85,3,22.5
146.88333,3,20.5
146.91667,3,21.5
146.95,3,23
146.98333,3,23
147.01667,3,22.5
147.05,3,19
147.08333,3,14
147.11667,3,13
147.15,3,10.5
147.18333,3,12
147.21667,3,13
147.25,3,15.5
147.28333,3,18.5
147.31667,3,22
147.35,3,21
147.38333,3,23
147.41667,3,22
147.45,3,24
147.48333,3,24
147.51667,3,24
147.55,3,24
147.58333,3,23.5
147.61667,3,21
147.65,3,20
147.68333,3,22
147.71667,3,23
147.75,3,23
147.78333,3,24
147.81667,3,24
147.85,3,24
147.88333,3,23
147.91667,3,23
147.95,3,23
147.98333,3,22.5
148.01667,3,23
148.05,3,23
148.08333,3,23
148.11667,3,24
148.15,3,24
148.18333,3,24
148.21667,3,23
148.25,3,24
148.28333,3,24
148.31667,3,23
148.35,3,24
148.38333,3,22
148.41667,3,23
148.45,3,24
148.48333,3,23
148.51667,3,23
148.55,3,24
148.58333,3,24
148.61667,3,23
148.65,3,24
148.68333,3,24
148.71667,3,24
148.75,3,24
148.78333,3,23
148.81667,3,23
148.85,3,24
148.88333,3,24
148.91667,3,25
148.95,3,25
148.98333,3,25
149.01667,3,25
149.05,3,25
149.08333,3,25
149.11667,3,25
149.15,3,25
149.18333,3,24
149.21667,3,25
149.25,3,25
149.28333,3,25
149.31667,3,23
149.35,3,25
149.38333,3,24
149.41667,3,25
149.45,3,25
149.48333,3,24
149.51667,3,24
149.55,3,24
149.58333,3,25
149.61667,3,24
149.65,3,25
149.68333,3,24
149.71667,3,24.5
149.75,3,24
149.78333,3,25
149.81667,3,25
149.85,3,24
149.88333,3,25
149.91667,3,20
149.95,3,24
149.98333,3,23
150.01667,3,23
150.05,3,23.5
150.08333,3,24
150.11667,3,23
150.15,3,24
150.18333,3,25
150.21667,3,24.5
150.25,3,25
150.28333,3,25
150.31667,3,24.5
150.35,3,24
150.38333,3,24
150.41667,3,25
150.45,3,25
150.48333,3,24
150.51667,3,24
150.55,3,23
150.58333,3,24
150.61667,3,24
150.65,3,24
150.68333,3,24
150.71667,3,23.5
150.75,3,24
150.78333,3,23.5
150.81667,3,23
150.85,3,24
150.88333,3,24
150.91667,3,23
150.95,3,23
150.98333,3,22
151.01667,3,23
151.05,3,23
151.08333,3,23
151.11667,3,23
151.15,3,23
151.18333,3,22.5
151.21667,3,23
151.25,3,23
151.28333,3,22
151.31667,3,22.5
151.35,3,23
151.38333,3,23
151.41667,3,23
151.45,3,22.5
151.48333,3,22.5
151.51667,3,21
151.55,3,21
151.58333,3,23
151.61667,3,22.5
151.65,3,22.5
151.68333,3,24
151.71667,3,23.5
151.75,3,24
151.78333,3,24
151.81667,3,24
151.85,3,24
151.88333,3,23.5
151.91667,3,24
151.95,3,23
151.98333,3,22.5
152.01667,3,23
152.05,3,23
152.08333,3,23
152.11667,3,23
152.15,3,22
152.18333,3,23
152.21667,3,23
152.25,3,23
152.28333,3,24
152.31667,3,24
152.35,3,24
152.38333,3,24
152.41667,3,24
152.45,3,19
152.48333,3,23
152.51667,3,23
152.55,3,23
152.58333,3,23
152.61667,3,23
152.65,3,23
152.68333,3,23
152.71667,3,23
152.75,3,23
152.78333,3,23
152.81667,3,23
152.85,3,23
152.88333,3,23
152.91667,3,23
152.95,3,23
152.98333,3,23
153.01667,3,22
153.05,3,23
153.08333,3,23
153.11667,3,22
153.15,3,23
153.18333,3,22
153.21667,3,22
153.25,3,23
153.28333,3,22
153.31667,3,23
153.35,3,23
153.38333,3,23
153.41667,3,22.5
153.45,3,23
153.48333,3,23
153.51667,3,23
153.55,3,23
153.58333,3,22.5
153.61667,3,23
153.65,3,23
153.68333,3,23
153.71667,3,22.5
153.75,3,23
153.78333,3,23
153.81667,3,23
153.85,3,23
153.88333,3,23
153.91667,3,23
153.95,3,23
153.98333,3,23
154.01667,3,23
154.05,3,23
154.08333,3,22.5
154.11667,3,22
154.15,3,23
154.18333,3,23
154.21667,3,23
154.25,3,23
154.28333,3,23
154.31667,3,22.5
154.35,3,23
154.38333,3,23
154.41667,3,23
154.45,3,23
154.48333,3,22.5
154.51667,3,23
154.55,3,22
154.58333,3,23
154.61667,3,23
154.65,3,23
154.68333,3,23
154.71667,3,22.5
154.75,3,23
154.78333,3,22.5
154.81667,3,23
154.85,3,23
154.88333,3,22
154.91667,3,22
154.95,3,23
154.98333,3,23
155.01667,3,23
155.05,3,23
155.08333,3,23
155.11667,3,23
155.15,3,23
155.18333,3,23
155.21667,3,23
155.25,3,22
155.28333,3,19
155.31667,3,21
155.35,3,23
155.38333,3,22.5
155.41667,3,22.5
155.45,3,23
155.48333,3,23
155.51667,3,22.5
155.55,3,23
155.58333,3,23
155.61667,3,22.5
155.65,3,23
155.68333,3,23
155.71667,3,23
155.75,3,23
155.78333,3,23
155.81667,3,23
155.85,3,23
155.88333,3,22.5
155.91667,3,23
155.95,3,23
155.98333,3,22.5
156.01667,3,23
156.05,3,23
156.08333,3,22.5
156.11667,3,23
156.15,3,23
156.18333,3,23
156.21667,3,23
156.25,3,22.5
156.28333,3,23
156.31667,3,23
156.35,3,23
156.38333,3,23
156.41667,3,23
156.45,3,23
156.48333,3,22
156.51667,3,21.5
156.55,3,22
156.58333,3,22
156.61667,3,22
156.65,3,23
156.68333,3,23
156.71667,3,22.5
156.75,3,23
156.78333,3,23
156.81667,3,23
156.85,3,23
156.88333,3,23
156.91667,3,23
156.95,3,23
156.98333,3,22
157.01667,3,23
157.05,3,23
157.08333,3,23
157.11667,3,22
157.15,3,23
157.18333,3,23
157.21667,3,23
157.25,3,22
157.28333,3,22
157.31667,3,23
157.35,3,23
157.38333,3,23
157.41667,3,22.5
157.45,3,23
157.48333,3,23
157.51667,3,23
157.55,3,23
157.58333,3,23
157.61667,3,23
157.65,3,23
157.68333,3,23
157.71667,3,22
157.75,3,22
157.78333,3,22.5
157.81667,3,22
157.85,3,23
157.88333,3,23
157.91667,3,23
157.95,3,23
157.98333,3,23
158.01667,3,23
158.05,3,22.5
158.08333,3,22.5
158.11667,3,23
158.15,3,23
158.18333,3,22.5
158.21667,3,22
158.25,3,22
158.28333,3,22
158.31667,3,23
158.35,3,22
158.38333,3,22
158.41667,3,22
158.45,3,22
158.48333,3,22
158.51667,3,22
158.55,3,22
158.58333,3,22
158.61667,3,22.5
158.65,3,23
158.68333,3,22.5
158.71667,3,22
158.75,3,22.5
158.78333,3,22
158.81667,3,23
158.85,3,23
158.88333,3,23
158.91667,3,23
158.95,3,23
158.98333,3,22
159.01667,3,22
159.05,3,23
159.08333,3,23
159.11667,3,22
159.15,3,22.5
159.18333,3,22
159.21667,3,22
159.25,3,22
159.28333,3,23
159.31667,3,23
159.35,3,22
159.38333,3,22
159.41667,3,22
159.45,3,23
159.48333,3,22
159.51667,3,22
159.55,3,22
159.58333,3,23
159.61667,3,22
159.65,3,22
159.68333,3,22
159.71667,3,22
159.75,3,23
159.78333,3,22.5
159.81667,3,23
159.85,3,23
159.88333,3,23
159.91667,3,22.5
159.95,3,22
159.98333,3,23
160.01667,3,22
160.05,3,22
160.08333,3,22
160.11667,3,22
160.15,3,23
160.18333,3,23
160.21667,3,23
160.25,3,23
160.28333,3,22
160.31667,3,23
160.35,3,23
160.38333,3,23
160.41667,3,23
160.45,3,22
160.48333,3,22
160.51667,3,21
160.55,3,21
160.58333,3,23
160.61667,3,22.5
160.65,3,22.5
160.68333,3,22
160.71667,3,22
160.75,3,22
160.78333,3,22
160.81667,3,22
160.85,3,22
160.88333,3,22
160.91667,3,22.5
160.95,3,23
160.98333,3,23
161.01667,3,23
161.05,3,22.5
161.08333,3,23
161.11667,3,23
161.15,3,22
161.18333,3,22.5
161.21667,3,22
161.25,3,23
161.28333,3,22
161.31667,3,23
161.35,3,22.5
161.38333,3,23
161.41667,3,23
161.45,3,23
161.48333,3,23
161.51667,3,22
161.55,3,22
161.58333,3,23
161.61667,3,22.5
161.65,3,22.5
161.68333,3,21
161.71667,3,21
161.75,3,21
161.78333,3,21.5
161.81667,3,22
161.85,3,21
161.88333,3,22
161.91667,3,21
161.95,3,21
161.98333,3,21.5
162.01667,3,22
162.05,3,22.5
162.08333,3,22.5
162.11667,3,20
162.15,3,22
162.18333,3,21.5
162.21667,3,22
162.25,3,21.5
162.28333,3,22
162.31667,3,23
162.35,3,22
162.38333,3,23
162.41667,3,23
162.45,3,22
162.48333,3,21
162.51667,3,22.5
162.55,3,23
162.58333,3,21
162.61667,3,22
162.65,3,21.5
162.68333,3,20
162.71667,3,22
162.75,3,22
162.78333,3,21
162.81667,3,20
162.85,3,22
162.88333,3,21.5
162.91667,3,20.5
162.95,3,21
162.98333,3,23
163.01667,3,22.5
163.05,3,21
163.08333,3,20
163.11667,3,18
163.15,3,19
163.18333,3,22
163.21667,3,21
163.25,3,20
163.28333,3,22
163.31667,3,21
163.35,3,22
163.38333,3,23
163.41667,3,20.5
163.45,3,20.5
163.48333,3,22
163.51667,3,20.5
163.55,3,21
163.58333,3,23
163.61667,3,22
163.65,3,22
163.68333,3,23
163.71667,3,23
163.75,3,22.5
163.78333,3,21
163.81667,3,22
163.85,3,23
163.88333,3,22
163.91667,3,22.5
163.95,3,22.5
163.98333,3,23
164.01667,3,21
164.05,3,21
164.08333,3,18
164.11667,3,20.5
164.15,3,18
164.18333,3,21
164.21667,3,21
164.25,3,19
164.28333,3,19
164.31667,3,20
164.35,3,21
164.38333,3,21
164.41667,3,22
164.45,3,21.5
164.48333,3,22
164.51667,3,21
164.55,3,21.5
164.58333,3,20
164.61667,3,19
164.65,3,15.5
164.68333,3,19
164.71667,3,21
164.75,3,20
164.78333,3,19
164.81667,3,18
164.85,3,17
164.88333,3,19
164.91667,3,18.5
164.95,3,19
164.98333,3,19.5
165.01667,3,18.5
165.05,3,18
165.08333,3,19
165.11667,3,20
165.15,3,19
165.18333,3,21.5
165.21667,3,22
165.25,3,20.5
165.28333,3,20.5
165.31667,3,19
165.35,3,19.5
165.38333,3,20
165.41667,3,20
165.45,3,20
165.48333,3,20
165.51667,3,18
165.55,3,18
165.58333,3,19
165.61667,3,15
165.65,3,18
165.68333,3,19
165.71667,3,19
165.75,3,18.5
165.78333,3,21
165.81667,3,19
165.85,3,19.5
165.88333,3,20
165.91667,3,18
165.95,3,18.5
165.98333,3,21
166.01667,3,19.5
166.05,3,20
166.08333,3,18
166.11667,3,18
166.15,3,19
166.18333,3,19
166.21667,3,20
166.25,3,20
166.28333,3,20
166.31667,3,18.5
166.35,3,20
166.38333,3,21
166.41667,3,19
166.45,3,20.5
166.48333,3,20
166.51667,3,20
166.55,3,17
166.58333,3,21
166.61667,3,20
166.65,3,19.5
166.68333,3,20
166.71667,3,20.5
166.75,3,20
166.78333,3,21
166.81667,3,19
166.85,3,19.5
166.88333,3,19
166.91667,3,21
166.95,3,21
166.98333,3,21
167.01667,3,19.5
167.05,3,18
167.08333,3,16
167.11667,3,18.5
167.15,3,19
167.18333,3,19
167.21667,3,20
167.25,3,19
167.28333,3,19
167.31667,3,20
167.35,3,16
167.38333,3,12.5
167.41667,3,18
167.45,3,19
167.48333,3,20.5
167.51667,3,20
167.55,3,19.5
167.58333,3,20
167.61667,3,19.5
167.65,3,19
167.68333,3,21
167.71667,3,19
167.75,3,20
167.78333,3,20.5
167.81667,3,19
167.85,3,20.5
167.88333,3,20
167.91667,3,20
167.95,3,18
167.98333,3,20
168.01667,3,20
168.05,3,21.5
168.08333,3,21.5
168.11667,3,21
168.15,3,21
168.18333,3,23
168.21667,3,23
168.25,3,22
168.28333,3,23
168.31667,3,22.5
168.35,3,22
168.38333,3,22.5
168.41667,3,22
168.45,3,21
168.48333,3,20
168.51667,3,21
168.55,3,21.5
168.58333,3,20
168.61667,3,21
168.65,3,19.5
168.68333,3,20
168.71667,3,21
168.75,3,21
168.78333,3,22
168.81667,3,22
168.85,3,21
168.88333,3,22
168.91667,3,22.5
168.95,3,22
168.98333,3,22
169.01667,3,22.5
169.05,3,22
169.08333,3,21.5
169.11667,3,22
169.15,3,22
169.18333,3,23
169.21667,3,21.5
169.25,3,20
169.28333,3,20
169.31667,3,21
169.35,3,20.5
169.38333,3,21
169.41667,3,20
169.45,3,21
169.48333,3,22
169.51667,3,21
169.55,3,20
169.58333,3,16
169.61667,3,19.5
169.65,3,19.5
169.68333,3,21
169.71667,3,21
169.75,3,19.5
169.78333,3,20.5
169.81667,3,23
169.85,3,21
169.88333,3,18
169.91667,3,21
169.95,3,21.5
169.98333,3,21
170.01667,3,21
170.05,3,21
170.08333,3,21
170.11667,3,19
170.15,3,19
170.18333,3,20
170.21667,3,22.5
170.25,3,21
170.28333,3,22
170.31667,3,20
170.35,3,22.5
170.38333,3,22.5
170.41667,3,22
170.45,3,22
170.48333,3,21.5
170.51667,3,22
170.55,3,21.5
170.58333,3,21
170.61667,3,21.5
170.65,3,22
170.68333,3,22
170.71667,3,20
170.75,3,23
170.78333,3,23
170.81667,3,24
170.85,3,22.5
170.88333,3,23
170.91667,3,22
170.95,3,22.5
170.98333,3,22
171.01667,3,22.5
171.05,3,23
171.08333,3,23
171.11667,3,22
171.15,3,22.5
171.18333,3,22
171.21667,3,21.5
171.25,3,22
171.28333,3,23
171.31667,3,23
171.35,3,23
171.38333,3,22.5
171.41667,3,22
171.45,3,21.5
171.48333,3,22
171.51667,3,22
171.55,3,22
171.58333,3,23.5
171.61667,3,20
171.65,3,21
171.68333,3,23
171.71667,3,22
171.75,3,23
171.78333,3,23
171.81667,3,20
171.85,3,22
171.88333,3,23
171.91667,3,23
171.95,3,22.5
171.98333,3,23
172.01667,3,23
172.05,3,23
172.08333,3,21
172.11667,3,21
172.15,3,22
172.18333,3,21
172.21667,3,21.5
172.25,3,22
172.28333,3,22
172.31667,3,20
172.35,3,22
172.38333,3,22
172.41667,3,20.5
172.45,3,21
172.48333,3,23
172.51667,3,20
172.55,3,22
172.58333,3,22
172.61667,3,20
172.65,3,20.5
172.68333,3,20.5
172.71667,3,20
172.75,3,21.5
172.78333,3,21
172.81667,3,21
172.85,3,20
172.88333,3,21
172.91667,3,22
172.95,3,21
172.98333,3,21
173.01667,3,20
173.05,3,21
173.08333,3,21
173.11667,3,19.5
173.15,3,20.5
173.18333,3,20
173.21667,3,19
173.25,3,19
173.28333,3,20
173.31667,3,19
173.35,3,20
173.38333,3,20
173.41667,3,18
173.45,3,20
173.48333,3,21
173.51667,3,22
173.55,3,23
173.58333,3,22
173.61667,3,21
173.65,3,21
173.68333,3,21
173.71667,3,19
173.75,3,21
173.78333,3,23
173.81667,3,22
173.85,3,22.5
173.88333,3,22
173.91667,3,23
173.95,3,21.5
173.98333,3,21
174.01667,3,20
174.05,3,21
174.08333,3,23
174.11667,3,21
174.15,3,21
174.18333,3,23
174.21667,3,22.5
174.25,3,24
174.28333,3,24
174.31667,3,24
174.35,3,22
174.38333,3,23
174.41667,3,24
174.45,3,22
174.48333,3,23
174.51667,3,23
174.55,3,24
174.58333,3,24
174.61667,3,23
174.65,3,22.5
174.68333,3,21
174.71667,3,22
174.75,3,22
174.78333,3,23
174.81667,3,19
174.85,3,22
174.88333,3,20.5
174.91667,3,23
174.95,3,22.5
174.98333,3,24
175.01667,3,21
175.05,3,21.5
175.08333,3,23
175.11667,3,22
175.15,3,23
175.18333,3,22.5
175.21667,3,23
175.25,3,23
175.28333,3,23
175.31667,3,22.5
175.35,3,21
175.38333,3,21
175.41667,3,21
175.45,3,22.5
175.48333,3,23.5
175.51667,3,21
175.55,3,22
175.58333,3,23
175.61667,3,23
175.65,3,21
175.68333,3,21
175.71667,3,21
175.75,3,23
175.78333,3,22.5
175.81667,3,21
175.85,3,24
175.88333,3,24
175.91667,3,22
175.95,3,22
175.98333,3,22
176.01667,3,23
176.05,3,24
176.08333,3,24
176.11667,3,24
176.15,3,24
176.18333,3,24
176.21667,3,24
176.25,3,24
176.28333,3,24.5
176.31667,3,24
176.35,3,24
176.38333,3,22.5
176.41667,3,22
176.45,3,24
176.48333,3,25
176.51667,3,25
176.55,3,23.5
176.58333,3,23.5
176.61667,3,22
176.65,3,24
176.68333,3,25
176.71667,3,25
176.75,3,25
176.78333,3,25
176.81667,3,25
176.85,3,25
176.88333,3,23.5
176.91667,3,24
176.95,3,24
176.98333,3,24
177.01667,3,24
177.05,3,23.5
177.08333,3,23.5
177.11667,3,24
177.15,3,24
177.18333,3,24
177.21667,3,24
177.25,3,25
177.28333,3,25
177.31667,3,23.5
177.35,3,24
177.38333,3,23.5
177.41667,3,24.5
177.45,3,24
177.48333,3,24.5
177.51667,3,25
177.55,3,25
177.58333,3,24.5
177.61667,3,24
177.65,3,24
177.68333,3,23.5
177.71667,3,24
177.75,3,24
177.78333,3,23
177.81667,3,24
177.85,3,24
177.88333,3,24
177.91667,3,24
177.95,3,25
177.98333,3,25
178.01667,3,24
178.05,3,24
178.08333,3,23
178.11667,3,24
178.15,3,25
178.18333,3,25
178.21667,3,24.5
178.25,3,25
178.28333,3,24.5
178.31667,3,25
178.35,3,23
178.38333,3,24
178.41667,3,24
178.45,3,23
178.48333,3,23
178.51667,3,24
178.55,3,23
178.58333,3,23
178.61667,3,24
178.65,3,23.5
178.68333,3,23.5
178.71667,3,23
178.75,3,23
178.78333,3,14.5
178.81667,3,18
178.85,3,22
178.88333,3,22.5
178.91667,3,23
178.95,3,22.5
178.98333,3,22
179.01667,3,22
179.05,3,22
179.08333,3,22
179.11667,3,23.5
179.15,3,23.5
179.18333,3,24
179.21667,3,24
179.25,3,21
179.28333,3,22
179.31667,3,23
179.35,3,24
179.38333,3,23
179.41667,3,23
179.45,3,23
179.48333,3,22.5
179.51667,3,23
179.55,3,23
179.58333,3,23.5
179.61667,3,21.5
179.65,3,22
179.68333,3,22.5
179.71667,3,22
179.75,3,22
179.78333,3,22.5
179.81667,3,22
179.85,3,25
179.88333,3,23.5
179.91667,3,21
179.95,3,23
179.98333,3,23
180.01667,3,20.5
180.05,3,23.5
180.08333,3,24
180.11667,3,24
180.15,3,23
180.18333,3,21
180.21667,3,20.5
180.25,3,23
180.28333,3,23
180.31667,3,23.5
180.35,3,22
180.38333,3,21
180.41667,3,21
180.45,3,21
180.48333,3,21.5
180.51667,3,19
180.55,3,21.5
180.58333,3,21.5
180.61667,3,22
180.65,3,22
180.68333,3,22
180.71667,3,22
180.75,3,22
180.78333,3,22
180.81667,3,21
180.85,3,23.5
180.88333,3,24.5
180.91667,3,24
180.95,3,23.5
180.98333,3,23
181.01667,3,24
181.05,3,23
181.08333,3,24
181.11667,3,23
181.15,3,23
181.18333,3,24
181.21667,3,23.5
181.25,3,23
181.28333,3,24
181.31667,3,15
181.35,3,19
181.38333,3,22
181.41667,3,22
181.45,3,23
181.48333,3,23.5
181.51667,3,24
181.55,3,24
181.58333,3,22
181.61667,3,23
181.65,3,24
181.68333,3,22
181.71667,3,22
181.75,3,22
181.78333,3,22
181.81667,3,23
181.85,3,22
181.88333,3,23
181.91667,3,24
181.95,3,23.5
181.98333,3,23
182.01667,3,25
182.05,3,24
182.08333,3,23
182.11667,3,22.5
182.15,3,24
182.18333,3,25
182.21667,3,25
182.25,3,24
182.28333,3,24
182.31667,3,23
182.35,3,24
182.38333,3,23.5
182.41667,3,24
182.45,3,25
182.48333,3,24.5
182.51667,3,24
182.55,3,23
182.58333,3,23.5
182.61667,3,24
182.65,3,24
182.68333,3,25
182.71667,3,24
182.75,3,24
182.78333,3,24
182.81667,3,24
182.85,3,24
182.88333,3,24.5
182.91667,3,25
182.95,3,24.5
182.98333,3,24
183.01667,3,23
