elapsed_min,sequence,cloud_fraction_percent,status,valid
0,430,0.3891,0,1
0.04759,431,1.561,0,1
0.32999,432,0.3891,0,1
0.61876,433,0.7797,0,1
0.91146,434,0.3891,0,1
1.2,435,15.6237,0,1
1.48333,436,38.6709,0,1
1.77504,437,0,0,1
2.06111,438,0.3891,0,1
2.35,439,0.7797,0,1
2.62587,440,0.7797,0,1
2.94112,441,0.7797,0,1
3.22436,442,0.3891,0,1
3.50414,443,1.561,0,1
3.78886,444,0.7797,0,1
4.07474,445,0.3891,0,1
4.35794,446,0.3891,0,1
4.64225,447,0.7797,0,1
4.92668,448,1.561,0,1
5.20988,449,10.1549,0,1
5.49662,450,0.7797,0,1
5.77853,451,21.0925,0,1
6.11667,452,0,0,1
6.34693,453,2.3423,0,1
6.63333,454,7.8111,0,1
6.92147,454,7.8111,1,1
7.2017,456,8.2017,0,1
7.48741,457,12.4987,0,1
7.77387,458,21.0925,0,1
8.05916,459,13.6706,0,1
8.35,460,14.4518,0,1
8.63785,461,18.7488,0,1
8.91902,462,0.3891,0,1
9.21237,463,31.6396,0,1
9.49794,464,8.983,0,1
9.78333,465,3.9048,0,1
10.06667,466,1.1704,0,1
10.35,467,11.7174,0,1
10.64084,468,13.6706,0,1
10.9289,469,33.2021,0,1
11.21087,470,6.2486,0,1
11.49574,471,25.3895,0,1
11.77612,472,46.0929,0,1
12.06667,473,12.4987,0,1
12.3459,474,7.4205,0,1
12.63333,475,5.8579,0,1
12.92267,476,8.983,0,1
13.20838,477,15.6237,0,1
13.49129,478,33.2021,0,1
13.77636,479,10.1549,0,1
14.06018,480,2.7329,0,1
14.3461,481,6.2486,0,1
14.63648,482,13.6706,0,1
14.9205,483,3.5142,0,1
15.2068,484,30.0771,0,1
15.49031,485,9.7642,0,1
15.7797,486,21.0925,0,1
16.06491,487,8.2017,0,1
16.34683,488,0.7797,0,1
16.63821,489,3.5142,0,1
16.92153,490,22.6551,0,1
17.21118,491,25.3895,0,1
17.49763,492,21.0925,0,1
17.78333,493,26.952,0,1
18.0721,494,1.9516,0,1
18.35789,495,13.6706,0,1
18.6444,496,2.7329,0,1
18.92917,497,6.2486,0,1
19.21326,498,6.2486,0,1
19.50656,499,10.1549,0,1
19.84042,499,10.1549,1,0
19.97674,500,33.2021,0,1
20.26254,501,2.7329,0,1
20.55,502,19.9207,0,1
20.84021,503,19.9207,0,1
21.1259,504,10.1549,0,1
21.42613,505,38.6709,0,1
21.7064,506,57.8119,0,1
21.99736,507,12.4987,0,1
22.28084,508,10.1549,0,1
22.56376,509,1.1704,0,1
22.84228,510,10.1549,0,1
23.1271,511,11.7174,0,1
23.41049,512,31.6396,0,1
23.68982,513,36.7178,0,1
23.97744,514,36.7178,0,1
24.26297,515,5.8579,0,1
24.5435,516,0.7797,0,1
24.82972,517,33.2021,0,1
25.11474,518,28.5145,0,1
25.39524,519,17.5769,0,1
25.68333,520,13.6706,0,1
25.96667,521,36.7178,0,1
26.25,522,42.1866,0,1
26.5297,523,48.0461,0,1
26.81667,524,48.0461,0,1
27.1,525,1.561,0,1
27.38525,526,30.0771,0,1
27.66895,527,26.952,0,1
27.95378,528,5.0767,0,1
28.24259,529,10.1549,0,1
28.52739,530,25.3895,0,1
28.81667,531,40.6241,0,1
29.09765,532,38.6709,0,1
29.3784,533,19.9207,0,1
29.66667,534,9.7642,0,1
29.95,535,5.4673,0,1
30.23333,536,22.6551,0,1
30.52271,537,9.7642,0,1
30.80389,538,63.2807,0,1
31.0934,539,1.9516,0,1
31.37931,540,4.686,0,1
31.66415,541,3.9048,0,1
31.95,542,10.1549,0,1
32.23142,543,11.7174,0,1
32.51667,544,31.6396,0,1
32.80481,545,35.1553,0,1
33.08973,546,17.5769,0,1
33.37655,547,26.952,0,1
33.66274,548,16.405,0,1
33.94666,549,12.4987,0,1
34.23333,550,14.4518,0,1
34.52131,551,6.2486,0,1
34.80412,552,23.827,0,1
35.09447,553,49.9992,0,1
35.3808,554,51.9524,0,1
35.66323,555,30.0771,0,1
35.95,556,61.3275,0,1
36.24033,557,12.4987,0,1
36.52554,558,30.0771,0,1
36.81667,559,51.9524,0,1
37.1,560,40.6241,0,1
37.38333,561,51.9524,0,1
37.6741,562,28.5145,0,1
38.00833,562,28.5145,1,0
38.15,563,49.9992,0,1
38.42958,564,21.0925,0,1
38.71667,565,14.4518,0,1
39.00707,566,66.7964,0,1
39.2927,567,16.405,0,1
39.57521,568,31.6396,0,1
39.88333,569,0.7797,0,1
40.16667,570,44.1398,0,1
40.45,571,22.6551,0,1
40.73333,572,23.827,0,1
41.01175,573,5.0767,0,1
41.29457,574,46.0929,0,1
41.57967,575,55.8587,0,1
41.86352,576,19.9207,0,1
42.14616,577,14.4518,0,1
42.42854,578,35.1553,0,1
42.71167,579,10.9361,0,1
42.99688,580,8.983,0,1
43.28333,581,33.2021,0,1
43.56371,582,18.7488,0,1
43.84696,583,26.952,0,1
44.13009,584,64.8432,0,1
44.41667,585,22.6551,0,1
44.7,586,6.2486,0,1
44.98812,587,38.6709,0,1
45.27167,588,17.5769,0,1
45.55583,589,4.2954,0,1
45.83571,590,33.2021,0,1
46.12222,591,21.0925,0,1
46.41066,592,35.1553,0,1
46.6945,593,28.5145,0,1
46.97553,594,26.952,0,1
47.26421,595,25.3895,0,1
47.54785,596,49.9992,0,1
47.83333,597,5.8579,0,1
48.11667,598,6.2486,0,1
48.40541,599,40.6241,0,1
48.6899,600,4.2954,0,1
48.97517,601,33.2021,0,1
49.25558,602,14.4518,0,1
49.55,603,35.1553,0,1
49.82823,604,1.561,0,1
50.11036,605,23.827,0,1
50.4,606,7.4205,0,1
50.68333,607,3.9048,0,1
50.96934,608,3.9048,0,1
51.25648,609,2.3423,0,1
51.54652,610,0.7797,0,1
51.82964,611,1.1704,0,1
52.11453,612,4.2954,0,1
52.39671,613,1.561,0,1
52.68333,614,28.5145,0,1
52.97053,615,4.686,0,1
53.2574,616,11.7174,0,1
53.55,617,1.9516,0,1
53.83333,618,55.8587,0,1
54.11667,619,13.6706,0,1
54.40228,620,18.7488,0,1
54.69296,620,18.7488,1,1
54.97893,622,11.7174,0,1
55.26667,623,35.1553,0,1
55.55,624,1.1704,0,1
55.84011,625,30.0771,0,1
56.175,625,30.0771,1,0
56.36427,626,28.5145,0,1
56.65,627,17.5769,0,1
56.93333,628,7.8111,0,1
57.21868,629,11.7174,0,1
57.50421,630,1.9516,0,1
57.78867,631,1.561,0,1
58.08055,632,3.9048,0,1
58.37907,633,6.2486,0,1
58.66667,634,0.3891,0,1
58.95,635,1.1704,0,1
59.23333,636,0,0,1
59.51262,637,0.7797,0,1
59.8,638,53.9055,0,1
60.08333,639,10.9361,0,1
60.36667,640,31.6396,0,1
60.65,641,3.9048,0,1
60.93333,642,10.9361,0,1
61.21667,643,4.686,0,1
61.5,644,1.1704,0,1
61.78333,645,0.3891,0,1
62.06667,646,0,0,1
62.35,647,22.6551,0,1
62.63731,648,1.1704,0,1
62.92235,649,16.405,0,1
63.2061,649,16.405,1,1
63.48699,651,1.561,0,1
63.7737,652,17.5769,0,1
64.05486,653,1.561,0,1
64.34222,654,1.1704,0,1
64.62774,655,13.6706,0,1
64.90842,656,0,0,1
65.19357,657,0.3891,0,1
65.48333,658,26.952,0,1
65.76288,659,16.405,0,1
66.04634,660,8.2017,0,1
66.34011,661,0,0,1
66.62195,662,31.6396,0,1
66.90746,663,3.9048,0,1
67.18832,664,2.3423,0,1
67.47336,665,1.561,0,1
67.76363,666,0,0,1
68.043,667,25.3895,0,1
68.32617,668,74.609,0,1
68.61667,669,1.9516,0,1
68.90565,670,8.983,0,1
69.19063,671,42.1866,0,1
69.47436,672,0.3891,0,1
69.7598,673,8.2017,0,1
70.04645,674,1.9516,0,1
70.32831,675,11.7174,0,1
70.61667,676,76.1715,0,1
70.90511,677,0.3891,0,1
71.18845,678,3.9048,0,1
71.47387,679,0.3891,0,1
71.76431,680,8.983,0,1
72.05,681,0.3891,0,1
72.33333,682,51.9524,0,1
72.61851,683,17.5769,0,1
72.90515,684,2.7329,0,1
73.1929,685,5.4673,0,1
73.47938,686,0.3891,0,1
73.76667,687,1.561,0,1
74.05742,688,7.8111,0,1
74.39167,688,7.8111,1,0
74.53077,689,5.8579,0,1
74.80888,690,18.7488,0,1
75.1,691,22.6551,0,1
75.38521,692,31.6396,0,1
75.67571,693,16.405,0,1
75.96166,694,15.6237,0,1
76.24445,695,12.4987,0,1
76.52743,696,12.4987,0,1
76.83333,697,44.1398,0,1
77.11667,698,21.0925,0,1
77.4,699,12.4987,0,1
77.68333,700,8.983,0,1
77.96667,701,38.6709,0,1
78.25,702,10.1549,0,1
78.53333,703,7.8111,0,1
78.81667,704,9.7642,0,1
79.1,705,3.1235,0,1
79.38333,706,21.0925,0,1
79.66667,707,38.6709,0,1
79.95281,708,14.4518,0,1
80.23829,709,31.6396,0,1
80.5202,710,14.4518,0,1
80.80699,711,33.2021,0,1
81.09133,712,7.8111,0,1
81.37188,713,10.1549,0,1
81.65532,714,3.5142,0,1
81.94197,715,3.9048,0,1
82.22343,716,15.6237,0,1
82.50882,717,8.2017,0,1
82.79726,718,9.7642,0,1
83.0807,719,18.7488,0,1
83.36236,720,1.1704,0,1
83.65,721,49.9992,0,1
83.92746,722,2.7329,0,1
84.21667,723,28.5145,0,1
84.50185,724,38.6709,0,1
84.79175,725,16.405,0,1
85.07592,726,12.4987,0,1
85.36206,727,8.2017,0,1
85.64364,728,2.7329,0,1
85.93067,729,21.0925,0,1
86.21435,729,21.0925,1,1
86.5,731,19.9207,0,1
86.78333,732,8.983,0,1
87.06907,733,9.7642,0,1
87.35996,734,8.983,0,1
87.64331,735,1.9516,0,1
87.93061,736,19.9207,0,1
88.21667,737,5.0767,0,1
88.5,738,21.0925,0,1
88.78333,739,10.9361,0,1
89.07056,740,8.2017,0,1
89.35708,741,6.6392,0,1
89.64415,742,12.4987,0,1
89.92809,743,19.9207,0,1
90.21667,744,8.983,0,1
90.50258,745,6.6392,0,1
90.79137,746,23.827,0,1
91.07543,747,14.4518,0,1
91.36045,748,8.983,0,1
91.65,749,6.6392,0,1
91.93855,750,22.6551,0,1
92.2247,751,26.952,0,1
92.56187,751,26.952,1,0
92.7,752,5.4673,0,1
92.9795,753,15.6237,0,1
93.26864,754,1.561,0,1
93.55881,755,22.6551,0,1
93.84394,756,51.9524,0,1
94.12899,757,33.2021,0,1
94.41218,758,18.7488,0,1
94.7,759,11.7174,0,1
94.98904,760,16.405,0,1
95.29403,761,7.8111,0,1
95.58092,762,53.9055,0,1
95.85946,763,7.4205,0,1
96.14336,764,2.7329,0,1
96.42683,765,30.0771,0,1
96.70569,766,3.9048,0,1
96.99419,767,3.9048,0,1
97.27257,768,5.8579,0,1
97.55676,769,18.7488,0,1
97.83937,770,38.6709,0,1
98.12258,771,14.4518,0,1
98.40986,772,5.4673,0,1
98.69081,773,15.6237,0,1
98.9753,774,14.4518,0,1
99.25927,775,8.983,0,1
99.54403,776,30.0771,0,1
99.83333,777,22.6551,0,1
100.11135,778,7.8111,0,1
100.4,779,10.9361,0,1
100.67979,780,15.6237,0,1
100.96667,781,17.5769,0,1
101.25,782,2.3423,0,1
101.53826,783,12.4987,0,1
101.82325,784,6.6392,0,1
102.1087,785,26.952,0,1
102.39466,786,9.7642,0,1
102.67363,787,13.6706,0,1
102.96349,788,3.5142,0,1
103.24347,789,14.4518,0,1
103.52852,790,49.9992,0,1
103.81667,791,53.9055,0,1
104.1,792,9.7642,0,1
104.38512,793,22.6551,0,1
104.67415,794,15.6237,0,1
104.95245,795,8.2017,0,1
105.24184,796,0.3891,0,1
105.53038,797,18.7488,0,1
105.81174,798,5.0767,0,1
106.1,799,1.9516,0,1
106.38503,800,0,0,1
106.67308,801,2.3423,0,1
106.95588,802,0.3891,0,1
107.24235,803,1.9516,0,1
107.53131,804,1.9516,0,1
107.81667,805,9.7642,0,1
108.10435,806,10.1549,0,1
108.39136,807,3.5142,0,1
108.67375,808,6.6392,0,1
108.96314,809,38.6709,0,1
109.24677,810,1.9516,0,1
109.53333,811,1.561,0,1
109.82383,812,2.7329,0,1
110.11063,813,7.4205,0,1
110.3968,814,6.2486,0,1
110.73798,814,6.2486,1,0
110.86892,815,3.5142,0,1
111.15776,816,3.1235,0,1
111.44312,816,3.1235,1,1
111.72581,818,10.1549,0,1
112.01441,819,23.827,0,1
112.29602,820,1.9516,0,1
112.58808,821,38.6709,0,1
112.87327,822,1.1704,0,1
113.16074,823,17.5769,0,1
113.44713,824,0.3891,0,1
113.75,825,4.686,0,1
114.0288,826,0.7797,0,1
114.31667,827,48.0461,0,1
114.59499,828,4.2954,0,1
114.88333,829,3.1235,0,1
115.16667,830,2.7329,0,1
115.45,831,2.3423,0,1
115.73333,832,2.3423,0,1
116.01667,833,1.9516,0,1
116.29521,834,28.5145,0,1
116.58333,835,3.1235,0,1
116.86667,836,12.4987,0,1
117.15346,837,0.3891,0,1
117.4314,838,0.3891,0,1
117.71667,839,18.7488,0,1
118,840,1.561,0,1
118.28545,841,2.3423,0,1
118.569,842,2.3423,0,1
118.85232,843,10.9361,0,1
119.13732,844,3.5142,0,1
119.42425,845,1.9516,0,1
119.70884,846,0.3891,0,1
119.99293,847,22.6551,0,1
120.27742,848,8.983,0,1
120.56109,849,1.561,0,1
120.84279,850,6.6392,0,1
121.13046,851,5.4673,0,1
121.41143,852,13.6706,0,1
121.7,853,1.9516,0,1
121.98333,854,3.9048,0,1
122.26667,855,18.7488,0,1
122.55,856,10.1549,0,1
122.84089,857,16.405,0,1
123.12063,858,0,0,1
123.40637,859,33.2021,0,1
123.69587,860,16.405,0,1
123.97544,861,16.405,0,1
124.26667,862,2.7329,0,1
124.54531,863,18.7488,0,1
124.83333,864,15.6237,0,1
125.12473,865,17.5769,0,1
125.40607,866,15.6237,0,1
125.6948,867,12.4987,0,1
125.97771,868,8.2017,0,1
126.26253,869,11.7174,0,1
126.54808,870,10.9361,0,1
126.83786,871,28.5145,0,1
127.12461,872,21.0925,0,1
127.41067,873,13.6706,0,1
127.7,874,1.1704,0,1
127.98333,875,13.6706,0,1
128.26667,876,8.2017,0,1
128.55354,877,16.405,0,1
128.8439,878,7.4205,0,1
129.12628,879,17.5769,0,1
129.41667,880,5.4673,0,1
129.7,881,5.4673,0,1
129.98693,882,8.983,0,1
130.27418,883,6.2486,0,1
130.55979,884,8.983,0,1
130.84575,885,1.1704,0,1
131.13939,886,5.0767,0,1
131.42921,887,2.7329,0,1
131.70946,888,36.7178,0,1
132.01667,889,31.6396,0,1
132.355,889,31.6396,1,0
132.48825,890,5.8579,0,1
132.77166,891,8.2017,0,1
133.06034,892,6.2486,0,1
133.3359,893,5.0767,0,1
133.62574,894,8.2017,0,1
133.90388,895,12.4987,0,1
134.19176,896,6.6392,0,1
134.47661,897,23.827,0,1
134.75735,898,4.686,0,1
135.04064,899,10.9361,0,1
135.32417,900,21.0925,0,1
135.605,901,10.9361,0,1
135.88891,902,4.686,0,1
136.17644,903,6.6392,0,1
136.45808,904,7.4205,0,1
136.74251,905,0.7797,0,1
137.02621,906,15.6237,0,1
137.31044,907,3.1235,0,1
137.59552,908,7.4205,0,1
137.88333,909,2.3423,0,1
138.16294,910,18.7488,0,1
138.44634,911,1.9516,0,1
138.73333,912,3.9048,0,1
139.01667,913,0.3891,0,1
139.3072,914,6.6392,0,1
139.59151,915,0.3891,0,1
139.8772,916,1.1704,0,1
140.15705,917,4.2954,0,1
140.44353,918,0.7797,0,1
140.72536,919,1.9516,0,1
141.01182,920,8.2017,0,1
141.3,921,4.2954,0,1
141.58333,922,12.4987,0,1
141.86667,923,6.2486,0,1
142.15414,924,13.6706,0,1
142.44022,925,51.9524,0,1
142.65,0,0,0,0
143.01314,926,5.4673,0,1
143.32724,927,17.5769,0,1
143.61455,928,15.6237,0,1
143.9,929,0.3891,0,1
144.18561,930,2.3423,0,1
144.47757,931,11.7174,0,1
144.76481,932,0.3891,0,1
145.0538,933,4.686,0,1
145.33993,934,4.686,0,1
145.62629,935,2.3423,0,1
145.91319,936,1.1704,0,1
146.2022,937,1.9516,0,1
146.49268,938,1.561,0,1
146.78158,939,0.3891,0,1
147.06667,940,5.4673,0,1
147.35,941,1.9516,0,1
147.63604,942,11.7174,0,1
147.92911,943,7.8111,0,1
148.21667,944,3.9048,0,1
148.5,945,13.6706,0,1
148.79063,946,10.1549,0,1
149.12381,946,10.1549,1,0
149.2628,947,5.8579,0,1
149.55,948,4.686,0,1
149.84186,949,5.0767,0,1
150.12316,950,2.7329,0,1
150.41413,951,1.9516,0,1
150.69553,952,4.2954,0,1
151.00552,953,9.7642,0,1
151.28902,954,7.8111,0,1
151.57381,955,17.5769,0,1
151.85671,956,11.7174,0,1
152.13478,957,6.6392,0,1
152.41923,958,10.1549,0,1
152.70226,959,5.8579,0,1
152.98691,960,9.7642,0,1
153.27152,961,11.7174,0,1
153.55528,962,3.9048,0,1
153.84205,963,8.983,0,1
154.12506,964,3.1235,0,1
154.40691,965,8.2017,0,1
154.69463,966,8.983,0,1
154.97651,967,14.4518,0,1
155.26156,968,8.2017,0,1
155.54836,969,10.9361,0,1
155.83333,970,5.0767,0,1
156.11667,971,5.0767,0,1
156.39717,972,6.6392,0,1
156.68333,973,0,0,1
156.97152,974,8.2017,0,1
157.25653,975,3.1235,0,1
157.54081,976,3.1235,0,1
157.82736,977,2.3423,0,1
158.11028,978,1.561,0,1
158.40525,979,0.3891,0,1
158.69188,980,4.686,0,1
158.97525,981,0.3891,0,1
159.26229,982,0.3891,0,1
159.55176,983,4.2954,0,1
159.83995,984,4.2954,0,1
160.12819,985,12.4987,0,1
160.42241,986,0.3891,0,1
160.70592,987,0.7797,0,1
161,988,4.2954,0,1
161.3,989,9.7642,0,1
161.58333,990,0,0,1
161.8699,991,0.7797,0,1
162.15898,992,2.7329,0,1
162.45,993,2.7329,0,1
162.74157,994,1.9516,0,1
163.02777,995,0.7797,0,1
163.31845,996,0.7797,0,1
163.60626,997,5.4673,0,1
163.8967,998,2.7329,0,1
164.18005,999,8.983,0,1
164.47125,1000,8.2017,0,1
164.75786,1001,4.686,0,1
165.04203,1002,4.2954,0,1
165.33333,1003,5.8579,0,1
165.61667,1004,4.686,0,1
165.90908,1005,3.1235,0,1
166.19633,1006,6.2486,0,1
166.48333,1007,8.983,0,1
166.76667,1008,7.4205,0,1
167.05964,1009,5.4673,0,1
167.34729,1010,8.983,0,1
167.62461,1011,4.686,0,1
167.96852,1011,4.686,1,0
168.12175,1012,3.9048,0,1
168.4146,1013,7.8111,0,1
168.69008,1014,4.2954,0,1
168.98333,1015,5.0767,0,1
169.27524,1016,5.4673,0,1
169.58081,1017,10.9361,0,1
169.86667,1018,5.0767,0,1
170.15,1019,7.4205,0,1
170.43333,1020,5.4673,0,1
170.71667,1021,4.2954,0,1
170.99379,1022,7.8111,0,1
171.28025,1023,4.686,0,1
171.56508,1024,5.4673,0,1
171.85,1025,3.1235,0,1
172.13333,1026,4.686,0,1
172.4204,1027,9.7642,0,1
172.7,1028,5.4673,0,1
172.98697,1029,5.8579,0,1
173.2736,1030,4.686,0,1
173.55553,1031,3.5142,0,1
173.84046,1032,3.9048,0,1
174.12863,1033,6.2486,0,1
174.41115,1034,7.4205,0,1
174.69393,1035,6.2486,0,1
174.98007,1036,2.7329,0,1
175.26667,1037,4.2954,0,1
175.55647,1038,25.3895,0,1
175.84437,1039,2.7329,0,1
176.13144,1040,1.561,0,1
176.4128,1041,3.9048,0,1
176.7,1042,1.561,0,1
176.98333,1043,5.0767,0,1
177.27319,1044,1.9516,0,1
177.55903,1045,2.7329,0,1
177.84447,1046,1.9516,0,1
178.12654,1047,0.7797,0,1
178.41667,1048,3.9048,0,1
178.6941,1049,1.561,0,1
178.98523,1050,1.1704,0,1
179.27055,1051,1.1704,0,1
179.55757,1052,0,0,1
179.85,1053,0.3891,0,1
180.1318,1054,0.3891,0,1
180.41912,1055,3.9048,0,1
180.70234,1056,2.7329,0,1
180.99034,1057,1.1704,0,1
181.27643,1058,1.1704,0,1
181.56361,1059,5.8579,0,1
181.85,1060,1.9516,0,1
182.13739,1061,3.5142,0,1
182.42357,1062,0.7797,0,1
182.71081,1063,2.7329,0,1
182.99387,1064,14.4518,0,1
