elapsed_min,latitude_deg,longitude_deg,altitude_km,map_x,map_y
8.58333,48.0879712,11.296012,0.575,1088.2617572,-711.1657613
8.75,48.087952,11.2960232,0.572,1088.2618209,-711.1659248
8.91667,48.0879776,11.2960176,0.569,1088.261789,-711.1657068
9.08333,48.0879872,11.2960128,0.57,1088.2617617,-711.165625
9.25,48.0879744,11.2960208,0.572,1088.2618072,-711.165734
9.41667,48.087968,11.2960192,0.574,1088.2617981,-711.1657885
9.58333,48.0879584,11.2960264,0.576,1088.2618391,-711.1658703
9.75,48.0879584,11.296026,0.576,1088.2618368,-711.1658703
9.91667,48.0879584,11.2960264,0.575,1088.2618391,-711.1658703
10.08333,48.087648,11.2959784,0.634,1088.261566,-711.1685138
10.25,48.087312,11.2960032,0.684,1088.2617071,-711.1713753
10.41667,48.0870624,11.2958352,0.738,1088.2607514,-711.1735009
10.58333,48.0869152,11.2957888,0.804,1088.2604874,-711.1747545
10.75,48.0868608,11.2958536,0.865,1088.260856,-711.1752178
10.91667,48.0867456,11.2958624,0.905,1088.2609061,-711.1761989
11.08333,48.0868288,11.295704,0.932,1088.260005,-711.1754903
11.25,48.0869248,11.2954808,0.967,1088.2587352,-711.1746728
11.41667,48.086928,11.2952088,1.005,1088.2571878,-711.1746455
11.58333,48.0869152,11.2950128,1.045,1088.2560728,-711.1747545
11.75,48.086776,11.2946792,1.075,1088.254175,-711.17594
11.91667,48.0865312,11.2942832,1.118,1088.2519222,-711.1780248
12.08333,48.0863328,11.2938016,1.17,1088.2491824,-711.1797144
12.25,48.086192,11.2935208,1.216,1088.247585,-711.1809135
12.41667,48.0860352,11.2931648,1.275,1088.2455598,-711.1822488
12.58333,48.0859872,11.2929384,1.325,1088.2442718,-711.1826576
12.75,48.08616,11.2926732,1.3745,1088.2427631,-711.181186
12.91667,48.0861696,11.292364,1.423,1088.2410041,-711.1811042
13.08333,48.086128,11.291952,1.477,1088.2386603,-711.1814585
13.25,48.0861664,11.2916104,1.539,1088.2367169,-711.1811315
13.41667,48.0862784,11.2913752,1.581,1088.2353789,-711.1801777
13.58333,48.0863328,11.2911384,1.654,1088.2340318,-711.1797144
13.75,48.0863264,11.2909392,1.719,1088.2328986,-711.1797689
13.91667,48.0864864,11.290864,1.7825,1088.2324708,-711.1784063
14.08333,48.086656,11.2911432,1.852,1088.2340591,-711.1769619
14.25,48.086936,11.2915,1.9,1088.2360889,-711.1745774
14.41667,48.0872448,11.2918312,1.957,1088.237973,-711.1719476
14.58333,48.087632,11.292168,2.006,1088.2398891,-711.16865
14.75,48.0879968,11.2925456,2.078,1088.2420372,-711.1655432
14.91667,48.0881952,11.2929536,2.132,1088.2443583,-711.1638536
15.08333,48.0884784,11.293616,2.1925,1088.2481266,-711.1614417
15.25,48.0888992,11.2942928,2.242,1088.2519768,-711.1578579
15.41667,48.0891424,11.2949864,2.295,1088.2559226,-711.1557867
15.58333,48.0893696,11.2956728,2.358,1088.2598275,-711.1538517
15.75,48.089448,11.2965392,2.4175,1088.2647563,-711.153184
15.91667,48.0895616,11.2972568,2.472,1088.2688387,-711.1522165
16.08333,48.0896896,11.298192,2.529,1088.2741589,-711.1511264
16.25,48.0897392,11.2993012,2.581,1088.280469,-711.1507039
16.41667,48.0897088,11.3005296,2.654,1088.2874573,-711.1509628
16.58333,48.0897472,11.3014448,2.709,1088.2926638,-711.1506358
16.75,48.0897952,11.3027592,2.781,1088.3001412,-711.150227
16.91667,48.0900064,11.3036992,2.838,1088.3054888,-711.1484282
17.08333,48.0901856,11.3048408,2.906,1088.3119832,-711.146902
17.25,48.0901984,11.3061088,2.966,1088.3191967,-711.146793
17.41667,48.0900064,11.3072032,3.015,1088.3254226,-711.1484282
17.58333,48.0898016,11.3082312,3.076,1088.3312708,-711.1501725
17.75,48.089616,11.3091104,3.131,1088.3362725,-711.1517532
17.91667,48.0893584,11.310078,3.1805,1088.3417771,-711.1539471
18.08333,48.0889792,11.3112296,3.24,1088.3483284,-711.1571766
18.25,48.0884384,11.3122256,3.302,1088.3539945,-711.1617824
18.41667,48.0879712,11.313364,3.361,1088.3604708,-711.1657613
18.58333,48.0874592,11.3143912,3.417,1088.3663144,-711.1701217
18.75,48.087056,11.3156588,3.476,1088.3735256,-711.1735554
18.91667,48.0863616,11.3168688,3.532,1088.3804092,-711.1794691
19.08333,48.0857648,11.318326,3.5915,1088.388699,-711.1845515
19.25,48.0852544,11.3194688,3.659,1088.3952003,-711.1888981
19.41667,48.0845824,11.3205792,3.704,1088.4015172,-711.1946208
19.58333,48.0841088,11.3217736,3.758,1088.408312,-711.1986539
19.75,48.0834432,11.3228264,3.8175,1088.4143013,-711.204322
19.91667,48.082912,11.3239272,3.872,1088.4205636,-711.2088455
20.08333,48.0823712,11.3249712,3.932,1088.4265028,-711.2134507
20.25,48.0819552,11.3261496,3.985,1088.4332066,-711.2169932
20.41667,48.0815456,11.3274704,4.037,1088.4407205,-711.2204811
20.58333,48.0810688,11.328708,4.087,1088.4477611,-711.2245412
20.75,48.080512,11.3299176,4.136,1088.4546423,-711.2292825
20.91667,48.0801024,11.3312872,4.192,1088.4624338,-711.2327703
21.08333,48.079712,11.3324824,4.233,1088.4692332,-711.2360946
21.25,48.0792608,11.3338752,4.2915,1088.4771567,-711.2399366
21.41667,48.0785664,11.3349384,4.34,1088.4832051,-711.2458494
21.58333,48.0778192,11.3364988,4.403,1088.4920821,-711.2522117
21.75,48.0773504,11.3377584,4.457,1088.4992478,-711.2562034
21.91667,48.0769184,11.3389416,4.507,1088.5059789,-711.2598817
22.08333,48.0764672,11.3401384,4.561,1088.5127873,-711.2637235
22.25,48.075904,11.3410424,4.615,1088.5179301,-711.2685188
22.41667,48.0752576,11.342404,4.666,1088.5256761,-711.2740225
22.58333,48.074832,11.3439144,4.735,1088.5342686,-711.2776462
22.75,48.0741984,11.3451224,4.794,1088.5411408,-711.2830408
22.91667,48.07352,11.3463952,4.854,1088.5483816,-711.2888168
23.08333,48.0728,11.347764,4.922,1088.5561685,-711.2949469
23.25,48.0722784,11.3490584,4.976,1088.5635322,-711.2993877
23.41667,48.0717728,11.3502648,5.028,1088.5703953,-711.3036923
23.58333,48.071248,11.3517672,5.089,1088.5789423,-711.3081603
23.75,48.070704,11.35308,5.161,1088.5864107,-711.3127917
23.91667,48.0702016,11.354468,5.228,1088.5943068,-711.3170689
24.08333,48.0696432,11.355854,5.2925,1088.6021916,-711.3218228
24.25,48.06908,11.3573468,5.355,1088.610684,-711.3266176
24.41667,48.068512,11.3587856,5.417,1088.6188692,-711.3314531
24.58333,48.0677056,11.360316,5.489,1088.6275755,-711.3383181
24.75,48.0670784,11.3617304,5.553,1088.6356218,-711.3436575
24.91667,48.0664416,11.363146,5.6085,1088.643675,-711.3490785
25.08333,48.0658432,11.364768,5.668,1088.6529024,-711.3541726
25.25,48.0652,11.3663456,5.735,1088.6618772,-711.359648
25.41667,48.0645376,11.3680552,5.803,1088.6716029,-711.3652867
25.58333,48.0637424,11.3694476,5.8625,1088.6795241,-711.3720559
25.75,48.0631072,11.3713416,5.923,1088.6902989,-711.3774629
25.91667,48.0625184,11.3729008,5.982,1088.699169,-711.382475
26.08333,48.0616928,11.374638,6.0555,1088.7090517,-711.3895026
26.25,48.0611712,11.376208,6.107,1088.7179833,-711.3939425
26.41667,48.0604576,11.3779584,6.161,1088.7279411,-711.4000166
26.58333,48.0597472,11.3797656,6.235,1088.7382221,-711.4060634
26.75,48.0591136,11.381616,6.295,1088.7487488,-711.4114565
26.91667,48.0585152,11.3834368,6.357,1088.7591071,-711.4165498
27.08333,48.05808,11.385032,6.4135,1088.768182,-711.420254
27.25,48.0575296,11.386872,6.475,1088.7786496,-711.4249387
27.41667,48.057168,11.3883056,6.526,1088.7868052,-711.4280165
27.58333,48.05656,11.3898616,6.5835,1088.7956571,-711.4331913
27.75,48.0558944,11.3915464,6.645,1088.8052417,-711.4388564
27.91667,48.0554176,11.393112,6.707,1088.8141483,-711.4429145
28.08333,48.0547488,11.3950624,6.772,1088.8252439,-711.4486066
28.25,48.0539744,11.3968584,6.836,1088.8354611,-711.4551974
28.41667,48.0532672,11.3983008,6.896,1088.8436668,-711.4612163
28.58333,48.0526784,11.4004944,6.97,1088.8561459,-711.4662273
28.75,48.052168,11.4023612,7.029,1088.8667659,-711.4705711
28.91667,48.051392,11.4044712,7.091,1088.8787695,-711.4771752
29.08333,48.0507968,11.4061776,7.143,1088.888477,-711.4822406
29.25,48.0496064,11.4081704,7.205,1088.8998138,-711.4923711
29.41667,48.048752,11.410196,7.256,1088.9113372,-711.4996421
29.58333,48.0481728,11.4121472,7.31,1088.9224374,-711.504571
29.75,48.0475648,11.4143264,7.372,1088.9348346,-711.509745
29.91667,48.0470048,11.4160248,7.425,1088.9444966,-711.5145104
30.08333,48.0460864,11.4180288,7.489,1088.9558972,-711.5223256
30.25,48.0454784,11.4199928,7.553,1088.9670702,-711.5274994
30.41667,48.0448624,11.421808,7.6085,1088.9773966,-711.5327412
30.58333,48.0443872,11.4235016,7.668,1088.9870313,-711.5367848
30.75,48.0439008,11.4257736,7.728,1088.9999565,-711.5409237
30.91667,48.0432016,11.4273972,7.7955,1089.009193,-711.5468732
31.08333,48.0426816,11.4291248,7.866,1089.0190211,-711.5512979
31.25,48.0419968,11.430868,7.94,1089.028938,-711.5571248
31.41667,48.0415168,11.4332288,7.996,1089.0423683,-711.561209
31.58333,48.041184,11.434844,8.042,1089.051557,-711.5640407
31.75,48.0404064,11.4374008,8.107,1089.0661023,-711.570657
31.91667,48.0398496,11.4391296,8.168,1089.0759373,-711.5753946
32.08333,48.0390784,11.4413368,8.242,1089.0884938,-711.5819563
32.25,48.0388,11.4432496,8.308,1089.0993755,-711.584325
32.41667,48.038384,11.4455168,8.365,1089.1122734,-711.5878644
32.58333,48.0376576,11.4470928,8.435,1089.121239,-711.5940448
32.75,48.036944,11.4489472,8.49,1089.1317885,-711.6001161
32.91667,48.0362976,11.4505624,8.557,1089.1409772,-711.6056157
33.08333,48.0356032,11.4526616,8.6225,1089.1529193,-711.6115235
33.25,48.0350112,11.4547168,8.686,1089.1646111,-711.6165601
33.41667,48.0342144,11.4571904,8.755,1089.1786832,-711.623339
33.58333,48.0331296,11.4593232,8.815,1089.1908164,-711.6325679
33.75,48.0318272,11.4618816,8.892,1089.2053709,-711.6436477
33.91667,48.030928,11.4639264,8.954,1089.2170035,-711.6512973
34.08333,48.02984,11.4666224,9.022,1089.2323408,-711.6605528
34.25,48.0289184,11.4690568,9.083,1089.2461898,-711.6683927
34.41667,48.0277744,11.4715948,9.149,1089.2606282,-711.6781242
34.58333,48.0268224,11.4739784,9.221,1089.2741882,-711.6862223
34.75,48.026208,11.476304,9.274,1089.2874183,-711.6914486
34.91667,48.0253248,11.478998,9.3405,1089.3027442,-711.6989612
35.08333,48.0241664,11.4814032,9.399,1089.3164271,-711.7088146
35.25,48.0235296,11.4841344,9.457,1089.3319646,-711.7142311
35.41667,48.022384,11.4870912,9.527,1089.3487855,-711.7239752
35.58333,48.021696,11.48974,9.596,1089.3638542,-711.729827
35.75,48.0209856,11.4929144,9.655,1089.381913,-711.7358693
35.91667,48.0202976,11.4958432,9.715,1089.3985746,-711.7417209
36.08333,48.0196944,11.4987936,9.767,1089.4153591,-711.7468513
36.25,48.0191904,11.5022488,9.828,1089.4350154,-711.7511379
36.41667,48.0183744,11.5050824,9.892,1089.4511354,-711.7580779
36.58333,48.0175808,11.5083904,9.96,1089.4699543,-711.7648274
36.75,48.0171456,11.5112184,10.026,1089.4860425,-711.7685287
36.91667,48.016144,11.5146548,10.091,1089.5055918,-711.7770469
37.08333,48.0154624,11.517368,10.156,1089.5210268,-711.7828436
37.25,48.0143456,11.5201128,10.219,1089.5366417,-711.7923413
37.41667,48.0137568,11.5233448,10.29,1089.5550282,-711.7973486
37.58333,48.0129792,11.5265032,10.332,1089.572996,-711.8039614
37.75,48.0121952,11.5300312,10.392,1089.5930664,-711.8106285
37.91667,48.0113024,11.5327432,10.45,1089.6084946,-711.8182208
38.08333,48.0103936,11.5355648,10.516,1089.6245464,-711.8259489
38.25,48.0095776,11.5385096,10.582,1089.6412991,-711.8328878
38.41667,48.008576,11.5411848,10.645,1089.656518,-711.8414048
38.58333,48.008,11.5446008,10.697,1089.6759512,-711.8463027
38.75,48.0070624,11.548724,10.751,1089.6994076,-711.8542753
38.91667,48.0062272,11.5516032,10.809,1089.7157871,-711.861377
39.08333,48.0053568,11.5550968,10.89,1089.7356618,-711.8687779
39.25,48.0043904,11.55822,10.959,1089.7534293,-711.8769949
39.41667,48.003792,11.5618772,11.022,1089.7742347,-711.8820828
39.58333,48.0025952,11.565416,11.083,1089.7943666,-711.8922586
39.75,48.0015968,11.5690184,11.14,1089.8148602,-711.9007472
39.91667,48.000768,11.5724728,11.212,1089.8345119,-711.9077938
40.08333,47.9996672,11.5757496,11.258,1089.8531533,-711.9171527
40.25,47.99888,11.5790432,11.328,1089.8718902,-711.9238453
40.41667,47.9980992,11.5824448,11.387,1089.8912415,-711.9304834
40.58333,47.9971776,11.586632,11.458,1089.915062,-711.9383184
40.75,47.9968416,11.5899984,11.51,1089.9342131,-711.9411749
40.91667,47.9963616,11.5929096,11.568,1089.9507746,-711.9452555
41.08333,47.9958752,11.5968664,11.636,1089.9732844,-711.9493906
41.25,47.9952512,11.6001504,11.707,1089.9919667,-711.9546953
41.41667,47.9947936,11.6039256,11.76,1090.0134434,-711.9585854
41.58333,47.9942176,11.608352,11.818,1090.0386247,-711.963482
41.75,47.993856,11.6122424,11.874,1090.0607568,-711.9665559
41.91667,47.9934112,11.6158632,11.936,1090.0813551,-711.9703371
42.08333,47.9925568,11.6197688,12.011,1090.1035736,-711.9776001
42.25,47.9923584,11.6238992,12.071,1090.127071,-711.9792867
42.41667,47.9919776,11.6279332,12.1375,1090.15002,-711.9825237
42.58333,47.9915248,11.6323072,12.221,1090.1749032,-711.9863728
42.75,47.9912576,11.6366424,12.274,1090.1995657,-711.9886441
42.91667,47.9909088,11.640476,12.32,1090.2213746,-711.991609
43.08333,47.9904064,11.6446288,12.387,1090.2449994,-711.9958796
43.25,47.9900864,11.6479448,12.438,1090.2638638,-711.9985997
43.41667,47.9895488,11.6526288,12.508,1090.2905105,-712.0031695
43.58333,47.9891008,11.6565984,12.581,1090.3130931,-712.0069775
43.75,47.9887328,11.6606888,12.638,1090.336363,-712.0101056
43.91667,47.9885152,11.6644096,12.69,1090.3575302,-712.0119552
44.08333,47.9880992,11.6684896,12.739,1090.3807408,-712.0154912
44.25,47.9877632,11.6722864,12.793,1090.4023404,-712.0183471
44.41667,47.9871936,11.67658,12.864,1090.4267662,-712.0231886
44.58333,47.9866416,11.680316,12.918,1090.4480199,-712.0278805
44.75,47.9861856,11.684356,12.996,1090.471003,-712.0317564
44.91667,47.9860224,11.6878176,13.043,1090.4906957,-712.0331435
45.08333,47.9852672,11.6919968,13.105,1090.5144707,-712.0395624
45.25,47.9847904,11.6952152,13.149,1090.5327798,-712.0436149
45.41667,47.9843456,11.6994,13.198,1090.5565867,-712.0473954
45.58333,47.983936,11.7031752,13.246,1090.5780634,-712.0508767
45.75,47.9834976,11.7067296,13.316,1090.5982839,-712.0546028
45.91667,47.9827488,11.7099656,13.371,1090.6166932,-712.0609669
46.08333,47.9818336,11.712784,13.435,1090.6327268,-712.0687452
46.25,47.9811008,11.7153712,13.5,1090.647445,-712.0749732
46.41667,47.9801792,11.7180888,13.557,1090.6629052,-712.0828056
46.58333,47.9794784,11.7209536,13.601,1090.6792027,-712.0887614
46.75,47.9788672,11.7239904,13.654,1090.6964787,-712.0939557
46.91667,47.9783776,11.7264888,13.701,1090.7106918,-712.0981165
47.08333,47.9777504,11.729328,13.757,1090.7268437,-712.1034466
47.25,47.9773088,11.7315832,13.803,1090.7396733,-712.1071994
47.41667,47.9769136,11.7341816,13.882,1090.7544553,-712.1105579
47.58333,47.9763872,11.7372656,13.942,1090.7719999,-712.1150313
47.75,47.9758176,11.739712,14.001,1090.7859172,-712.1198717
47.91667,47.9751808,11.741704,14.065,1090.7972494,-712.1252832
48.08333,47.9745984,11.74362,14.128,1090.8081493,-712.1302323
48.25,47.9743488,11.7463112,14.207,1090.8234593,-712.1323533
48.41667,47.9738656,11.7485648,14.266,1090.8362798,-712.1364594
48.58333,47.9733696,11.7503644,14.321,1090.8465175,-712.1406742
48.75,47.973008,11.7524824,14.394,1090.8585665,-712.1437469
48.91667,47.9721984,11.7541368,14.45,1090.8679782,-712.1506264
49.08333,47.9712224,11.7562876,14.507,1090.8802139,-712.1589197
49.25,47.9702144,11.7580088,14.565,1090.8900056,-712.1674847
49.41667,47.9690624,11.7598256,14.646,1090.9003412,-712.1772732
49.58333,47.9682912,11.7615568,14.715,1090.9101898,-712.1838259
49.75,47.9675392,11.7626288,14.798,1090.9162883,-712.1902153
49.91667,47.9668416,11.7643192,14.862,1090.9259048,-712.1961425
50.08333,47.9667808,11.7659088,14.919,1090.9349478,-712.1966591
50.25,47.9664512,11.7679608,14.974,1090.9466214,-712.1994595
50.41667,47.9660864,11.7699608,15.043,1090.9579992,-712.202559
50.58333,47.9656272,11.771894,15.128,1090.968997,-712.2064605
50.75,47.965248,11.7743216,15.202,1090.9828073,-712.2096822
50.91667,47.96488,11.7759236,15.257,1090.9919209,-712.2128088
51.08333,47.9644112,11.777626,15.3305,1091.0016057,-712.2167918
51.25,47.9638576,11.7793468,15.404,1091.0113951,-712.2214952
51.41667,47.9634528,11.7810408,15.479,1091.0210321,-712.2249343
51.58333,47.9626528,11.78276,15.544,1091.0308124,-712.231731
51.75,47.9619392,11.7849072,15.603,1091.0430276,-712.2377935
51.91667,47.961328,11.7867552,15.666,1091.0535407,-712.242986
52.08333,47.9602816,11.7883104,15.743,1091.0623881,-712.2518757
52.25,47.9591584,11.7897632,15.812,1091.0706529,-712.2614176
52.41667,47.9582016,11.7912512,15.891,1091.0791179,-712.2695457
52.58333,47.9572768,11.7928472,15.9475,1091.0881974,-712.2774018
52.75,47.956304,11.7940328,16.013,1091.0949422,-712.2856656
52.91667,47.9556224,11.795108,16.082,1091.1010588,-712.2914555
53.08333,47.9549152,11.7963144,16.178,1091.1079219,-712.2974629
53.25,47.954608,11.7969288,16.23,1091.1114172,-712.3000724
53.41667,47.95428,11.797844,16.2985,1091.1166236,-712.3028586
53.58333,47.9538496,11.7990688,16.382,1091.1235914,-712.3065145
53.75,47.953552,11.7998432,16.439,1091.1279969,-712.3090424
53.91667,47.9531808,11.80112,16.515,1091.1352604,-712.3121955
54.08333,47.9528,11.8022328,16.582,1091.141591,-712.3154301
54.25,47.9525696,11.8037512,16.663,1091.150229,-712.3173871
54.41667,47.9520224,11.8055312,16.739,1091.1603553,-712.3220351
54.58333,47.95192,11.8068968,16.799,1091.168124,-712.3229048
54.75,47.9517984,11.8077248,16.867,1091.1728344,-712.3239377
54.91667,47.9518432,11.8085128,16.937,1091.1773173,-712.3235572
55.08333,47.9518112,11.8098588,17.0035,1091.1849745,-712.323829
55.25,47.9518176,11.810728,17.082,1091.1899193,-712.3237746
55.41667,47.95184,11.8118352,17.16,1091.196218,-712.3235844
55.58333,47.9518592,11.8132312,17.233,1091.2041597,-712.3234213
55.75,47.9518208,11.8141956,17.2815,1091.2096461,-712.3237475
55.91667,47.9517888,11.8151176,17.338,1091.2148912,-712.3240193
56.08333,47.951712,11.8162848,17.392,1091.2215313,-712.3246716
56.25,47.9515072,11.8173156,17.443,1091.2273954,-712.3264112
56.41667,47.9514272,11.818532,17.5,1091.2343154,-712.3270907
56.58333,47.9514976,11.8195432,17.543,1091.240068,-712.3264927
56.75,47.951568,11.8211352,17.598,1091.2491247,-712.3258947
56.91667,47.951632,11.8226296,17.643,1091.2576262,-712.3253511
57.08333,47.9515616,11.8242248,17.701,1091.2667011,-712.3259491
57.25,47.9512544,11.8255104,17.786,1091.2740147,-712.3285584
57.41667,47.9507728,11.826392,17.8485,1091.27903,-712.3326491
57.58333,47.9500192,11.8272184,17.919,1091.2837313,-712.3390499
57.75,47.9495936,11.8278752,17.988,1091.2874678,-712.3426648
57.91667,47.9495424,11.82876,18.08,1091.2925013,-712.3430997
58.08333,47.9489696,11.8295488,18.142,1091.2969887,-712.3479648
58.25,47.9488672,11.8301872,18.199,1091.3006205,-712.3488346
58.41667,47.9487424,11.8308208,18.266,1091.304225,-712.3498945
58.58333,47.9487968,11.8315488,18.334,1091.3083665,-712.3494325
58.75,47.9488832,11.8321592,18.414,1091.311839,-712.3486987
58.91667,47.9488896,11.8326304,18.484,1091.3145196,-712.3486443
59.08333,47.948784,11.8329868,18.568,1091.3165471,-712.3495412
59.25,47.9487456,11.8331888,18.649,1091.3176963,-712.3498674
59.41667,47.9488384,11.833412,18.7185,1091.318966,-712.3490792
59.58333,47.9488448,11.833952,18.805,1091.322038,-712.3490248
59.75,47.9488768,11.83436,18.875,1091.3243591,-712.348753
59.91667,47.9489344,11.8350096,18.947,1091.3280546,-712.3482638
60.08333,47.9492736,11.8350912,19.019,1091.3285188,-712.3453828
60.25,47.9494336,11.8352616,19.095,1091.3294882,-712.3440238
60.41667,47.9495936,11.8355744,19.174,1091.3312677,-712.3426648
60.58333,47.9497504,11.835832,19.248,1091.3327332,-712.341333
60.75,47.9499616,11.8361552,19.326,1091.3345718,-712.3395392
60.91667,47.9500896,11.8364008,19.4005,1091.335969,-712.338452
61.08333,47.9502368,11.836704,19.476,1091.3376939,-712.3372017
61.25,47.950544,11.8372432,19.551,1091.3407613,-712.3345924
61.41667,47.9507216,11.8375912,19.6145,1091.342741,-712.3330839
61.58333,47.950848,11.838248,19.68,1091.3464775,-712.3320103
61.75,47.9509024,11.8392464,19.738,1091.3521573,-712.3315483
61.91667,47.950832,11.8402488,19.813,1091.3578598,-712.3321462
62.08333,47.9507168,11.8406608,19.887,1091.3602037,-712.3331247
62.25,47.9506752,11.8407848,19.96,1091.3609091,-712.333478
62.41667,47.9510144,11.8409416,20.04,1091.3618011,-712.3305969
62.58333,47.951232,11.8412208,20.105,1091.3633894,-712.3287487
62.75,47.9512736,11.8415368,20.177,1091.3651871,-712.3283953
62.91667,47.9511648,11.84196,20.265,1091.3675947,-712.3293195
63.08333,47.9508864,11.8420688,20.34,1091.3682136,-712.3316842
63.25,47.9507136,11.8420408,20.417,1091.3680543,-712.3331519
63.41667,47.9507488,11.8420488,20.489,1091.3680998,-712.3328529
63.58333,47.9508736,11.842004,20.5705,1091.367845,-712.3317929
63.75,47.9507936,11.8418016,20.639,1091.3666935,-712.3324724
63.91667,47.9507072,11.8413592,20.725,1091.3641768,-712.3332062
64.08333,47.9508448,11.840888,20.809,1091.3614962,-712.3320375
64.25,47.9511232,11.8404856,20.875,1091.359207,-712.3296728
64.41667,47.9515712,11.8401192,20.96,1091.3571226,-712.3258675
64.58333,47.9520032,11.840204,21.028,1091.357605,-712.3221981
64.75,47.9521408,11.8401632,21.11,1091.3573729,-712.3210294
64.91667,47.9524832,11.839544,21.199,1091.3538503,-712.318121
65.08333,47.9528736,11.8392888,21.269,1091.3523985,-712.3148049
65.25,47.9532672,11.8392288,21.36,1091.3520572,-712.3114616
65.41667,47.9537024,11.8394032,21.415,1091.3530493,-712.3077649
65.58333,47.9539424,11.8397216,21.493,1091.3548607,-712.3057262
65.75,47.9540032,11.8395112,21.568,1091.3536637,-712.3052098
65.91667,47.9542352,11.83891,21.634,1091.3502436,-712.3032391
66.08333,47.954352,11.838124,21.704,1091.3457721,-712.302247
66.25,47.954816,11.8374824,21.781,1091.3421221,-712.2983055
66.41667,47.954976,11.8373088,21.856,1091.3411345,-712.2969464
66.58333,47.9550656,11.8373536,21.928,1091.3413894,-712.2961853
66.75,47.9551136,11.8372392,22.005,1091.3407386,-712.2957776
66.91667,47.9549952,11.8367168,22.093,1091.3377667,-712.2967833
67.08333,47.9547232,11.8363952,22.164,1091.3359371,-712.2990938
67.25,47.9545216,11.8359288,22.243,1091.3332838,-712.3008063
67.41667,47.9543424,11.8353584,22.313,1091.3300389,-712.3023285
67.58333,47.954472,11.8350132,22.3875,1091.3280751,-712.3012276
67.75,47.9546816,11.8342656,22.464,1091.3238221,-712.2994472
67.91667,47.9548288,11.8337088,22.5375,1091.3206545,-712.2981968
68.08333,47.9548672,11.832924,22.619,1091.3161899,-712.2978706
68.25,47.9550848,11.831888,22.6945,1091.3102962,-712.2960222
68.41667,47.9554112,11.8307656,22.777,1091.303911,-712.2932496
68.58333,47.9559712,11.8295416,22.851,1091.2969478,-712.2884926
68.75,47.95688,11.828872,22.922,1091.2931385,-712.2807726
68.91667,47.9573792,11.8280184,23.014,1091.2882825,-712.276532
69.08333,47.957536,11.8272272,23.096,1091.2837814,-712.2752
69.25,47.9577568,11.8270544,23.181,1091.2827984,-712.2733243
69.41667,47.9580768,11.8268184,23.244,1091.2814558,-712.2706059
69.58333,47.958384,11.8262664,23.31,1091.2783155,-712.2679962
69.75,47.9585216,11.8259888,23.381,1091.2767363,-712.2668273
69.91667,47.9587824,11.8257508,23.4645,1091.2753823,-712.2646118
70.08333,47.9590944,11.8252776,23.551,1091.2726903,-712.2619613
70.25,47.9592544,11.824372,23.629,1091.2675385,-712.260602
70.41667,47.9595744,11.8237792,23.703,1091.2641661,-712.2578836
70.58333,47.9597888,11.8234832,23.771,1091.2624822,-712.2560622
70.75,47.9599648,11.8232888,23.842,1091.2613763,-712.254567
70.91667,47.9602208,11.8230392,23.923,1091.2599563,-712.2523922
71.08333,47.9602656,11.8225184,23.986,1091.2569936,-712.2520116
71.25,47.9602048,11.8217656,24.055,1091.252711,-712.2525281
71.41667,47.9603232,11.8212344,24.133,1091.249689,-712.2515223
71.58333,47.96048,11.82064,24.197,1091.2463076,-712.2501902
71.75,47.9604768,11.8197344,24.266,1091.2411557,-712.2502174
71.91667,47.960264,11.8189112,24.3345,1091.2364726,-712.2520252
72.08333,47.95992,11.8177592,24.412,1091.229919,-712.2549476
72.25,47.9599968,11.8168056,24.4825,1091.2244941,-712.2542952
72.41667,47.9600512,11.8155616,24.567,1091.2174171,-712.253833
72.58333,47.9603168,11.8147456,24.64,1091.212775,-712.2515767
72.75,47.960672,11.8136128,24.712,1091.2063306,-712.2485591
72.91667,47.9610176,11.8125632,24.803,1091.2003595,-712.245623
73.08333,47.961392,11.8117096,24.869,1091.1955035,-712.2424423
73.25,47.9616448,11.8110304,24.949,1091.1916396,-712.2402946
73.41667,47.9620288,11.8104008,25.026,1091.1880579,-712.2370323
73.58333,47.9624896,11.8098504,25.098,1091.1849267,-712.2331175
73.75,47.9626784,11.8095016,25.172,1091.1829424,-712.2315135
73.91667,47.9628864,11.8092088,25.2445,1091.1812767,-712.2297464
74.08333,47.9629984,11.8093144,25.32,1091.1818775,-712.2287949
74.25,47.9629408,11.808816,25.384,1091.1790421,-712.2292842
74.41667,47.9627712,11.808178,25.455,1091.1754126,-712.2307251
74.58333,47.9626464,11.807388,25.523,1091.1709184,-712.2317854
74.75,47.9626272,11.8067888,25.584,1091.1675096,-712.2319485
74.91667,47.9626848,11.806156,25.656,1091.1639097,-712.2314591
75.08333,47.9626336,11.8054848,25.716,1091.1600913,-712.2318941
75.25,47.9625792,11.80502,25.784,1091.1574471,-712.2323563
75.41667,47.96232,11.8045612,25.856,1091.154837,-712.2345584
75.58333,47.96184,11.8041624,25.917,1091.1525683,-712.2386363
75.75,47.96104,11.8035056,25.989,1091.1488319,-712.2454328
75.91667,47.9604608,11.8026704,26.045,1091.1440805,-712.2503533
76.08333,47.9596208,11.80159,26.114,1091.1379342,-712.2574894
76.25,47.959048,11.800358,26.178,1091.1309255,-712.2623555
76.41667,47.9586528,11.7989456,26.246,1091.1228905,-712.2657127
76.58333,47.9583232,11.7975152,26.308,1091.1147531,-712.2685127
76.75,47.9580352,11.7964624,26.366,1091.1087639,-712.2709593
76.91667,47.9575584,11.7953224,26.435,1091.1022785,-712.2750097
77.08333,47.9569248,11.79452,26.496,1091.0977138,-712.280392
77.25,47.9561856,11.7933608,26.569,1091.0911192,-712.2866714
77.41667,47.9555168,11.7917328,26.645,1091.0818577,-712.2923526
77.58333,47.9550976,11.7902152,26.706,1091.0732242,-712.2959135
77.75,47.954688,11.7882416,26.78,1091.0619967,-712.2993928
77.91667,47.9543808,11.78656,26.834,1091.0524302,-712.3020023
78.08333,47.9540832,11.7847968,26.9,1091.0423996,-712.3045302
78.25,47.9538752,11.7830728,26.969,1091.0325919,-712.3062971
78.41667,47.9534944,11.781372,27.037,1091.0229163,-712.3095317
78.58333,47.9529344,11.779488,27.113,1091.0121984,-712.3142885
78.75,47.9523936,11.7780896,27.173,1091.0042431,-712.3188821
78.91667,47.9515072,11.7763376,27.247,1090.9942761,-712.3264112
79.08333,47.9507968,11.7747568,27.308,1090.9852831,-712.3324452
79.25,47.9500384,11.772452,27.381,1090.9721714,-712.3388869
79.41667,47.9495616,11.7704424,27.449,1090.960739,-712.3429366
79.58333,47.9492224,11.7684168,27.5145,1090.9492156,-712.3458177
79.75,47.9490752,11.7663792,27.582,1090.9376239,-712.3470679
79.91667,47.9489808,11.764834,27.6445,1090.9288334,-712.3478697
80.08333,47.9488672,11.763298,27.7105,1090.9200953,-712.3488346
80.25,47.9487808,11.761672,27.779,1090.9108452,-712.3495684
80.41667,47.9486656,11.7600888,27.838,1090.9018385,-712.3505468
80.58333,47.9483712,11.7581104,27.911,1090.8905836,-712.3530473
80.75,47.948112,11.7563504,27.97,1090.8805712,-712.3552488
80.91667,47.9479104,11.7541152,28.037,1090.8678554,-712.3569611
81.08333,47.9478432,11.7523592,28.095,1090.8578657,-712.3575318
81.25,47.9477856,11.7506848,28.158,1090.8483402,-712.358021
81.41667,47.9476736,11.7487784,28.225,1090.8374949,-712.3589723
81.58333,47.9475968,11.7473936,28.281,1090.8296169,-712.3596246
81.75,47.9472736,11.7458304,28.352,1090.8207241,-712.3623696
81.91667,47.947056,11.7442248,28.417,1090.81159,-712.3642177
82.08333,47.9467616,11.7425796,28.479,1090.8022306,-712.3667181
82.25,47.9463744,11.7406648,28.551,1090.7913375,-712.3700066
82.41667,47.9461184,11.738992,28.612,1090.7818212,-712.3721809
82.58333,47.9459072,11.7367424,28.685,1090.7690234,-712.3739746
82.75,47.9457856,11.7351248,28.746,1090.7598211,-712.3750073
82.91667,47.945712,11.7333352,28.822,1090.7496402,-712.3756324
83.08333,47.945584,11.7318296,28.894,1090.7410751,-712.3767195
83.25,47.9452656,11.7303708,28.961,1090.7327761,-712.3794237
83.41667,47.944656,11.72846,29.037,1090.7219058,-712.3846009
83.58333,47.944112,11.7266928,29.101,1090.7118524,-712.389221
83.75,47.94344,11.7248336,29.176,1090.7012756,-712.394928
83.91667,47.9428528,11.7231528,29.2435,1090.6917137,-712.3999149
84.08333,47.942304,11.7214684,29.312,1090.6821313,-712.4045755
84.25,47.9416192,11.7195112,29.386,1090.670997,-712.4103911
84.41667,47.941072,11.7178232,29.45,1090.6613942,-712.4150381
84.58333,47.9404992,11.7154192,29.525,1090.6477181,-712.4199024
84.75,47.9399552,11.71362,29.586,1090.6374827,-712.4245221
84.91667,47.939424,11.7112624,29.66,1090.6240705,-712.429033
85.08333,47.9390688,11.7090264,29.728,1090.6113502,-712.4320493
85.25,47.938688,11.7066492,29.7925,1090.5978266,-712.435283
85.41667,47.9383584,11.704036,29.86,1090.5829604,-712.4380819
85.58333,47.9379872,11.7018608,29.918,1090.5705859,-712.4412341
85.75,47.93744,11.6991904,29.979,1090.5553943,-712.4458807
85.91667,47.936928,11.6962184,30.05,1090.5384869,-712.4502284
86.08333,47.9368112,11.6936564,30.111,1090.523912,-712.4512202
86.25,47.9367712,11.6911824,30.181,1090.5098377,-712.4515599
86.41667,47.9367552,11.6891544,30.242,1090.4983006,-712.4516957
86.58333,47.9365952,11.686672,30.313,1090.4841785,-712.4530544
86.75,47.9364064,11.6848872,30.372,1090.474025,-712.4546576
86.91667,47.9362144,11.6826824,30.445,1090.4614821,-712.4562879
87.08333,47.935904,11.6805536,30.512,1090.4493716,-712.4589236
87.25,47.9355744,11.6789076,30.5805,1090.4400077,-712.4617224
87.41667,47.9352384,11.6764296,30.649,1090.4259106,-712.4645755
87.58333,47.93496,11.674284,30.714,1090.4137045,-712.4669394
87.75,47.9348576,11.6715504,30.795,1090.3981534,-712.4678089
87.91667,47.9347648,11.6693868,30.861,1090.3858449,-712.4685969
88.08333,47.9346656,11.6674228,30.935,1090.3746719,-712.4694392
88.25,47.9347904,11.6646864,31.01,1090.3591049,-712.4683795
88.41667,47.9351552,11.6623048,31.078,1090.3455562,-712.4652819
88.58333,47.9357216,11.6596116,31.1535,1090.3302349,-712.4604725
88.75,47.9360672,11.6572416,31.223,1090.3167522,-712.4575378
88.91667,47.9364768,11.6549384,31.299,1090.3036496,-712.4540598
89.08333,47.9366304,11.6529272,31.372,1090.2922081,-712.4527555
89.25,47.9368096,11.6506904,31.432,1090.2794832,-712.4512338
89.41667,47.9371312,11.6484328,31.509,1090.2666399,-712.4485029
89.58333,47.9375008,11.6466904,31.577,1090.2567276,-712.4453644
89.75,47.9377696,11.6446456,31.648,1090.245095,-712.4430819
89.91667,47.937936,11.6423184,31.726,1090.2318558,-712.4416688
90.08333,47.9383616,11.6406144,31.789,1090.2221619,-712.4380548
90.25,47.9391808,11.6385936,31.872,1090.2106658,-712.4310983
90.41667,47.9395136,11.6365976,31.934,1090.1993108,-712.4282721
90.58333,47.939744,11.634076,32.009,1090.1849657,-712.4263156
90.75,47.9395696,11.6316168,32.076,1090.1709756,-712.4277966
90.91667,47.939728,11.6293112,32.143,1090.1578593,-712.4264515
91.08333,47.9398752,11.626784,32.213,1090.1434823,-712.4252014
91.25,47.9402176,11.624604,32.281,1090.1310805,-712.4222938
91.41667,47.9406816,11.6224096,32.349,1090.1185968,-712.4183534
91.58333,47.9408928,11.6204584,32.409,1090.1074967,-712.4165599
91.75,47.9411264,11.6179456,32.486,1090.0932016,-712.4145761
91.91667,47.941264,11.6157488,32.551,1090.0807043,-712.4134076
92.08333,47.941384,11.6133524,32.62,1090.0670714,-712.4123885
92.25,47.9416704,11.610672,32.694,1090.0518229,-712.4099563
92.41667,47.94216,11.6081816,32.76,1090.0376553,-712.4057984
92.58333,47.942744,11.6057452,32.825,1090.0237949,-712.4008389
92.75,47.943584,11.6034344,32.897,1090.010649,-712.3937051
92.91667,47.9441536,11.6014296,32.959,1089.9992439,-712.3888677
93.08333,47.944672,11.5989392,33.027,1089.9850763,-712.384465
93.25,47.9454112,11.5965432,33.094,1089.9714458,-712.3781871
93.41667,47.9461696,11.594632,33.162,1089.9605732,-712.371746
93.58333,47.9471904,11.5928176,33.237,1089.9502512,-712.3630762
93.75,47.947976,11.5913076,33.3,1089.941661,-712.3564039
93.91667,47.948928,11.589692,33.374,1089.93247,-712.3483182
94.08333,47.9497824,11.588888,33.432,1089.9278962,-712.3410612
94.25,47.9505984,11.5876056,33.507,1089.9206007,-712.3341304
94.41667,47.95128,11.5860872,33.577,1089.9119627,-712.328341
94.58333,47.9516992,11.5846664,33.64,1089.90388,-712.3247803
94.75,47.9519104,11.5829064,33.712,1089.8938675,-712.3229864
94.91667,47.9523424,11.5810792,33.776,1089.8834728,-712.319317
95.08333,47.9530048,11.5794184,33.8385,1089.8740247,-712.3136905
95.25,47.9534592,11.577492,33.905,1089.8630656,-712.3098307
95.41667,47.9540224,11.5760176,33.972,1089.8546779,-712.3050467
95.58333,47.954576,11.5743464,34.048,1089.8451706,-712.3003442
95.75,47.954896,11.5733336,34.108,1089.8394089,-712.297626
95.91667,47.9554816,11.5722736,34.183,1089.8333787,-712.2926516
96.08333,47.9558272,11.5709568,34.243,1089.8258876,-712.2897158
96.25,47.9564704,11.5694664,34.312,1089.8174089,-712.2842521
96.41667,47.9571584,11.5677032,34.378,1089.8073782,-712.2784076
96.58333,47.9578176,11.5657432,34.449,1089.796228,-712.2728078
96.75,47.9586592,11.5636376,34.527,1089.7842495,-712.2656584
96.91667,47.9592928,11.5620424,34.59,1089.7751745,-712.2602758
97.08333,47.9600832,11.560406,34.6645,1089.7658652,-712.2535612
97.25,47.9605792,11.5588168,34.731,1089.7568245,-712.2493475
97.41667,47.9608704,11.557168,34.812,1089.7474446,-712.2468736
97.58333,47.9610336,11.5553224,34.88,1089.7369452,-712.2454871
97.75,47.9610608,11.5538176,34.95,1089.7283846,-712.245256
97.91667,47.961328,11.5517264,35.025,1089.716488,-712.242986
98.08333,47.9615008,11.5500152,35.09,1089.7067531,-712.241518
98.25,47.9620672,11.5482176,35.172,1089.6965268,-712.2367061
98.41667,47.9626304,11.5468712,35.246,1089.6888673,-712.2319213
98.58333,47.9630704,11.5456128,35.314,1089.6817084,-712.2281832
98.75,47.9636544,11.5446136,35.389,1089.676024,-712.2232216
98.91667,47.9639936,11.5439984,35.453,1089.6725242,-712.2203397
99.08333,47.9641504,11.5432856,35.527,1089.6684692,-712.2190076
99.25,47.9643808,11.5428688,35.599,1089.6660981,-712.2170501
99.41667,47.964624,11.5427056,35.679,1089.6651696,-712.2149838
99.58333,47.964816,11.5423696,35.751,1089.6632582,-712.2133526
99.75,47.9649024,11.5415328,35.813,1089.6584977,-712.2126185
99.91667,47.9646592,11.5407,35.891,1089.65376,-712.2146848
100.08333,47.9644672,11.5397064,35.956,1089.6481075,-712.216316
100.25,47.9642528,11.5381896,36.027,1089.6394786,-712.2181376
100.41667,47.9639968,11.536688,36.101,1089.6309362,-712.2203125
100.58333,47.9636896,11.5353356,36.1675,1089.6232425,-712.2229225
100.75,47.96352,11.5334856,36.239,1089.6127181,-712.2243634
100.91667,47.9634144,11.5320832,36.298,1089.60474,-712.2252606
101.08333,47.96312,11.5303136,36.372,1089.5946729,-712.2277618
101.25,47.9629792,11.5284024,36.435,1089.5838003,-712.228958
101.41667,47.9629744,11.5262608,36.5,1089.571617,-712.2289988
101.58333,47.9626592,11.5241384,36.57,1089.5595429,-712.2316766
101.75,47.9626688,11.5219824,36.63,1089.5472777,-712.2315951
101.91667,47.9624736,11.5195104,36.703,1089.5332147,-712.2332534
102.08333,47.9624224,11.5170472,36.764,1089.5192018,-712.2336884
102.25,47.9623328,11.5143136,36.836,1089.5036507,-712.2344496
102.41667,47.9621952,11.511608,36.903,1089.4882588,-712.2356186
102.58333,47.9621824,11.509342,36.9665,1089.4753678,-712.2357274
102.75,47.9620096,11.5070096,37.036,1089.4620991,-712.2371954
102.91667,47.9621536,11.5051192,37.096,1089.4513448,-712.2359721
103.08333,47.9620256,11.5028544,37.162,1089.4384606,-712.2370595
103.25,47.9616608,11.5000096,37.234,1089.4222768,-712.2401587
103.41667,47.9613552,11.4972968,37.2995,1089.406844,-712.242755
103.58333,47.9606816,11.4945632,37.369,1089.3912929,-712.2484775
103.75,47.9603392,11.4921328,37.431,1089.3774666,-712.2513864
103.91667,47.9597408,11.489248,37.507,1089.3610553,-712.25647
104.08333,47.9594656,11.4862888,37.572,1089.3442207,-712.2588079
104.25,47.9591648,11.48306,37.645,1089.3258524,-712.2613632
104.41667,47.9590176,11.4795048,37.722,1089.3056273,-712.2626137
104.58333,47.9591552,11.4766076,37.79,1089.2891455,-712.2614448
104.75,47.9593056,11.4736272,37.867,1089.2721903,-712.2601671
104.91667,47.9594496,11.4711352,37.932,1089.2580136,-712.2589438
105.08333,47.9595072,11.4685336,38.005,1089.2432134,-712.2584545
105.25,47.9592096,11.4656432,38.087,1089.2267702,-712.2609826
105.41667,47.9589936,11.4631484,38.1555,1089.2125776,-712.2628176
105.58333,47.9586112,11.4604152,38.23,1089.1970287,-712.2660661
105.75,47.9580512,11.4577376,38.293,1089.1817961,-712.2708234
105.91667,47.9575008,11.45454,38.373,1089.1636053,-712.275499
106.08333,47.9569472,11.4516832,38.436,1089.1473533,-712.2802017
106.25,47.9565056,11.4487984,38.401,1089.130942,-712.283953
106.41667,47.9562848,11.4459888,37.685,1089.1149585,-712.2858287
106.58333,47.9558448,11.4427792,36.827,1089.0966994,-712.2895663
106.75,47.9555712,11.4403584,35.881,1089.0829278,-712.2918905
106.91667,47.9555328,11.4388904,35.009,1089.0745765,-712.2922167
107.08333,47.9565504,11.4389424,34.2445,1089.0748723,-712.2835725
107.25,47.9570928,11.4387416,33.44,1089.07373,-712.2789649
107.41667,47.9568832,11.4370384,32.793,1089.0640407,-712.2807454
107.58333,47.9576864,11.4352096,32.039,1089.0536368,-712.2739223
107.75,47.9577904,11.432572,31.45,1089.0386318,-712.2730388
107.91667,47.9577024,11.4321648,30.792,1089.0363153,-712.2737864
108.08333,47.9577376,11.430956,30.275,1089.0294386,-712.2734874
108.25,47.9567744,11.42926,29.721,1089.0197902,-712.2816696
108.41667,47.9557408,11.4261,29.135,1089.0018133,-712.2904498
108.58333,47.95496,11.423824,28.669,1088.9888654,-712.2970823
108.75,47.954256,11.4215668,28.138,1088.9760245,-712.3030624
108.91667,47.9541696,11.42016,27.63,1088.9680213,-712.3037963
109.08333,47.9537952,11.4183712,27.1825,1088.957845,-712.3069766
109.25,47.9536032,11.4162032,26.706,1088.9455115,-712.3086075
109.41667,47.9531776,11.4159096,26.322,1088.9438413,-712.3122227
109.58333,47.9530912,11.4155128,25.885,1088.9415839,-712.3129566
109.75,47.9529472,11.4149352,25.52,1088.938298,-712.3141797
109.91667,47.9527392,11.4142504,25.095,1088.9344023,-712.3159465
110.08333,47.9525856,11.414456,24.774,1088.9355719,-712.3172512
110.25,47.9526016,11.4143232,24.429,1088.9348164,-712.3171153
110.41667,47.953168,11.4131056,24.056,1088.9278896,-712.3123042
110.58333,47.9533472,11.4122008,23.753,1088.9227423,-712.310782
110.75,47.9527472,11.4118024,23.422,1088.9204759,-712.3158786
110.91667,47.9528768,11.4121,23.108,1088.9221689,-712.3147777
111.08333,47.9530752,11.4119936,22.831,1088.9215636,-712.3130925
111.25,47.9534816,11.411316,22.5075,1088.9177088,-712.3096404
111.41667,47.9535264,11.4109728,22.231,1088.9157564,-712.3092599
111.58333,47.9538528,11.410868,21.958,1088.9151602,-712.3064873
111.75,47.9545312,11.410868,21.65,1088.9151602,-712.3007248
111.91667,47.9549376,11.4110128,21.379,1088.9159839,-712.2972726
112.08333,47.9551616,11.4109976,21.11,1088.9158975,-712.2953698
112.25,47.9555136,11.4110888,20.878,1088.9164163,-712.2923798
112.41667,47.9558704,11.4111192,20.6115,1088.9165892,-712.2893489
112.58333,47.956,11.4114352,20.374,1088.9183869,-712.288248
112.75,47.9560096,11.4116304,20.1175,1088.9194974,-712.2881664
112.91667,47.9561888,11.4118736,19.862,1088.9208809,-712.2866442
113.08333,47.9560512,11.412068,19.651,1088.9219868,-712.287813
113.25,47.9560608,11.4124928,19.427,1088.9244035,-712.2877315
113.41667,47.9559392,11.4130008,19.205,1088.9272934,-712.2887644
113.58333,47.9560848,11.4134336,18.978,1088.9297556,-712.2875276
113.75,47.9563072,11.4136232,18.764,1088.9308342,-712.2856384
113.91667,47.9563872,11.4140672,18.55,1088.9333601,-712.2849588
114.08333,47.9562112,11.4144472,18.334,1088.9355218,-712.2864539
114.25,47.9558304,11.4150528,18.149,1088.938967,-712.2896887
114.41667,47.9553632,11.416172,17.931,1088.945334,-712.2936573
114.58333,47.9544704,11.416548,17.765,1088.9474731,-712.3012412
114.75,47.9541408,11.4179936,17.57,1088.9556969,-712.304041
114.91667,47.954112,11.4190648,17.351,1088.9617909,-712.3042856
115.08333,47.9541632,11.4198896,17.177,1088.9664831,-712.3038507
115.25,47.9541472,11.421132,16.959,1088.9735509,-712.3039866
115.41667,47.9539648,11.4221672,16.779,1088.9794401,-712.305536
115.58333,47.9533744,11.4236512,16.586,1088.9878824,-712.310551
115.75,47.9530912,11.4248144,16.392,1088.9944997,-712.3129566
115.91667,47.952752,11.4260696,16.21,1089.0016404,-712.3158378
116.08333,47.9521568,11.426872,16.031,1089.0062052,-712.3208935
116.25,47.9513088,11.4275112,15.878,1089.0098415,-712.3280963
116.41667,47.9505504,11.4291496,15.683,1089.0191622,-712.3345381
116.58333,47.9499232,11.4307968,15.508,1089.0285329,-712.3398653
116.75,47.9493568,11.4324776,15.343,1089.0380948,-712.3446761
116.91667,47.9487712,11.434116,15.18,1089.0474155,-712.3496499
117.08333,47.9483104,11.43582,15.035,1089.0571093,-712.3535637
117.25,47.9479872,11.4378664,14.859,1089.0687511,-712.3563088
117.41667,47.9476736,11.4392936,14.7,1089.0768703,-712.3589723
117.58333,47.9469952,11.4405344,14.545,1089.083929,-712.3647341
117.75,47.9461472,11.442228,14.389,1089.0935637,-712.3719363
117.91667,47.9456704,11.4442504,14.235,1089.1050689,-712.3759857
118.08333,47.9453056,11.4464112,14.086,1089.1173615,-712.379084
118.25,47.9449856,11.4481264,13.953,1089.1271191,-712.3818017
118.41667,47.9447584,11.4503584,13.803,1089.1398167,-712.3837312
118.58333,47.9444608,11.4529656,13.642,1089.1546487,-712.3862587
118.75,47.9439968,11.4555368,13.496,1089.169276,-712.3901993
118.91667,47.9434592,11.4583072,13.358,1089.1850365,-712.394765
119.08333,47.942928,11.4610864,13.233,1089.2008471,-712.3992762
119.25,47.9423936,11.4648312,13.084,1089.2221508,-712.4038146
119.41667,47.9420608,11.4681464,12.959,1089.2410106,-712.4066409
119.58333,47.9416608,11.4719896,12.824,1089.2628742,-712.4100378
119.75,47.9412064,11.47638,12.675,1089.2878507,-712.4138967
119.91667,47.9408672,11.480456,12.54,1089.3110386,-712.4167773
120.08333,47.940432,11.484256,12.4135,1089.3326564,-712.4204731
120.25,47.9400096,11.48808,12.292,1089.3544107,-712.4240601
120.41667,47.9395968,11.492,12.164,1089.3767111,-712.4275656
120.58333,47.9390944,11.4961792,12.028,1089.4004861,-712.431832
120.75,47.9386528,11.4994784,11.916,1089.4192549,-712.435582
120.91667,47.9380832,11.5035064,11.781,1089.4421697,-712.4404189
121.08333,47.9376448,11.5067976,11.671,1089.460893,-712.4441416
121.25,47.937088,11.5106848,11.538,1089.4830069,-712.4488697
121.41667,47.9365392,11.5140252,11.4235,1089.50201,-712.4535299
121.58333,47.9359088,11.5174032,11.305,1089.5212271,-712.4588829
121.75,47.9352384,11.5208336,11.183,1089.5407423,-712.4645755
121.91667,47.9345696,11.5241096,11.068,1089.5593791,-712.4702544
122.08333,47.9339424,11.5270128,10.965,1089.575895,-712.47558
122.25,47.9333024,11.5301784,10.85,1089.5939038,-712.4810142
122.41667,47.932624,11.5334208,10.7295,1089.6123494,-712.4867744
122.58333,47.931904,11.5366184,10.611,1089.6305402,-712.4928878
122.75,47.9312128,11.5393232,10.51,1089.6459275,-712.4987565
122.91667,47.9303488,11.5426704,10.385,1089.6649694,-712.5060923
123.08333,47.9296256,11.5453776,10.282,1089.6803703,-712.5122326
123.25,47.9287328,11.54858,10.158,1089.6985884,-712.5198127
123.41667,47.9279968,11.5513528,10.04,1089.7143626,-712.5260614
123.58333,47.9272848,11.5540056,9.9305,1089.7294541,-712.5321063
123.75,47.9265312,11.5569528,9.81,1089.7462204,-712.5385043
123.91667,47.9259808,11.5594032,9.709,1089.7601604,-712.5431771
124.08333,47.9253168,11.5622244,9.591,1089.7762099,-712.5488142
124.25,47.9247584,11.564928,9.485,1089.7915904,-712.5535548
124.41667,47.9239072,11.5679368,9.377,1089.8087071,-712.5607811
124.58333,47.9230688,11.5706424,9.254,1089.824099,-712.5678985
124.75,47.9223648,11.5728944,9.155,1089.8369104,-712.5738749
124.91667,47.9213152,11.5752008,9.036,1089.8500312,-712.582785
125.08333,47.9202816,11.5770712,8.932,1089.8606717,-712.5915591
125.25,47.9188928,11.5793116,8.8275,1089.8734171,-712.6033482
125.41667,47.9180608,11.581172,8.734,1089.8840007,-712.6104107
125.58333,47.9170624,11.5832288,8.627,1089.8957016,-712.6188854
125.75,47.9163712,11.5860168,8.519,1089.9115622,-712.6247525
125.91667,47.915696,11.588364,8.417,1089.9249152,-712.6304837
126.08333,47.9151232,11.5903232,8.322,1089.9360609,-712.6353456
126.25,47.9145696,11.5928224,8.211,1089.9502785,-712.6400445
126.41667,47.9140288,11.594676,8.127,1089.9608235,-712.6446347
126.58333,47.9133728,11.5968304,8.025,1089.9730796,-712.6502026
126.75,47.9128736,11.5985552,7.943,1089.9828918,-712.6544397
126.91667,47.9123232,11.6006392,7.843,1089.9947474,-712.6591112
127.08333,47.9119232,11.6023904,7.756,1090.0047098,-712.6625062
127.25,47.9114176,11.6044824,7.657,1090.016611,-712.6667974
127.41667,47.9109312,11.6064832,7.553,1090.0279933,-712.6709257
127.58333,47.9104704,11.6082344,7.463,1090.0379557,-712.6748366
127.75,47.9097888,11.6100032,7.367,1090.0480182,-712.6806214
127.91667,47.909248,11.6116248,7.278,1090.0572433,-712.6852112
128.08333,47.9084848,11.6136692,7.183,1090.0688737,-712.6916884
128.25,47.9078912,11.6156232,7.098,1090.0799898,-712.6967262
128.41667,47.9071424,11.617204,7.009,1090.0889828,-712.703081
128.58333,47.9062496,11.6195304,6.909,1090.1022174,-712.7106578
128.75,47.905568,11.6214192,6.828,1090.1129626,-712.7164422
128.91667,47.90448,11.6232464,6.732,1090.1233573,-712.7256753
129.08333,47.9036672,11.6245024,6.662,1090.1305025,-712.7325728
129.25,47.9028128,11.626084,6.565,1090.1395001,-712.7398233
129.41667,47.9021856,11.6277424,6.4855,1090.1489345,-712.7451456
129.58333,47.9014368,11.6292404,6.3985,1090.1574565,-712.7514998
129.75,47.9006432,11.6305448,6.311,1090.1648771,-712.758234
129.91667,47.9000864,11.631972,6.231,1090.1729963,-712.7629587
130.08333,47.8994016,11.6335752,6.142,1090.1821167,-712.7687696
130.25,47.8986928,11.634936,6.055,1090.1898581,-712.774784
130.41667,47.8981632,11.6364384,5.972,1090.1984051,-712.7792777
130.58333,47.8974496,11.6382696,5.879,1090.2088226,-712.7853327
130.75,47.8965984,11.6397936,5.79,1090.2174925,-712.7925551
130.91667,47.8957344,11.6412648,5.705,1090.225862,-712.799886
131.08333,47.895104,11.6426376,5.631,1090.2336717,-712.8052348
131.25,47.894528,11.6443144,5.538,1090.2432108,-712.810122
131.41667,47.894,11.645608,5.461,1090.25057,-712.8146018
131.58333,47.8933248,11.6468888,5.374,1090.2578563,-712.8203305
131.75,47.892592,11.6482856,5.276,1090.2658025,-712.8265478
131.91667,47.8920032,11.6495952,5.186,1090.2732527,-712.8315433
132.08333,47.8914848,11.6507968,5.095,1090.2800885,-712.8359415
132.25,47.8909248,11.6519312,5.005,1090.2865419,-712.8406925
132.41667,47.8904128,11.652948,4.923,1090.2923264,-712.8450363
132.58333,47.88976,11.6543592,4.819,1090.3003546,-712.8505746
132.75,47.888976,11.6554344,4.732,1090.3064713,-712.8572258
132.91667,47.8883904,11.65636,4.629,1090.3117369,-712.8621938
133.08333,47.8880352,11.6572832,4.535,1090.3169889,-712.8652072
133.25,47.8876,11.6582344,4.448,1090.3224001,-712.8688992
133.41667,47.8870176,11.6594584,4.356,1090.3293633,-712.8738399
133.58333,47.8865824,11.6606968,4.276,1090.3364085,-712.8775319
133.75,47.8857728,11.6620576,4.177,1090.3441499,-712.8843999
133.91667,47.8854432,11.663344,4.088,1090.3514681,-712.8871959
134.08333,47.8849472,11.664656,4.012,1090.3589319,-712.8914035
134.25,47.8844704,11.6658936,3.915,1090.3659725,-712.8954482
134.41667,47.8840384,11.667216,3.838,1090.3734955,-712.8991128
134.58333,47.8837664,11.6684128,3.756,1090.3803039,-712.9014201
134.75,47.8836032,11.6694888,3.68,1090.3864252,-712.9028045
134.91667,47.883104,11.6707328,3.599,1090.3935022,-712.9070391
135.08333,47.8825792,11.6718936,3.525,1090.4001058,-712.9114908
135.25,47.8820928,11.6730944,3.444,1090.406937,-712.9156167
135.41667,47.8815264,11.674284,3.367,1090.4137045,-712.9204212
135.58333,47.881352,11.6753424,3.287,1090.4197257,-712.9219005
135.75,47.8811456,11.6764752,3.206,1090.42617,-712.9236513
135.91667,47.8809056,11.6777528,3.122,1090.4334382,-712.9256871
136.08333,47.880704,11.6788544,3.0465,1090.439705,-712.9273971
136.25,47.8803104,11.6801672,2.969,1090.4471734,-712.9307357
136.41667,47.8802368,11.6813376,2.9,1090.4538317,-712.93136
136.58333,47.8802112,11.682732,2.811,1090.4617643,-712.9315772
136.75,47.8801664,11.68426,2.73,1090.4704569,-712.9319572
136.91667,47.880256,11.6859592,2.654,1090.4801234,-712.9311972
137.08333,47.8802976,11.6873752,2.574,1090.4881789,-712.9308443
137.25,47.8802304,11.6887208,2.502,1090.4958339,-712.9314143
137.41667,47.8804832,11.6903696,2.424,1090.5052137,-712.92927
137.58333,47.8803488,11.6918488,2.348,1090.5136287,-712.93041
137.75,47.8802928,11.6932636,2.265,1090.5216774,-712.930885
137.91667,47.8799936,11.6941608,2.188,1090.5267814,-712.9334229
138.08333,47.8797696,11.6948368,2.127,1090.5306271,-712.9353229
138.25,47.8796096,11.695616,2.063,1090.5350599,-712.9366801
138.41667,47.8794464,11.6962696,2.001,1090.5387782,-712.9380643
138.58333,47.879168,11.6969272,1.928,1090.5425192,-712.9404258
138.75,47.8789536,11.6971056,1.854,1090.5435341,-712.9422443
138.91667,47.8789472,11.6973088,1.791,1090.5446901,-712.9422986
139.08333,47.8786624,11.6973896,1.725,1090.5451497,-712.9447143
139.25,47.8786592,11.69738,1.67,1090.5450951,-712.9447414
139.41667,47.8786784,11.6973608,1.608,1090.5449859,-712.9445786
139.58333,47.8786432,11.6973304,1.548,1090.5448129,-712.9448771
139.75,47.8786048,11.6972048,1.491,1090.5440984,-712.9452028
139.91667,47.8785792,11.6966608,1.445,1090.5410037,-712.94542
140.08333,47.8786784,11.6963192,1.399,1090.5390603,-712.9445786
140.25,47.8787424,11.6958048,1.345,1090.536134,-712.9440357
140.41667,47.8788224,11.6953536,1.294,1090.5335671,-712.9433572
140.58333,47.8790016,11.6949128,1.23,1090.5310595,-712.9418372
140.75,47.8790976,11.6945464,1.176,1090.5289751,-712.9410229
140.91667,47.8792384,11.6940756,1.133,1090.5262967,-712.9398286
141.08333,47.8792768,11.693776,1.086,1090.5245924,-712.9395029
141.25,47.8793216,11.6934856,1.044,1090.5229403,-712.9391229
141.41667,47.8794896,11.6931816,0.9965,1090.5212109,-712.9376979
141.58333,47.8795904,11.6929296,0.958,1090.5197773,-712.9368429
141.75,47.8796416,11.6927044,0.912,1090.5184961,-712.9364086
141.91667,47.8796768,11.6926032,0.868,1090.5179204,-712.9361101
142.08333,47.8796704,11.692444,0.834,1090.5170148,-712.9361644
142.25,47.8796448,11.692316,0.778,1090.5162866,-712.9363815
142.41667,47.8796384,11.6921264,0.723,1090.515208,-712.9364358
142.58333,47.8796768,11.6921896,0.691,1090.5155675,-712.9361101
142.75,47.8796736,11.6921856,0.692,1090.5155447,-712.9361372
142.91667,47.8796704,11.6921776,0.692,1090.5154992,-712.9361644
143.08333,47.8796704,11.6921628,0.693,1090.515415,-712.9361644
143.25,47.8796576,11.6921688,0.693,1090.5154492,-712.9362729
143.41667,47.8796512,11.69218,0.692,1090.5155129,-712.9363272
143.58333,47.8796448,11.6921816,0.692,1090.515522,-712.9363815
143.75,47.8796448,11.6921776,0.693,1090.5154992,-712.9363815
143.91667,47.8796544,11.69218,0.693,1090.5155129,-712.9363001
144.08333,47.8796576,11.6921768,0.693,1090.5154947,-712.9362729
144.25,47.8796576,11.6921704,0.692,1090.5154583,-712.9362729
144.41667,47.8796608,11.692168,0.692,1090.5154446,-712.9362458
144.58333,47.8796608,11.6921664,0.691,1090.5154355,-712.9362458
144.75,47.8796512,11.6921568,0.69,1090.5153809,-712.9363272
144.91667,47.8796288,11.6921584,0.687,1090.51539,-712.9365172
145.08333,47.8796288,11.6921776,0.685,1090.5154992,-712.9365172
145.25,47.8796576,11.692168,0.689,1090.5154446,-712.9362729
145.41667,47.8796192,11.69216,0.686,1090.5153991,-712.9365986
145.58333,47.8796352,11.6921568,0.688,1090.5153809,-712.9364629
145.75,47.8796416,11.6921568,0.69,1090.5153809,-712.9364086
145.91667,47.8796512,11.6921568,0.691,1090.5153809,-712.9363272
146.08333,47.8796544,11.6921568,0.691,1090.5153809,-712.9363001
146.25,47.8796576,11.6921608,0.692,1090.5154037,-712.9362729
146.41667,47.8796608,11.6921624,0.693,1090.5154128,-712.9362458
146.58333,47.879664,11.6921648,0.692,1090.5154264,-712.9362186
146.75,47.8796704,11.6921672,0.693,1090.5154401,-712.9361644
146.91667,47.8796704,11.692168,0.693,1090.5154446,-712.9361644
147.08333,47.8796992,11.692148,0.695,1090.5153308,-712.9359201
147.25,47.8796464,11.6921404,0.697,1090.5152876,-712.9363679
147.41667,47.8796704,11.6921416,0.693,1090.5152944,-712.9361644
147.58333,47.8796704,11.6921432,0.693,1090.5153035,-712.9361644
147.75,47.8796736,11.6921472,0.692,1090.5153263,-712.9361372
147.91667,47.8796768,11.6921536,0.692,1090.5153627,-712.9361101
148.08333,47.8796736,11.6921584,0.693,1090.51539,-712.9361372
148.25,47.8796704,11.6921648,0.692,1090.5154264,-712.9361644
148.41667,47.879664,11.6921672,0.692,1090.5154401,-712.9362186
148.58333,47.8796704,11.692168,0.691,1090.5154446,-712.9361644
148.75,47.8796736,11.692168,0.691,1090.5154446,-712.9361372
148.91667,47.8796768,11.6921672,0.692,1090.5154401,-712.9361101
149.08333,47.8796768,11.6921664,0.692,1090.5154355,-712.9361101
149.25,47.8796768,11.6921656,0.691,1090.515431,-712.9361101
149.41667,47.8796736,11.6921648,0.692,1090.5154264,-712.9361372
149.58333,47.8796768,11.6921664,0.692,1090.5154355,-712.9361101
149.75,47.8796768,11.6921648,0.692,1090.5154264,-712.9361101
149.91667,47.8796736,11.6921568,0.693,1090.5153809,-712.9361372
150.08333,47.879664,11.692152,0.694,1090.5153536,-712.9362186
150.25,47.879664,11.6921564,0.694,1090.5153786,-712.9362186
150.41667,47.879664,11.6921568,0.694,1090.5153809,-712.9362186
150.58333,47.8796704,11.6921576,0.694,1090.5153855,-712.9361644
150.75,47.8796704,11.6921576,0.694,1090.5153855,-712.9361644
150.91667,47.8796704,11.692158,0.693,1090.5153877,-712.9361644
151.08333,47.8796736,11.6921576,0.692,1090.5153855,-712.9361372
151.25,47.8796736,11.69216,0.692,1090.5153991,-712.9361372
151.41667,47.8796768,11.6921624,0.692,1090.5154128,-712.9361101
151.58333,47.8796768,11.6921624,0.692,1090.5154128,-712.9361101
151.75,47.8796768,11.6921616,0.693,1090.5154082,-712.9361101
151.91667,47.8796768,11.6921608,0.693,1090.5154037,-712.9361101
152.08333,47.8796768,11.6921608,0.693,1090.5154037,-712.9361101
152.25,47.8796768,11.69216,0.693,1090.5153991,-712.9361101
152.41667,47.8796736,11.6921624,0.694,1090.5154128,-712.9361372
152.58333,47.8796768,11.692176,0.695,1090.5154901,-712.9361101
152.75,47.8796736,11.6921736,0.695,1090.5154765,-712.9361372
152.91667,47.8796768,11.692172,0.695,1090.5154674,-712.9361101
153.08333,47.8796768,11.6921696,0.694,1090.5154537,-712.9361101
153.25,47.87968,11.692168,0.693,1090.5154446,-712.9360829
153.41667,47.87968,11.6921656,0.692,1090.515431,-712.9360829
153.58333,47.8796832,11.6921624,0.692,1090.5154128,-712.9360558
153.75,47.8796832,11.69216,0.692,1090.5153991,-712.9360558
153.91667,47.8796896,11.69216,0.692,1090.5153991,-712.9360015
154.08333,47.8796832,11.6921608,0.692,1090.5154037,-712.9360558
154.25,47.8796832,11.69216,0.693,1090.5153991,-712.9360558
154.41667,47.87968,11.69216,0.693,1090.5153991,-712.9360829
154.58333,47.87968,11.69216,0.692,1090.5153991,-712.9360829
154.75,47.8796768,11.6921608,0.692,1090.5154037,-712.9361101
154.91667,47.8796736,11.6921608,0.692,1090.5154037,-712.9361372
155.08333,47.8796736,11.6921608,0.692,1090.5154037,-712.9361372
155.25,47.87968,11.6921584,0.692,1090.51539,-712.9360829
155.41667,47.8796784,11.6921672,0.693,1090.5154401,-712.9360965
155.58333,47.8796768,11.6921672,0.693,1090.5154401,-712.9361101
155.75,47.8796704,11.6921664,0.693,1090.5154355,-712.9361644
155.91667,47.8796704,11.6921648,0.693,1090.5154264,-712.9361644
156.08333,47.8796704,11.6921656,0.692,1090.515431,-712.9361644
156.25,47.8796704,11.6921656,0.692,1090.515431,-712.9361644
156.41667,47.8796736,11.6921672,0.692,1090.5154401,-712.9361372
156.58333,47.8796768,11.6921672,0.691,1090.5154401,-712.9361101
156.75,47.8796736,11.6921688,0.693,1090.5154492,-712.9361372
156.91667,47.8796704,11.6921712,0.694,1090.5154628,-712.9361644
157.08333,47.8796736,11.6921712,0.693,1090.5154628,-712.9361372
157.25,47.8796704,11.692168,0.692,1090.5154446,-712.9361644
157.41667,47.879664,11.6921656,0.691,1090.515431,-712.9362186
157.58333,47.879664,11.692168,0.692,1090.5154446,-712.9362186
157.75,47.8796576,11.692168,0.691,1090.5154446,-712.9362729
157.91667,47.8796576,11.6921664,0.691,1090.5154355,-712.9362729
158.08333,47.8796576,11.6921656,0.691,1090.515431,-712.9362729
158.25,47.8796576,11.6921656,0.691,1090.515431,-712.9362729
158.41667,47.8796576,11.6921664,0.691,1090.5154355,-712.9362729
158.58333,47.8796576,11.6921664,0.691,1090.5154355,-712.9362729
158.75,47.8796576,11.6921656,0.691,1090.515431,-712.9362729
158.91667,47.8796608,11.692168,0.691,1090.5154446,-712.9362458
159.08333,47.879664,11.6921704,0.691,1090.5154583,-712.9362186
159.25,47.879664,11.6921712,0.691,1090.5154628,-712.9362186
159.41667,47.8796608,11.6921712,0.69,1090.5154628,-712.9362458
159.58333,47.8796576,11.692172,0.69,1090.5154674,-712.9362729
159.75,47.8796576,11.692172,0.69,1090.5154674,-712.9362729
159.91667,47.8796576,11.6921712,0.691,1090.5154628,-712.9362729
160.08333,47.8796608,11.692168,0.691,1090.5154446,-712.9362458
160.25,47.879664,11.6921656,0.691,1090.515431,-712.9362186
160.41667,47.8796576,11.6921648,0.691,1090.5154264,-712.9362729
160.58333,47.8796608,11.6921672,0.691,1090.5154401,-712.9362458
160.75,47.8796608,11.692168,0.691,1090.5154446,-712.9362458
160.91667,47.8796576,11.6921688,0.69,1090.5154492,-712.9362729
161.08333,47.8796544,11.692168,0.69,1090.5154446,-712.9363001
161.25,47.8796544,11.6921672,0.69,1090.5154401,-712.9363001
161.41667,47.8796288,11.6921824,0.691,1090.5155265,-712.9365172
161.58333,47.8795136,11.69218,0.691,1090.5155129,-712.9374944
161.75,47.8794944,11.692192,0.692,1090.5155812,-712.9376572
161.91667,47.8794944,11.6922008,0.693,1090.5156312,-712.9376572
162.08333,47.8794848,11.6922008,0.692,1090.5156312,-712.9377386
162.25,47.8794816,11.6922032,0.692,1090.5156449,-712.9377658
162.41667,47.8794784,11.6922096,0.693,1090.5156813,-712.9377929
162.58333,47.8794784,11.6922064,0.693,1090.5156631,-712.9377929
162.75,47.8794816,11.6922144,0.695,1090.5157086,-712.9377658
162.91667,47.8794912,11.69222,0.696,1090.5157404,-712.9376844
163.08333,47.8794944,11.6922032,0.695,1090.5156449,-712.9376572
163.25,47.8794944,11.6921928,0.695,1090.5155857,-712.9376572
163.41667,47.8794976,11.6922048,0.696,1090.515654,-712.9376301
163.58333,47.8794944,11.6922104,0.695,1090.5156858,-712.9376572
163.75,47.8794976,11.6922144,0.694,1090.5157086,-712.9376301
163.91667,47.8794976,11.6922184,0.695,1090.5157313,-712.9376301
164.08333,47.8794976,11.6922216,0.695,1090.5157495,-712.9376301
164.25,47.8795008,11.6922272,0.695,1090.5157814,-712.9376029
164.41667,47.8794976,11.6922168,0.694,1090.5157222,-712.9376301
164.58333,47.8794976,11.6922144,0.693,1090.5157086,-712.9376301
164.75,47.8795104,11.6922024,0.693,1090.5156403,-712.9375215
164.91667,47.8795264,11.6921656,0.694,1090.515431,-712.9373858
165.08333,47.8795008,11.692216,0.692,1090.5157177,-712.9376029
165.25,47.879504,11.6922,0.694,1090.5156267,-712.9375758
165.41667,47.8795072,11.6921952,0.695,1090.5155994,-712.9375486
165.58333,47.8795008,11.6922064,0.695,1090.5156631,-712.9376029
165.75,47.8794944,11.692208,0.695,1090.5156722,-712.9376572
165.91667,47.8794912,11.6922104,0.695,1090.5156858,-712.9376844
166.08333,47.8794912,11.692212,0.6955,1090.5156949,-712.9376844
166.25,47.8794848,11.6922152,0.695,1090.5157131,-712.9377386
166.41667,47.8794816,11.69222,0.695,1090.5157404,-712.9377658
166.58333,47.8794848,11.6922216,0.695,1090.5157495,-712.9377386
166.75,47.8794848,11.6922216,0.694,1090.5157495,-712.9377386
166.91667,47.8794816,11.6922124,0.693,1090.5156972,-712.9377658
167.08333,47.8794816,11.6922248,0.693,1090.5157678,-712.9377658
167.25,47.8794912,11.6922168,0.693,1090.5157222,-712.9376844
167.41667,47.8794816,11.6922064,0.692,1090.5156631,-712.9377658
167.58333,47.8794784,11.692196,0.692,1090.5156039,-712.9377929
167.75,47.8794656,11.6921976,0.692,1090.515613,-712.9379015
167.91667,47.8794656,11.6922016,0.692,1090.5156358,-712.9379015
168.08333,47.8794656,11.6922112,0.693,1090.5156904,-712.9379015
168.25,47.879472,11.6922184,0.694,1090.5157313,-712.9378472
168.41667,47.879472,11.6922232,0.695,1090.5157586,-712.9378472
168.58333,47.879472,11.6922216,0.695,1090.5157495,-712.9378472
168.75,47.8794656,11.6922176,0.695,1090.5157268,-712.9379015
168.91667,47.879472,11.6922024,0.694,1090.5156403,-712.9378472
169.08333,47.879472,11.6921952,0.693,1090.5155994,-712.9378472
169.25,47.8794752,11.6922,0.694,1090.5156267,-712.9378201
169.41667,47.8794784,11.6922072,0.695,1090.5156676,-712.9377929
169.58333,47.8794784,11.6922024,0.695,1090.5156403,-712.9377929
169.75,47.8794848,11.6922,0.697,1090.5156267,-712.9377386
169.91667,47.8794912,11.6922024,0.696,1090.5156403,-712.9376844
170.08333,47.8794848,11.6922056,0.695,1090.5156585,-712.9377386
170.25,47.8794832,11.692214,0.695,1090.5157063,-712.9377522
170.41667,47.8794816,11.6922248,0.696,1090.5157678,-712.9377658
170.58333,47.8794848,11.6922296,0.695,1090.5157951,-712.9377386
170.75,47.8794848,11.6922224,0.695,1090.5157541,-712.9377386
170.91667,47.8794848,11.6922104,0.694,1090.5156858,-712.9377386
171.08333,47.8794912,11.6922032,0.694,1090.5156449,-712.9376844
171.25,47.8794912,11.6922028,0.693,1090.5156426,-712.9376844
171.41667,47.8794912,11.6922064,0.694,1090.5156631,-712.9376844
171.58333,47.8794848,11.6922016,0.693,1090.5156358,-712.9377386
171.75,47.8794816,11.692208,0.694,1090.5156722,-712.9377658
171.91667,47.8794816,11.6922116,0.694,1090.5156927,-712.9377658
172.08333,47.8794816,11.6922144,0.694,1090.5157086,-712.9377658
172.25,47.8794816,11.6922084,0.694,1090.5156745,-712.9377658
172.41667,47.8794816,11.6922044,0.694,1090.5156517,-712.9377658
172.58333,47.8794816,11.6922096,0.694,1090.5156813,-712.9377658
172.75,47.8794816,11.6922064,0.694,1090.5156631,-712.9377658
172.91667,47.8794848,11.6922016,0.695,1090.5156358,-712.9377386
173.08333,47.8794816,11.6922056,0.695,1090.5156585,-712.9377658
173.25,47.8794816,11.6922032,0.696,1090.5156449,-712.9377658
173.41667,47.8794816,11.6922016,0.695,1090.5156358,-712.9377658
173.58333,47.8794816,11.6922168,0.695,1090.5157222,-712.9377658
173.75,47.8794784,11.6922408,0.694,1090.5158588,-712.9377929
173.91667,47.8794752,11.6922656,0.695,1090.5159999,-712.9378201
174.08333,47.8794752,11.6922664,0.696,1090.5160044,-712.9378201
174.25,47.8794752,11.6922616,0.696,1090.5159771,-712.9378201
174.41667,47.8794784,11.6922528,0.697,1090.515927,-712.9377929
174.58333,47.8794784,11.6922508,0.696,1090.5159157,-712.9377929
174.75,47.8794784,11.6922344,0.696,1090.5158224,-712.9377929
174.91667,47.8794784,11.6922232,0.695,1090.5157586,-712.9377929
175.08333,47.8794816,11.6922024,0.695,1090.5156403,-712.9377658
175.25,47.8794784,11.6922032,0.695,1090.5156449,-712.9377929
175.41667,47.879472,11.6922,0.695,1090.5156267,-712.9378472
175.58333,47.8794752,11.692198,0.695,1090.5156153,-712.9378201
175.75,47.8794752,11.6921952,0.695,1090.5155994,-712.9378201
175.91667,47.8794816,11.692192,0.693,1090.5155812,-712.9377658
176.08333,47.8794912,11.6921896,0.693,1090.5155675,-712.9376844
176.25,47.8794912,11.6921832,0.694,1090.5155311,-712.9376844
176.41667,47.8794912,11.692188,0.694,1090.5155584,-712.9376844
176.58333,47.8794944,11.6921824,0.695,1090.5155265,-712.9376572
176.75,47.8794912,11.69218,0.695,1090.5155129,-712.9376844
176.91667,47.8794912,11.6921816,0.694,1090.515522,-712.9376844
177.08333,47.8794912,11.6921784,0.694,1090.5155038,-712.9376844
177.25,47.8794848,11.6921752,0.695,1090.5154856,-712.9377386
177.41667,47.8794816,11.6921816,0.697,1090.515522,-712.9377658
177.58333,47.8794784,11.6921848,0.698,1090.5155402,-712.9377929
177.75,47.8794784,11.6921896,0.696,1090.5155675,-712.9377929
177.91667,47.8794816,11.6921936,0.695,1090.5155903,-712.9377658
178.08333,47.8794816,11.6921928,0.696,1090.5155857,-712.9377658
178.25,47.8794784,11.6921912,0.696,1090.5155766,-712.9377929
178.41667,47.8794784,11.692192,0.696,1090.5155812,-712.9377929
178.58333,47.8794784,11.6921904,0.696,1090.5155721,-712.9377929
178.75,47.8794784,11.6921904,0.696,1090.5155721,-712.9377929
178.91667,47.8794784,11.6921808,0.697,1090.5155174,-712.9377929
179.08333,47.8794816,11.692172,0.696,1090.5154674,-712.9377658
179.25,47.8794784,11.692172,0.695,1090.5154674,-712.9377929
179.41667,47.8794784,11.692176,0.695,1090.5154901,-712.9377929
179.58333,47.8794784,11.692176,0.694,1090.5154901,-712.9377929
179.75,47.8794816,11.6921776,0.692,1090.5154992,-712.9377658
179.91667,47.8794816,11.69218,0.691,1090.5155129,-712.9377658
180.08333,47.8794816,11.69218,0.691,1090.5155129,-712.9377658
180.25,47.8794752,11.6921852,0.692,1090.5155425,-712.9378201
180.41667,47.8794752,11.692188,0.691,1090.5155584,-712.9378201
180.58333,47.8794784,11.6921872,0.691,1090.5155538,-712.9377929
180.75,47.8794784,11.692188,0.691,1090.5155584,-712.9377929
180.91667,47.8794752,11.6921968,0.691,1090.5156085,-712.9378201
181.08333,47.8794752,11.6921968,0.692,1090.5156085,-712.9378201
181.25,47.8794752,11.6921972,0.692,1090.5156107,-712.9378201
181.41667,47.8794768,11.6921944,0.693,1090.5155948,-712.9378065
181.58333,47.8794848,11.6921808,0.693,1090.5155174,-712.9377386
181.75,47.8794912,11.6921808,0.692,1090.5155174,-712.9376844
181.91667,47.8794912,11.692176,0.692,1090.5154901,-712.9376844
182.08333,47.8794912,11.692172,0.694,1090.5154674,-712.9376844
182.25,47.8794912,11.6921712,0.694,1090.5154628,-712.9376844
182.41667,47.8794944,11.6921728,0.6945,1090.5154719,-712.9376572
182.58333,47.8794944,11.692176,0.694,1090.5154901,-712.9376572
182.75,47.8794944,11.6921768,0.694,1090.5154947,-712.9376572
182.91667,47.8794944,11.6921808,0.694,1090.5155174,-712.9376572
183.08333,47.8794944,11.6921808,0.694,1090.5155174,-712.9376572
