elapsed_min,vertical_up_mps,ground_speed_mps,horizontal_direction_deg,accel_mag_g,accel_mag_max_g
0.04167,0,0,,0.995,1.012
0.125,0,0,,0.996,1.016
0.20833,0,0,,0.9975,1.01
0.29167,0,0,,0.998,1.005
0.375,0,0,,0.998,1.005
0.45833,0,0,,0.997,1.005
0.54167,0,0,,0.996,1.004
0.625,0,0,,0.996,1.007
0.70833,0,0,,0.996,1.032
0.79167,0,0,,0.995,1.017
0.875,0,0,,0.995,1.049
0.95833,0,0,,0.9825,1.161
1.04167,0,0,,1.0015,1.389
1.125,0,0,,0.9805,1.028
1.20833,0,0,,0.9825,1.067
1.29167,0,0,,0.981,1.055
1.375,0,0,,0.98,1.082
1.45833,0,0,,0.9865,1.255
1.54167,0,0,,0.982,1.394
1.625,0,0,,0.985,1.006
1.70833,0,0,,0.983,0.997
1.79167,0,0,,0.985,0.992
1.875,0,0,,0.984,0.995
1.95833,0,0,,0.987,1.059
2.04167,0,0,,0.986,1.012
2.125,0,0,,0.985,0.992
2.20833,0,0,,0.985,0.995
2.29167,0,0,,0.985,0.993
2.375,0,0,,0.986,0.994
2.45833,0,0,,0.985,0.995
2.54167,0,0,,0.984,0.992
2.625,0,0,,0.983,0.993
2.70833,0,0,,0.9855,0.993
2.79167,0,0,,0.985,1.051
2.875,0,0,,0.986,0.993
2.95833,0,0,,0.985,0.994
3.04167,0,0,,0.984,0.996
3.125,0,0,,0.9845,0.996
3.20833,0,0,,0.985,0.992
3.29167,0,0,,0.984,0.992
3.375,0,0,,0.985,0.995
3.45833,0,0,,0.9855,0.995
3.54167,0,0,,0.985,0.998
3.625,0,0,,0.986,0.998
3.70833,0,0,,0.986,0.993
3.79167,0,0,,0.984,0.997
3.875,0,0,,0.985,0.993
3.95833,0,0,,0.985,0.998
4.04167,0,0,,0.986,1.001
4.125,0,0,,0.9875,1.209
4.20833,0,0,,0.985,1.013
4.29167,0,0,,0.987,0.998
4.375,0,0,,0.986,0.996
4.45833,0,0,,0.985,1.016
4.54167,0,0,,0.9865,1.048
4.625,0,0,,0.987,1.076
4.70833,0,0,,0.981,1.033
4.79167,0,0,,0.982,1.009
4.875,0,0,,0.985,1.048
4.95833,0,0,,0.9855,1.048
5.04167,0,0,,0.9855,1.056
5.125,0,0,,0.983,1.103
5.20833,0,0,,0.98,1.129
5.29167,0,0,,0.983,1.176
5.375,0,0,,0.979,1.134
5.45833,0,0,,0.969,1.13
5.54167,0,0,,0.9785,1.124
5.625,0,0,,0.974,1.325
5.70833,0,0,,0.982,1.007
5.79167,0,0,,0.9795,1.005
5.875,0,0,,0.979,1.001
5.95833,0,0,,0.982,3.473
6.125,0,0,,0.983,0.989
6.20833,0,0,,0.984,0.989
6.29167,0,0,,0.9835,0.992
6.375,0,0,,0.984,4.675
6.45833,0,0,,1.037,1.063
6.54167,0,0,,1.035,1.153
6.625,0,0,,0.9845,1.17
6.70833,0,0,,0.9825,1.579
6.79167,0,0,,0.979,1.172
6.875,0,0,,0.9795,0.991
6.95833,0,0,,0.982,1.024
7.04167,0,0,,0.9835,0.991
7.125,0,0,,0.983,1.027
7.20833,0,0,,0.982,0.994
7.29167,0,0,,0.982,0.999
7.375,0,0,,0.982,0.995
7.45833,0,0,,0.982,0.991
7.54167,0,0,,0.983,0.994
7.625,0,0,,0.983,0.99
7.70833,0,0,,0.983,1.019
7.79167,0,0,,0.982,1.006
7.875,0,0,,0.981,0.998
7.95833,0,0,,0.983,0.998
8.04167,0,0,,0.982,1
8.125,0,0,,0.983,0.996
8.20833,0,0,,0.984,1.04
8.29167,0,0,,0.9855,1.012
8.375,0,0,,0.982,1.09
8.45833,0,0,,0.984,1.14
8.54167,0,0,,0.9805,1.005
8.625,0.06,0.22,0,0.981,1.018
8.70833,0.08,0.14,,0.982,0.99
8.79167,-0.03,0.15,,0.979,0.997
8.875,0.11,0.18,,0.979,1.059
8.95833,0.02,0.07,,0.9815,1.055
9.04167,-0.03,0.15,,0.981,1.014
9.125,-0.05,0.08,,0.979,0.996
9.20833,0.14,0.13,,0.982,0.994
9.29167,-0.03,0.09,,0.982,1.007
9.375,-0.01,0.14,,0.979,1
9.45833,0.14,0.22,,0.978,1.045
9.54167,-0.05,0.12,40.13,0.981,1
9.625,-0.06,0.1,,0.982,1.023
9.70833,-0.05,0.08,,0.9785,0.994
9.79167,-0.09,0.07,,0.979,1.001
9.875,-0.09,0.54,28.766,0.996,2.642
9.95833,6.09,4.04,146.046,0.9725,1.762
10.04167,4.6,6.53,190.429,1.138,1.461
10.125,6.09,5.23,191.964,1.0055,1.321
10.20833,4.98,7.06,171.518,1.072,1.646
10.29167,5.37,4,185.93,1.0465,1.372
10.375,6.01,3.98,220.733,1.0965,1.76
10.45833,7.14,3.64,191.143,1.0315,1.47
10.54167,7.65,2.15,178.306,0.98,1.595
10.625,5.54,4.72,77.773,1.24,1.663
10.70833,6.9,4.15,298.601,1.0095,1.467
10.79167,5.28,6.11,138.726,1.095,1.676
10.875,4,2.54,188.508,0.9835,1.463
10.95833,2.51,2.45,261.179,1.0705,1.338
11.04167,2.76,2.56,338.394,1.011,1.242
11.125,3.81,4.82,296.033,1.0405,1.185
11.20833,3.63,4.08,336.831,1.025,1.218
11.29167,3.58,3.06,319.454,1.0375,1.142
11.375,3.76,4.22,288.626,1.021,1.162
11.45833,4.34,2.84,260.696,1.033,1.164
11.54167,3.59,4.04,278.485,1.0755,1.464
11.625,3.86,3.73,218.892,1.0465,1.307
11.70833,2.64,3.94,271.344,1.093,1.383
11.79167,4.91,6.72,238.025,0.999,1.531
11.875,3.96,5.33,212.072,1.218,1.808
11.95833,4.99,5.26,271.237,0.963,1.832
12.04167,5.25,3.78,213.22,1.113,1.747
12.125,5.73,3.6,249.68,1.065,1.431
12.20833,4.8,4.22,228.079,1.079,1.34
12.29167,6.42,1.71,261.35,1.026,1.213
12.375,5.97,6.01,226.246,1.034,1.391
12.45833,5.28,3.5,259.756,1.036,1.243
12.54167,5.15,2.82,275.211,1.025,1.214
12.625,5.02,4.76,274.87,1.059,1.359
12.70833,4.3,3.16,353.261,1.1,1.286
12.79167,4.9,5.33,284.128,1.018,1.28
12.875,4.36,3.48,266.417,1.057,1.299
12.95833,5.24,3.41,272.826,1.161,1.668
13.04167,4.79,5.39,273.445,1.016,1.604
13.125,4.71,5.65,273.899,1.1095,1.532
13.20833,5.88,5.2,316.501,0.955,1.493
13.29167,4.44,5.53,298.625,1.092,1.402
13.375,4.68,1.5,342.93,1.02,1.448
13.45833,5.43,4.27,309.536,1.0595,1.55
13.54167,6.63,3.53,335.527,1.047,1.552
13.625,6.09,3.39,247.441,1.072,1.291
13.70833,7.28,3.71,303.366,1.0745,1.487
13.79167,7.68,4.89,271.264,1.072,1.726
13.875,6.08,4.16,32.885,1.059,1.367
13.95833,7.81,3.36,344.203,1.003,1.335
14.04167,5.46,6.48,55.656,1.033,1.225
14.125,5.76,3.52,23.506,0.997,1.318
14.20833,4.83,5.66,48.928,1.08,1.3
14.29167,4.82,5.29,29.497,1.024,1.512
14.375,5.88,2.39,30.996,1.025,1.332
14.45833,5.68,6.84,50.305,1.071,1.474
14.54167,5.52,7.29,12.98,1.0745,1.2
14.625,6.57,4.1,43.638,0.9855,1.27
14.70833,6.47,6.14,24.677,1.022,1.16
14.79167,4.68,5.06,37.443,1.0375,1.213
14.875,6.77,4.73,38.798,1.0125,1.249
14.95833,6.43,7.84,64.948,1.0505,1.268
15.04167,5.47,4.51,52.278,0.985,1.287
15.125,5.35,8.55,40.965,0.994,1.127
15.20833,4.84,5.25,55.335,1.014,1.14
15.29167,5.95,8.59,56.99,1.07,1.301
15.375,5.17,8.69,71.279,1.051,1.32
15.45833,6.26,4.37,44.017,1.0235,1.16
15.54167,6.45,8.49,59.201,0.9685,1.359
15.625,5.97,4.9,106.924,1.052,1.271
15.70833,6.5,6.03,78.398,0.9735,1.095
15.79167,5.49,7.67,72.845,1.0945,1.429
15.875,5.7,4.67,79.915,0.993,1.153
15.95833,5.76,8.72,71.759,1.005,1.2
16.04167,5.1,5.11,83.396,1.06,1.284
16.125,5.26,10.16,82.826,1.056,1.411
16.20833,6.06,7.3,84.177,1.025,1.223
16.29167,6.26,6.42,91.355,1.056,1.283
16.375,6.3,10.99,92.263,1.019,1.319
16.45833,6,5.62,79.242,1.0325,1.234
16.54167,5.95,8.62,85.28,1.0215,1.263
16.625,6.47,6.13,85.927,1.033,1.228
16.70833,7.14,11.29,85.312,1.029,1.257
16.79167,6.36,9.22,83.426,1.123,1.307
16.875,6.08,7.02,63.483,1.0165,1.468
16.95833,7.24,9.52,79.358,1.02,1.174
17.04167,6.2,7.95,72.277,1.061,1.162
17.125,5.83,10.33,84.853,1.0365,1.197
17.20833,5.14,8.13,97.156,0.9525,1.265
17.29167,5.66,9.86,89.663,1.068,1.38
17.375,5.27,10.67,112.048,1.005,1.158
17.45833,5.51,6.53,92.624,1.061,1.231
17.54167,5.67,9.37,104.053,1.012,1.137
17.625,5.8,5.19,112.642,1.0365,1.177
17.70833,5.04,9.12,95.091,1.025,1.19
17.79167,6.12,10.62,123.183,1.011,1.289
17.875,5,6.63,96.381,1.044,1.181
17.95833,4.84,11.15,106.551,1.049,1.23
18.04167,4.96,9.53,128.112,1.017,1.197
18.125,6.53,10.69,119.651,1.028,1.166
18.20833,6.7,8.99,139.032,1.038,1.194
18.29167,5.12,10.41,111.391,1.0045,1.118
18.375,5.22,8.48,131.546,1.0445,1.114
18.45833,6.5,8.48,125.802,1.0515,1.206
18.54167,6.38,12.74,128.591,0.9985,1.178
18.625,6.26,6.83,112.884,1.023,1.257
18.70833,5.86,12.98,115.968,1.051,1.46
18.79167,7.01,10.64,128.74,0.935,1.319
18.875,5.09,14.66,128.785,1.066,1.253
18.95833,6.46,11.05,124.789,1.0065,1.121
19.04167,5.18,13.32,122.165,1.057,1.204
19.125,5.91,8.79,131.74,0.9705,1.171
19.20833,6.38,9.05,118.533,1.0085,1.147
19.29167,6.07,13.57,127.87,1.009,1.16
19.375,6.22,11.09,136.167,1.067,1.185
19.45833,4.78,12.67,114.328,1.052,1.312
19.54167,5.58,8.35,133.22,0.977,1.396
19.625,5.66,8.97,131.572,0.964,1.287
19.70833,5.08,13.26,131.863,1.039,1.224
19.79167,5.18,9.13,128.666,1.021,1.116
19.875,5.4,13.34,122.861,1.042,1.234
19.95833,5.68,10.74,142.103,1,1.32
20.04167,6.17,9.85,115.673,1.009,1.171
20.125,5.72,11.98,127.856,1.0135,1.398
20.20833,5.57,9.94,113.208,1.0445,1.286
20.29167,5.54,13.72,117.598,0.9875,1.084
20.375,5.06,9.52,114.843,1.038,1.18
20.45833,6.07,9.48,123.718,1.063,1.349
20.54167,4.45,13.38,116.345,0.953,1.221
20.625,4.82,12.57,128.051,0.983,1.178
20.70833,5.43,10.19,117.751,1.096,1.281
20.79167,5.03,8.18,121.262,0.9445,1.452
20.875,5.26,11.06,107.723,1.033,1.262
20.95833,4.93,9.8,118.538,1.0375,1.23
21.04167,4.44,13.51,116.657,1.005,1.195
21.125,5.86,10.45,122.729,1,1.224
21.20833,5.71,12.47,107.539,1.065,1.275
21.29167,4.64,12.16,138.954,1.0045,1.33
21.375,5.15,10.38,128.947,1.084,1.284
21.45833,5.75,14.05,119.397,1.022,1.193
21.54167,6.6,13.33,130.127,0.969,1.262
21.625,5.54,10.47,114.738,1.005,1.241
21.70833,5.39,9.77,128.183,1.0975,1.434
21.79167,6.59,12.35,124.805,0.9985,1.41
21.875,5.29,8.31,108.375,1.064,1.395
21.95833,6.12,8.21,130.014,1.024,1.197
22.04167,4.92,9.11,108.365,1.045,1.365
22.125,6.15,9.86,123.039,1.084,1.38
22.20833,5.44,10.87,143.361,0.96,1.218
22.29167,5.25,12.33,126.037,1.095,1.395
22.375,5.3,15.21,126.153,1.045,1.35
22.45833,6.41,11.05,113.342,1.0045,1.13
22.54167,6.55,10.68,108.393,1.011,1.109
22.625,6.35,14.87,134.013,1.018,1.184
22.70833,5.71,8.75,119.721,1.055,1.214
22.79167,6.87,14.32,122.849,0.966,1.283
22.875,6.13,9.08,134.44,0.9935,1.197
22.95833,6.3,13.74,120.109,1.0435,1.182
23.04167,6.81,13.7,136.474,0.995,1.221
23.125,6.01,11.11,113.92,1.054,1.18
23.20833,6.09,13.86,130.099,1.015,1.178
23.29167,6.17,10.36,113.725,0.945,1.224
23.375,6.38,14.77,125.958,1.033,1.228
23.45833,6.23,10.5,119.838,1.007,1.255
23.54167,5.6,14.08,118.722,1.0215,1.161
23.625,6.21,9.2,125.548,0.993,1.101
23.70833,6.37,12.97,119.95,1.0625,1.257
23.79167,8.28,11.01,125.437,1.0565,1.366
23.875,6.77,12.95,108.695,0.996,1.17
23.95833,7.69,9.86,119.398,1.005,1.116
24.04167,6.19,13.84,126.819,1.043,1.186
24.125,7.03,11.72,123.839,1.0395,1.142
24.20833,6.26,14.96,119.535,0.9925,1.124
24.29167,6.6,10.46,121.346,1.035,1.187
24.375,7.03,15.34,118.243,1.025,1.2
24.45833,6.32,12.63,136.556,0.9785,1.078
24.54167,6.75,13.65,121.992,1.002,1.17
24.625,6.24,11.59,134.033,1.0435,1.157
24.70833,6.54,14.21,115.942,1.0235,1.132
24.79167,6.52,13.04,134.558,1.0185,1.115
24.875,6.76,15.05,116.824,1.0345,1.2
24.95833,7.49,16.84,124.709,0.9645,1.257
25.04167,6.3,11.43,115.256,1.058,1.283
25.125,6.33,15.29,130.068,1.021,1.195
25.20833,6.7,10.81,108.381,1.002,1.144
25.29167,6.54,15.55,128.265,1.0345,1.252
25.375,7.33,13.77,110.682,1.029,1.152
25.45833,6.28,12.29,139.698,1.038,1.49
25.54167,6.22,14.28,117.603,0.9905,1.187
25.625,6.5,12.31,112.187,1.031,1.141
25.70833,5.61,17.75,122.575,1.036,1.14
25.79167,6.54,12.21,124.128,1.0165,1.126
25.875,6.82,16.36,117.803,1.0385,1.218
25.95833,6.99,15.28,123.805,1.08,1.237
26.04167,6.41,16.32,128.11,0.9925,1.155
26.125,6.52,13.79,116.832,1.034,1.224
26.20833,6.87,14.26,125.607,1.0015,1.346
26.29167,6.87,15.28,109.988,1.006,1.154
26.375,5.06,15.93,131.966,1.014,1.149
26.45833,5.87,13.12,118.711,0.9885,1.199
26.54167,7.74,15.72,122.274,1.034,1.18
26.625,5.65,13.85,107.057,1.002,1.161
26.70833,5.99,17.99,125.274,1.009,1.143
26.79167,6.62,13.91,119.907,1.001,1.079
26.875,6.86,18.12,118.33,1.0375,1.184
26.95833,6.12,10.69,111.193,1.023,1.124
27.04167,6.88,16.33,118.16,1.011,1.145
27.125,5.32,12.48,109.09,1.024,1.164
27.20833,6.24,16.87,115.06,1.005,1.28
27.29167,5.54,11.21,119.23,0.963,1.122
27.375,5.76,11.65,104.931,0.9505,1.128
27.45833,7.41,11.68,121.167,1.014,1.102
27.54167,6.5,16.04,118.171,1.0135,1.185
27.625,5.42,11.61,116.44,1.0235,1.168
27.70833,6.15,17.04,122.789,0.97,1.202
27.79167,6.27,11.3,115.913,1.049,1.213
27.875,6.99,17.54,111.699,1.0085,1.134
27.95833,5.85,12.53,119.343,1.027,1.189
28.04167,6.21,18.57,118.027,1.0265,1.159
28.125,6.07,14.03,122.195,0.994,1.17
28.20833,6.54,18.4,119.473,1.054,1.218
28.29167,5.92,11.95,123.899,0.9975,1.143
28.375,7.14,16.35,127.479,1.023,1.182
28.45833,7.09,19.23,111.12,1.047,1.208
28.54167,7.63,16.24,118.43,1.045,1.24
28.625,7.8,18.6,111.381,1.031,1.412
28.70833,6.1,13.89,112.982,1.031,1.268
28.79167,5.95,18.42,112.539,0.983,1.262
28.875,6.16,15.88,123.443,0.962,1.188
28.95833,5.54,13.7,121.065,1.017,1.137
29.04167,5.87,17.3,115.442,1.026,1.208
29.125,5.38,20.17,129.962,1.0095,1.134
29.20833,6.82,15.9,135.099,0.9845,1.233
29.29167,5.79,20.21,117.973,1.005,1.102
29.375,5.87,19.19,131.487,1.04,1.235
29.45833,6.38,17.12,111.788,0.939,1.097
29.54167,6.77,18.39,119.069,1.0355,1.191
29.625,4.9,13.59,114.037,1.002,1.133
29.70833,5.57,18.51,110.111,0.987,1.11
29.79167,6.33,18.18,122.438,1.0195,1.189
29.875,5.8,15.84,109.107,1.014,1.205
29.95833,6.39,18.04,124.812,0.939,1.099
30.04167,6.19,16.97,129.434,1.0465,1.158
30.125,5.82,14.96,106.348,1.019,1.176
30.20833,7.63,16.6,119.186,1,1.18
30.29167,5.57,12.89,117.901,1.068,1.218
30.375,6.29,18.43,117.032,0.9665,1.396
30.45833,5.63,12.34,113.687,0.98,1.377
30.54167,5.64,12.59,104.043,0.97,1.146
30.625,5.39,17.21,107.347,1.011,1.1
30.70833,5.97,18.285,106.754,0.9805,1.144
30.79167,6.45,12.36,114.744,1.009,1.098
30.875,7.02,17.86,125.92,1.056,1.307
30.95833,8.21,14.74,120.127,1.0095,1.433
31.04167,6.84,16.31,110.912,1.1085,1.462
31.125,7.18,14.98,128.8,1.0505,1.127
31.20833,8.95,17.45,118.199,0.995,1.157
31.29167,6.05,15.73,102.047,0.977,1.176
31.375,5.7,18.78,117.926,1.054,1.251
31.45833,6.38,13.4,119.992,0.989,1.321
31.54167,4.8,17.01,103.229,1.022,1.221
31.625,5.87,18.74,106.088,0.968,1.127
31.70833,5.58,19.59,121.676,0.983,1.065
31.79167,5.48,18.03,105.508,1.006,1.231
31.875,7.07,13.95,126.893,1.0015,1.19
31.95833,6.57,19.46,115.707,1.0515,1.151
32.04167,6.78,14.71,117.364,1.0765,1.324
32.125,6.84,13.98,108.491,0.968,1.073
32.20833,7.01,14.94,102.841,1.02,1.135
32.29167,6.3,19.97,110.833,1.0055,1.092
32.375,6.04,16.76,95.76,1.0155,1.075
32.45833,7.61,13.92,127.119,1.017,1.125
32.54167,7.19,13.34,120.061,1.008,1.191
32.625,6.67,19.62,117.087,0.974,1.076
32.70833,6.79,17.27,123.697,1.01,1.215
32.79167,6.06,14.87,125.171,1.02,1.086
32.875,6.82,14.06,114.905,0.971,1.149
32.95833,6.31,16.03,104.155,1.0425,1.144
33.04167,6.91,20.08,127.812,1.019,1.147
33.125,7.03,17.41,103.068,1.024,1.284
33.20833,7.22,17.67,118.898,1.038,1.179
33.29167,6.04,16.03,113.808,0.939,1.282
33.375,6.98,19.07,113.717,1.025,1.204
33.45833,6.79,21.41,122.029,0.961,1.219
33.54167,6.23,21.71,129.777,1.003,1.108
33.625,7.91,18.53,122.923,1.065,1.172
33.70833,6.31,25.84,129.195,0.978,1.093
33.79167,6.45,18.38,127.471,1.045,1.184
33.875,7.34,23.35,121.028,0.9575,1.129
33.95833,6.84,22.19,113.58,1.036,1.156
34.04167,6.41,21.09,129.128,1.019,1.18
34.125,7.33,23.95,120.583,1.01,1.195
34.20833,5.34,19.3,118.651,0.995,1.041
34.29167,7.01,22.67,127.293,1.0475,1.18
34.375,5.83,25.58,119.274,1.0255,1.239
34.45833,8.41,22.65,120.251,1.016,1.121
34.54167,5.66,19.21,123.214,1.0495,1.272
34.625,5.88,20.89,105.05,0.977,1.169
34.70833,6.24,21.08,107.594,1.029,1.242
34.79167,6.47,19.16,118.189,1.027,1.196
34.875,6.52,24.17,112.995,0.9665,1.272
34.95833,7.1,27.37,124.474,1.023,1.197
35.04167,6.39,21.16,129.886,1.004,1.144
35.125,5.96,23.27,110.513,1.036,1.169
35.20833,5.44,21.74,107.142,1.0115,1.095
35.29167,6.29,19.89,124.028,0.9935,1.121
35.375,6.46,26.21,118.368,1.001,1.111
35.45833,6.47,23.6,107.672,0.981,1.237
35.54167,8.05,22.64,114.455,1.057,1.285
35.625,5.34,19.68,106.468,1.04,1.162
35.70833,5.74,26.51,109.128,0.979,1.05
35.79167,4.95,28.01,111.941,1.0775,1.204
35.875,8.17,24.76,109.115,0.985,1.085
35.95833,4.98,20.94,112.314,0.9885,1.197
36.04167,4.71,23.75,102.82,1.003,1.128
36.125,5.55,24.27,102.065,0.988,1.155
36.20833,5.46,26.3,103.054,1.075,1.213
36.29167,8.25,23.11,108.999,0.9925,1.082
36.375,5.64,28.7,115.51,0.993,1.088
36.45833,6.26,26.51,103.767,1.0325,1.092
36.54167,6.63,22.17,116.14,1.053,1.27
36.625,6.57,23.87,103.838,1.0435,1.093
36.70833,8.08,24.33,103.354,1.007,1.055
36.79167,7.77,28.28,111.179,0.929,1.036
36.875,4.35,26.04,116.7,1.0895,1.265
36.95833,7.43,24.61,103.713,0.957,1.199
37.04167,6.23,21.92,118.687,0.9895,1.098
37.125,5.76,24.52,122.875,0.989,1.184
37.20833,7.35,25.09,118.624,1.0605,1.252
37.29167,6.17,24.18,101.75,0.96,1.051
37.375,6.97,21.73,107.757,1.05,1.201
37.45833,4.96,26.71,109.71,0.991,1.14
37.54167,4.31,28.31,110.014,0.9805,1.041
37.625,4.8,28.07,110.165,1.031,1.113
37.70833,6.01,22.69,105.286,1.0125,1.181
37.79167,7.09,26.71,119.048,0.989,1.307
37.875,6.8,27.67,111.983,1.0265,1.161
37.95833,6.68,23.45,110.499,1.0155,1.129
38.04167,6.3,23.38,123.112,1.025,1.196
38.125,7.25,25.89,112.768,1.026,1.121
38.20833,5.89,20.34,112.734,0.9755,1.078
38.29167,5.92,21.02,121.39,0.9895,1.128
38.375,7.69,25.52,115.921,0.976,1.282
38.45833,5.16,26.68,103.718,1.007,1.151
38.54167,5,26.4,104.427,1.005,1.078
38.625,4.53,29.57,109.61,0.9545,1.05
38.70833,5.46,29.73,108.914,1.027,1.087
38.79167,5.87,24.16,105.296,1.021,1.101
38.875,6.36,25.73,119.955,1.0005,1.149
38.95833,8.47,27.69,115.832,1.0565,1.175
39.04167,7.74,24.19,104.221,1.0385,1.204
39.125,8.84,25.05,112.364,1.011,1.16
39.20833,6.76,31.57,115.675,1.0295,1.405
39.29167,6.79,27.18,100.612,0.982,1.123
39.375,5.09,24.72,106.439,1.0125,1.191
39.45833,6.34,27.3,117.604,0.937,1.052
39.54167,5.76,28.69,116.722,1.066,1.14
39.625,4.79,32.27,111.631,0.927,1.187
39.70833,6.53,28.16,113.674,1.055,1.206
39.79167,7.74,26.07,107.512,1.0875,1.369
39.875,7.27,29.71,109.998,0.989,1.325
39.95833,4.95,28.77,118.058,0.9665,1.11
40.04167,4.67,29.31,115.281,1.0585,1.235
40.125,6.26,25.64,115.624,1.0295,1.286
40.20833,7.73,25.1,105.265,0.958,1.125
40.29167,7.03,29.39,102.223,1.0455,1.249
40.375,6.33,31.41,115.088,0.9945,1.075
40.45833,6.07,31.38,114.523,1.006,1.161
40.54167,6.42,29.58,103.212,1.0225,1.256
40.625,5.51,24.9,98.663,0.928,1.092
40.70833,4.8,25.89,99.659,1.044,1.2
40.79167,5.36,23.93,100.165,1.029,1.295
40.875,7.78,24.88,106.458,1.02,1.156
40.95833,5.47,28.28,96.276,0.93,1.106
41.04167,7.35,28.35,103.513,1.079,1.223
41.125,7.98,25.66,111.347,1.097,1.284
41.20833,7.56,31.15,100.89,0.917,1.143
41.29167,4.53,30.96,100.572,1.053,1.213
41.375,5.94,26.77,99.136,0.959,1.241
41.45833,4.3,28.2,98.922,1.055,1.216
41.54167,6.14,32.4,103.017,0.976,1.122
41.625,5.73,32.4,99.126,1.008,1.102
41.70833,5.24,27.68,97.039,1.005,1.103
41.79167,7.85,26.88,100.057,1.071,1.258
41.875,6.15,33.44,100.498,1.091,1.246
41.95833,6.71,33.64,108.883,1.0515,1.175
42.04167,8.57,27,106.865,1.038,1.226
42.125,6.19,30.02,93.393,0.9665,1.23
42.20833,5.62,32.48,94.669,0.962,1.178
42.29167,6.33,30.55,96.27,1.03,1.439
42.375,8.01,26.66,100.657,1.1195,1.381
42.45833,10.04,30.82,102.595,1.002,1.094
42.54167,6.72,36.4,95.445,0.906,1.161
42.625,5.25,33.53,94.447,1.0215,1.311
42.70833,4.29,29.8,96.314,1.004,1.174
42.79167,4.8,33.43,97.637,1.007,1.209
42.875,6.05,29.9,96.935,1.0085,1.227
42.95833,4.8,27.52,97.544,1.014,1.179
43.04167,7.06,29.76,101.554,1.116,1.465
43.125,5.85,25.53,99.561,0.947,1.306
43.20833,4.83,29.53,96.359,1.021,1.498
43.29167,4.61,33.44,99.006,1.0685,1.248
43.375,7.28,31.24,100.86,1.053,1.662
43.45833,8.83,32.39,106.131,1.058,1.249
43.54167,6.35,28.78,93.735,0.926,1.198
43.625,5.59,31.55,95.409,1.02,1.164
43.70833,7.09,31.32,98.963,1.073,1.314
43.79167,6.71,30.32,93.381,0.978,1.203
43.875,4.17,28.98,95.745,1.005,1.193
43.95833,5.45,33.49,98.059,1.034,1.151
44.04167,4.88,32.37,99.702,1.126,1.388
44.125,6.11,29.52,95.838,1.04,1.184
44.20833,5.43,28.84,99.04,1.06,1.269
44.29167,6.24,29.23,98.662,1.17,1.563
44.375,8.74,32.61,103.725,1.046,1.29
44.45833,4.73,30.35,105.379,1.145,1.57
44.54167,5.64,26.02,98.981,1.1045,1.81
44.625,5.96,27.47,99.12,1.269,1.863
44.70833,7.89,32.5,100.363,1.0675,1.814
44.79167,5.63,29.46,90.738,1.025,1.353
44.875,5.85,26.45,97.88,0.997,1.237
44.95833,6.92,27.58,103.325,1.0755,1.217
45.04167,5.09,31.66,107.148,0.9665,1.133
45.125,4.74,27.17,101.139,0.958,1.141
45.20833,4.75,28.62,103.592,1.0195,1.188
45.29167,4.94,29.4,98.423,0.993,1.128
45.375,4.12,26.72,98.989,1.064,1.137
45.45833,5.11,27.09,99.539,0.959,1.117
45.54167,4.15,29.77,97.713,1.022,1.165
45.625,6.23,31.41,100.944,1.0965,1.266
45.70833,7.59,24.34,99.52,0.895,1.108
45.79167,5.17,24.11,105.627,1.053,1.187
45.875,6.1,27.13,111.474,1.0855,1.622
45.95833,6.68,27.64,112.03,1.208,1.747
46.04167,6.56,26.78,118.96,1.1015,1.86
46.125,7.48,20.66,112.102,1.153,1.919
46.20833,5.71,21.57,111.194,1.138,1.619
46.29167,6.25,20.59,107.834,0.985,1.741
46.375,4.19,21.02,121.934,1.008,1.308
46.45833,4.79,24.13,113.469,1.003,1.258
46.54167,4.52,24.26,106.132,1.013,1.098
46.625,4.18,21.95,105.049,1.0595,1.184
46.70833,5.11,23.36,107.867,0.994,1.243
46.79167,5.25,21.72,107.072,1.005,1.237
46.875,5.68,22.38,104.511,1.009,1.19
46.95833,4.65,19.5,103.138,1.035,1.221
47.04167,5.89,20.52,114.652,0.941,1.177
47.125,4.8,17.61,109.378,1.06,1.263
47.20833,5.7,20.99,103.038,1.043,1.274
47.29167,6.18,18.62,107.404,1.063,1.425
47.375,8.24,21.23,98.303,1.124,1.554
47.45833,7.05,24.67,100.578,1.013,1.341
47.54167,4.85,21.38,108.334,1.019,1.229
47.625,5.11,18.07,105.647,1.095,1.54
47.70833,5.66,18.51,111.228,1.1875,1.691
47.79167,5.8,19.07,120.932,1.101,1.773
47.875,7.07,13.48,105.26,1.2505,2.065
47.95833,5.69,16.43,119.24,1.083,2.478
48.04167,8.04,18.48,106.634,1.26,2.041
48.125,8.92,16.15,97.84,1.2695,1.96
48.20833,5.59,22.37,94.552,1.342,1.856
48.29167,5.42,20.22,103.918,1.267,1.878
48.375,5.93,16.81,107.556,1.155,2.313
48.45833,7,16.42,115.595,1.0345,2.175
48.54167,6.43,15.59,109.161,1.1185,1.935
48.625,8.7,19.7,102.84,1.212,1.688
48.70833,5.74,12.83,107.043,1.046,1.446
48.79167,7.03,13.27,117.061,1.085,1.309
48.875,4.93,19.62,130.946,1.093,1.226
48.95833,6.32,18.56,119.037,0.973,1.38
49.04167,4.68,18.21,128.945,1.0895,1.448
49.125,5.19,17.35,129.651,1.074,1.73
49.20833,7.27,17.14,130.444,1.0635,1.975
49.29167,8.63,21.07,130.345,1.42,2.205
49.375,6.72,21.13,135.533,1.23,1.945
49.45833,6.16,16.11,123.846,1.1145,1.598
49.54167,6.13,12.75,122.392,1.108,1.489
49.625,7.77,11.92,131.148,1.1735,1.583
49.70833,9.26,11.63,141.561,1.0885,1.644
49.79167,7.07,13.72,136.353,1.175,1.713
49.875,5.27,16.41,113.434,1.067,1.539
49.95833,8.57,13.1,98.979,0.996,1.547
50.04167,4.49,14.65,89.12,1.026,1.146
50.125,5.8,16.47,102.23,0.975,1.279
50.20833,6.28,15.11,107.639,1.04,1.632
50.29167,4.39,14.83,109.615,1.12,1.74
50.375,5.44,13.21,94.835,1.526,2.046
50.45833,7.86,18.85,104.612,1.446,2.122
50.54167,9.36,12.27,117.57,1.5375,2.094
50.625,8.81,21.4,100.757,1.487,2.281
50.70833,4.51,15.73,107.283,1.281,2.178
50.79167,6.35,15.44,109.983,1.2995,2.012
50.875,5.71,14.03,109.93,1.178,2.024
50.95833,7.06,13.43,111.738,1.1065,2.535
51.04167,8.21,15.25,113.127,1.34,2.962
51.125,6.35,11.95,115.287,1.156,2.914
51.20833,7.62,15.2,115.457,1.356,2.101
51.29167,8.54,17.59,103.017,1.348,2.453
51.375,6.72,13.58,115.176,1.343,2.553
51.45833,6.46,13.87,128.617,1.3555,2.052
51.54167,5.46,16.9,123.055,1.075,2.278
51.625,7.41,18.05,119.177,1.0965,2.113
51.70833,6.23,19.07,116.843,1.1105,2.048
51.79167,6.49,18.6,115.909,1.3085,2.359
51.875,7.2,18.2,118.091,1.345,2.277
51.95833,8.13,17.73,126.035,1.4745,2.361
52.04167,5.71,16.55,148.08,1.133,1.698
52.125,6.54,16.43,144.333,1.0085,2.12
52.20833,8,13.58,134.032,1.085,2
52.29167,7.45,14.09,140.809,1.202,1.932
52.375,8.86,17.27,130.065,1.2925,2.471
52.45833,6.71,17.73,123.678,1.342,1.712
52.54167,5.41,16.97,134.846,1.189,1.555
52.625,4.76,13.28,143.335,1.196,1.611
52.70833,7.81,11.29,140.701,1.029,2.024
52.79167,6.93,12.46,135.609,1.153,2.223
52.875,5.64,18.92,127.305,1.538,2.272
52.95833,10.86,14.06,133.017,1.409,2.231
53.04167,7.42,9.69,120.016,1.16,2.07
53.125,4.64,9.12,135.316,1.085,2.042
53.20833,6.17,6.25,129.026,1.12,1.781
53.29167,6.7,7.42,132.007,1.078,2.072
53.375,6.79,8.98,107.883,1.1025,2.029
53.45833,7.95,13.57,114.396,1.3695,2.189
53.54167,7.19,13.19,120.965,1.37,2.124
53.625,5.11,9.8,125.98,1.302,1.823
53.70833,6.34,7.94,111.646,1.074,1.714
53.79167,5.86,11.8,111.329,1.1315,2.285
53.875,8.74,9.54,114.063,1.2535,2.341
53.95833,5.1,9.75,120.959,1.301,2.44
54.04167,9.04,11.48,109.987,1.203,2.891
54.125,8.29,14.08,95.581,1.1365,2.173
54.20833,8.47,15,113.354,1.461,2.283
54.29167,7.56,14.71,116.827,1.3005,1.891
54.375,6.84,12.58,113.548,1.143,1.624
54.45833,5.27,13.81,101.682,1.114,1.497
54.54167,5.76,9.63,90.677,0.985,1.685
54.625,5.7,6.35,121.316,1.064,1.562
54.70833,7.39,5.76,88.071,1.131,1.785
54.79167,7.43,7,95.301,1.228,2.411
54.875,6.95,9.57,75.251,1.35,2.362
54.95833,5.66,11.87,96.359,1.27,2.22
55.04167,8.87,10.59,104.66,1.2715,2.364
55.125,8.67,7.95,85.875,1.207,2.552
55.20833,7.01,8.23,93.228,1.5215,2.353
55.29167,6.83,10.17,91.156,1.32,3.184
55.375,5.91,13.04,82.538,1.344,2.429
55.45833,7.46,14.18,83.4,1.2455,1.587
55.54167,5.53,8.35,104.55,1.111,1.522
55.625,4.09,7.85,111.324,1.0145,1.391
55.70833,5.26,9.71,79.86,1.006,1.363
55.79167,5.42,7.1,99.801,1.076,1.218
55.875,4.8,8.2,96.764,1.062,1.249
55.95833,4.62,8.77,89.151,1.096,1.332
56.04167,5.3,8.08,99.483,1.0445,1.195
56.125,5.61,9.06,119.779,0.955,1.312
56.20833,5.36,8.66,95.975,1.0205,1.212
56.29167,5.82,8.43,105.133,1.0655,1.255
56.375,4.87,10.32,85.742,1.0215,1.131
56.45833,4.53,6.98,91.063,1.005,1.229
56.54167,4.7,10.69,78.892,1.0065,1.164
56.625,5.84,9.51,92.303,0.968,1.153
56.70833,4.91,12.34,79.238,0.9955,1.094
56.79167,4.98,11.56,93.201,1.073,1.124
56.875,5.77,13.06,80.571,1.021,1.253
56.95833,5.99,12.06,92.596,1.044,1.371
57.04167,5.83,11.97,93.808,1.202,1.451
57.125,7.88,14.32,101.025,1.239,1.637
57.20833,7.45,11,120.386,1.466,1.987
57.29167,7.17,10.18,143.365,1.314,1.63
57.375,6.12,11.74,124.24,1.281,2.031
57.45833,6.53,10.27,141.403,1.1425,1.863
57.54167,8.42,10.84,146.314,1.245,2.228
57.625,7.49,10.34,137.224,1.2705,2.687
57.70833,6.14,9.65,130.364,1.4615,3.055
57.79167,8.99,6.05,103.58,1.1915,2.713
57.875,8.49,11.63,68.693,1.372,3.376
57.95833,7.57,8.1,134.912,1.119,2.239
58.04167,4.98,11.07,124.705,1.238,1.5
58.125,4.71,6.02,72.226,1.148,1.619
58.20833,5.99,4.21,105.856,1.123,1.641
58.29167,6.8,4.4,110.365,1.103,1.797
58.375,5.97,5.86,113.545,0.9195,2.106
58.45833,5.57,7.79,91.036,1.127,2.684
58.54167,9.86,7.73,73.846,1.155,2.822
58.625,8.25,6.8,77.143,1.258,3.414
58.70833,8.28,6.24,69.554,1.2085,2.359
58.79167,8.63,4.58,77.177,0.99,2.473
58.875,8.68,4.88,89.368,1.3135,3.03
58.95833,6.81,4.74,70.519,1.485,3.678
59.04167,7.59,5.42,133.721,1.0125,3.318
59.125,5.39,3.52,65.17,1.247,4.001
59.20833,5.24,6.44,105.13,1.443,4.007
59.29167,6.35,4.28,92.853,1.008,4.001
59.375,7.49,5.26,55.682,0.9345,3.226
59.45833,8.12,8.02,75.272,1.0905,2.539
59.54167,8.81,7.01,86.925,1.257,2.263
59.625,7.71,7.73,94.394,1.338,2.808
59.70833,6.69,4.6,71.123,1.174,2.253
59.79167,6.68,6.46,85.402,1.109,2.152
59.875,7.98,8.71,94.099,1.353,2.547
59.95833,9.35,3.61,18.807,1.08,3.041
60.04167,5.88,6.35,6.012,0.866,2.334
60.125,5.12,5.42,38.189,1.044,4.001
60.20833,6.02,5.68,45.638,1.301,3.276
60.29167,6.09,7.18,108.648,1.2465,3.132
60.375,5.37,6.16,45.726,1.246,2.854
60.45833,6.31,10.09,37.516,1.544,2.79
60.54167,5.93,7.35,36.216,1.586,3.627
60.625,4.68,4.79,349.983,1.08,3.586
60.70833,9.25,7.43,74.72,0.968,3.401
60.79167,6.96,5.63,42.452,0.9625,3.812
60.875,5.52,3.85,40.335,1.1345,2.601
60.95833,6.03,5.11,356.48,0.8885,2.624
61.04167,6.42,2.98,73.599,0.928,2.812
61.125,4.92,6.39,85.771,1.3585,2.955
61.20833,6.46,7.45,37.547,1.027,2.686
61.29167,8.12,7.99,77.795,1.0495,2.586
61.375,7.51,4.86,25.458,1.137,1.912
61.45833,5.24,6.58,83.309,1.394,2.076
61.54167,6.56,5.41,80.886,1.087,2.252
61.625,7.02,8.31,86.905,0.9235,2.857
61.70833,5.99,10.42,89.028,1.411,2.056
61.79167,7.66,8.76,87.15,1.2245,2.758
61.875,8.86,8.49,92.347,1,2.529
61.95833,10.45,6.85,105.687,1.152,3.66
62.04167,6.33,6.16,150.598,1.216,2.844
62.125,9.11,5.55,150.362,1.0595,3.751
62.20833,5.62,4.37,11.681,1.228,2.757
62.29167,7.32,5.79,112.68,1.2185,2.463
62.375,7.83,8.24,13.907,1.165,2.605
62.45833,8.04,7.84,26.641,1.197,2.862
62.54167,8.49,4.24,16.917,0.949,2.653
62.625,7.6,6.31,62.173,1.582,3.189
62.70833,8.98,5.53,122.098,1.069,2.883
62.79167,7.64,4.39,103.187,1.021,2.845
62.875,12.24,4.2,73.636,1.5015,3.184
62.95833,5.2,5.78,115.883,1.236,3.008
63.04167,6.4,7.09,151.197,1.351,3.242
63.125,5.54,6.15,181.533,1.393,4
63.20833,5.83,5.83,198.727,1.24,3.721
63.29167,7.11,4.27,178.853,1.229,3.349
63.375,7.92,7.21,17.071,0.973,4.003
63.45833,5.6,4.95,292.989,1.1105,3.012
63.54167,7.19,2.84,111.449,0.9745,2.336
63.625,6.4,4.78,319.52,1.3975,2.576
63.70833,7.95,5.83,228.885,1.204,2.348
63.79167,9.89,7.46,265.811,1.05,2.735
63.875,7.34,7.82,262.106,1.313,3.435
63.95833,8.71,8.34,255.79,1.509,2.245
64.04167,9.68,7.51,312.967,1.1695,3.164
64.125,7.47,7.25,310.37,1.338,4
64.20833,4.36,6.96,331.857,1.194,4.002
64.29167,7.03,7.56,347.731,0.877,4.001
64.375,7.56,5.83,326.48,0.925,4.001
64.45833,8.68,7.45,355.556,1.027,4
64.54167,8.82,6.54,344.675,1.069,3.096
64.625,9.72,5.75,43.967,1.2905,4.002
64.70833,9.6,4.34,32.532,1.097,3.156
64.79167,13.51,7.63,289.542,0.9295,3.207
64.875,5.67,6.98,304.263,1.5305,3.812
64.95833,4.77,6.97,321.999,1.1175,4.001
65.04167,7.73,6.09,335.766,1.285,3.919
65.125,6.24,6.32,348.806,1.415,4.006
65.20833,8.93,5.28,4.61,1.077,4.004
65.29167,4.42,5.46,359.615,1.074,2.329
65.375,7.24,4.16,45.898,1.185,1.832
65.45833,6.65,5.82,32.789,1.196,2.579
65.54167,9.56,5.27,53.766,1.181,1.968
65.625,8.45,2.15,111.975,1.19,2.019
65.70833,7.96,3.75,279.157,1.065,2.808
65.79167,5.18,5.99,306.713,1.1245,2.282
65.875,7.45,5.16,284.479,0.933,2.47
65.95833,7.09,7.3,287.78,1.116,2.541
66.04167,7.51,6.56,289.159,1.1755,2.478
66.125,8.55,6.82,316.304,0.9395,2.715
66.20833,6.39,7.18,313.838,1.369,3.41
66.29167,6.7,6.19,300.63,1.2885,3.372
66.375,8.81,4.11,46.678,0.945,2.273
66.45833,4.48,6.12,27.25,1.661,2.991
66.54167,5.4,4.87,25.41,1.14,3.256
66.625,6.21,3.91,11.773,1.369,2.973
66.70833,6.15,6.08,266.517,1.282,4.001
66.79167,7,6.95,246.718,1.163,3.012
66.875,5.48,6.91,264.191,1.1065,2.892
66.95833,9.05,7.31,213.738,1.022,4.001
67.04167,8.09,7.1,208.785,0.934,3.136
67.125,5.84,7.53,267.762,1.025,4
67.20833,7.45,4.5,232.878,1.068,2.43
67.29167,7.13,7.8,245.079,1.286,1.811
67.375,8.52,8.21,234.77,1.45,2.384
67.45833,5.27,6.23,314.671,1.24,2.827
67.54167,7.7,4.5,305.091,0.9335,2.219
67.625,5.76,7.3,286.05,1.489,2.308
67.70833,10.85,8.12,297.384,1.073,2.731
67.79167,10.5,5.88,305.663,1.2565,2.69
67.875,8.51,5.94,272.459,1.3445,3.088
67.95833,10.05,5.23,263.027,1.095,3.736
68.04167,7.56,8.6,284.546,1.478,3.097
68.125,5.72,10.8,296.356,1.285,3.123
68.20833,6.2,10.29,285.954,1.3565,3.185
68.29167,6.32,7.26,283.609,1.5135,2.75
68.375,6.83,10.58,289.673,1.154,3.013
68.45833,8.68,11,297.978,1.386,2.521
68.54167,7.33,11.58,308.249,1.313,3.237
68.625,8.91,14.84,330.756,0.892,2.863
68.70833,7.82,10.56,334.808,1.501,2.752
68.79167,6.36,6.38,311.169,0.953,3.402
68.875,7.94,7.19,308.279,1.291,2.38
68.95833,6.73,9.92,279.384,1.189,2.512
69.04167,8.96,9.03,283.345,1.175,2.145
69.125,8.13,7.52,303.794,1.486,2.163
69.20833,8.32,8,11.191,1.253,3.146
69.29167,7.31,8.25,324.676,1.328,2.914
69.375,6.55,8.77,335.556,1.231,3.641
69.45833,6.73,10.53,296.331,1.184,1.915
69.54167,7.35,5.05,297.063,1.054,2.043
69.625,6.63,5.95,302.423,1.1905,1.967
69.70833,8.31,3.81,310.742,0.9765,1.957
69.79167,8.28,4.96,321.182,0.873,2.036
69.875,5.05,5.67,339.279,1.5845,2.398
69.95833,7.7,6.5,334.877,1.1615,2.277
70.04167,8,8.46,306.938,1.581,2.56
70.125,9.25,8.95,274.276,1.259,2.832
70.20833,9.21,8.03,281.209,1.1905,2.78
70.29167,2.7,9.17,322.456,1.585,2.739
70.375,9.35,7.16,316.408,0.91,2.569
70.45833,8.59,5.03,306.368,1.508,2.299
70.54167,5.95,5.38,1.754,1.158,2.406
70.625,5.94,7.31,351.473,1.393,2.566
70.70833,7.14,6.28,290.083,1.3165,2.548
70.79167,10.01,4.81,315.091,0.795,2.407
70.875,5.93,6.19,331.131,1.302,2.712
70.95833,6.18,4.94,282.999,1.267,2.425
71.04167,6.28,5.56,259.727,1.4715,2.37
71.125,8.52,6.63,289.125,1.323,2.434
71.20833,7.67,8.63,268.991,0.996,2.51
71.29167,5.47,5.54,274.506,1.6,2.664
71.375,8.11,7.7,311.829,0.961,2.811
71.45833,8.25,8.74,286.103,1.2485,2.725
71.54167,7.44,5,288.635,1.052,2.508
71.625,5.35,5.09,288.174,1.1215,2.708
71.70833,5.03,7.41,259.02,1.483,2.218
71.79167,9.5,9.7,237.592,1.046,2.387
71.875,7.09,7.33,256.898,1.3915,2.404
71.95833,6.5,9.94,240.039,0.9665,2.176
72.04167,5.68,10.76,240.199,1.118,2.37
72.125,9.83,7.76,303.425,1.1545,2.213
72.20833,9.44,7.64,288.613,1.139,2.468
72.29167,7.37,10.26,274.69,1.659,2.863
72.375,6.1,10.01,265.751,1.373,2.541
72.45833,7.78,7.83,277.341,1.482,2.574
72.54167,9.48,10.83,309.687,1.198,3.023
72.625,6.81,12.6,298.365,1.049,3.382
72.70833,5.16,9.91,299.859,1.228,3.271
72.79167,9.51,7.73,296.646,0.907,3.129
72.875,8.79,11.19,295.07,1.43,3.491
72.95833,7.24,11.15,307.955,0.8235,3.724
73.04167,5.25,7.93,302.738,1.518,3.734
73.125,6.86,5.77,297.474,0.852,3.169
73.20833,9.55,7.87,308.98,1.51,4
73.29167,9.15,6.53,289.118,0.738,4.003
73.375,7.82,6.87,326.776,1.187,3.771
73.45833,5.92,10.32,327.664,1.18,2.575
73.54167,9.27,5.41,306.84,1.019,1.954
73.625,4.72,4.52,306.372,1.312,1.807
73.70833,8.37,6.88,339.956,0.932,1.665
73.79167,6.05,6.2,289.421,1.2815,2.04
73.875,7.03,3.83,328.479,0.923,1.599
73.95833,8.65,4.13,20.129,1.1585,1.619
74.04167,6.1,3.1,81.697,1.107,1.623
74.125,6.61,4.26,284.813,0.95,1.307
74.20833,6.85,6.36,258.822,1.042,1.262
74.29167,7.31,5.67,252.909,1.0525,1.451
74.375,7.16,5.92,238.437,0.9605,1.303
74.45833,6.76,5.12,235.074,1.0455,1.29
74.54167,6.3,8.04,270.514,0.984,1.24
74.625,6.49,1.84,259.584,0.999,1.168
74.70833,6.31,8.08,271.33,1.0075,1.234
74.79167,6.35,2.12,273.942,1.05,1.182
74.875,6.92,6.42,281.448,0.9965,1.183
74.95833,6.71,2.85,265.359,0.9885,1.118
75.04167,6.71,8.53,260.93,1.0075,1.14
75.125,6.91,1.43,257.954,1.005,1.111
75.20833,6.39,6.99,261.932,1.007,1.167
75.29167,5.75,2.03,199.081,1.023,1.191
75.375,6.4,6.43,234.714,1.0635,1.218
75.45833,8.34,5.46,210.419,1.069,1.165
75.54167,6.5,7.43,197.558,0.994,1.102
75.625,6.41,9.58,210.641,1.001,1.128
75.70833,6.38,9.81,209.204,1.06,1.132
75.79167,5.92,10.65,226.874,1.0125,1.105
75.875,6.58,10.06,215.695,0.9645,1.112
75.95833,5.88,12.1,219.854,1.086,1.204
76.04167,7.2,12.49,222.981,1.0075,1.143
76.125,6.4,12.59,233.902,0.9795,1.094
76.20833,6.86,10.51,238.242,0.995,1.154
76.29167,6.89,10.12,236.674,0.98,1.09
76.375,5.91,12.08,256.419,0.993,1.087
76.45833,6.44,13.56,238.529,0.987,1.188
76.54167,5.96,11.33,266.98,0.982,1.144
76.625,6.62,10.33,250.697,1.011,1.184
76.70833,6.47,9.78,247.538,1.001,1.14
76.79167,6.79,10.96,235.772,1.013,1.144
76.875,6.005,8.26,241.422,0.932,1.107
76.95833,6.29,8,226.088,1.01,1.161
77.04167,6.97,10.81,217.946,0.957,1.133
77.125,6.41,8.86,225.124,1.01,1.199
77.20833,6.76,13.19,226.219,1.0155,1.129
77.29167,6.88,11.77,238.661,1.012,1.099
77.375,8.2,17,237.916,0.938,1.168
77.45833,7.4,15.85,254.317,0.941,1.306
77.54167,6.99,12.44,238.666,1.044,1.363
77.625,6.65,16.11,257.531,1.0125,1.25
77.70833,6.87,11.99,245.537,0.973,1.188
77.79167,5.87,16.32,262.128,1.023,1.323
77.875,5.46,12.51,243.046,1.014,1.171
77.95833,6.23,15.92,258.656,1.0385,1.137
78.04167,6.82,10.69,250.765,0.971,1.14
78.125,7.26,16.02,264.711,0.972,1.137
78.20833,6.75,11.52,252.303,1.003,1.202
78.29167,7.59,16.47,261.573,1.005,1.207
78.375,6.55,12.11,239.51,1.0335,1.106
78.45833,6.8,15.78,255.803,0.975,1.223
78.54167,7.12,13.51,234.65,1.0005,1.243
78.625,6.32,13.08,253.553,1.033,1.176
78.70833,7.06,14.44,227.119,0.963,1.117
78.79167,6.49,14.65,244.954,1.015,1.122
78.875,6.41,15.95,222.061,1.0175,1.126
78.95833,6.62,17.52,240.056,1.024,1.181
79.04167,6.37,13.84,229.655,0.975,1.06
79.125,6.34,19.41,241.196,0.999,1.044
79.20833,6.93,17.15,247.808,0.9565,1.049
79.29167,7.29,12.66,252.803,1.013,1.14
79.375,6.7,18.96,249.482,0.98,1.095
79.45833,7.12,13.61,247.977,1.006,1.104
79.54167,6.8,19.89,261.122,1.021,1.066
79.625,6.13,12.04,259.301,1.023,1.087
79.70833,6.26,17.29,267.459,1.006,1.148
79.79167,6.36,9.79,257.244,1.02,1.151
79.875,6.84,14.28,273.45,1.012,1.117
79.95833,6.32,10.76,254.857,1.004,1.105
80.04167,7.34,13.27,273.64,1.0385,1.138
80.125,6.75,10.34,250.122,1.0385,1.166
80.20833,6.34,13.52,275.17,1.007,1.131
80.29167,7.08,12.25,258.054,0.962,1.216
80.375,6.2,15.48,268.868,1.024,1.141
80.45833,6.7,13.23,254.575,0.989,1.212
80.54167,6.75,16.32,264.655,1.031,1.108
80.625,6.85,13.96,244.951,1.01,1.185
80.70833,6.48,17.09,269.124,1.01,1.195
80.79167,5.69,13.99,253.473,0.9755,1.146
80.875,6.2,16.87,271.644,0.9885,1.224
80.95833,6.89,14.87,263.036,0.998,1.216
81.04167,6.26,15.7,271.627,1.011,1.122
81.125,6.52,13.68,264.627,0.9865,1.055
81.20833,6.13,11.56,264.363,0.976,1.059
81.29167,5.96,13.56,277.854,1.007,1.068
81.375,5.64,13.96,251.012,1.0065,1.086
81.45833,6.09,11.72,276.817,0.9755,1.128
81.54167,6.47,12.8,255.495,1.017,1.131
81.625,6.26,9.94,261.462,1.006,1.138
81.70833,6.84,12.01,247.645,0.9885,1.154
81.79167,6.57,11.8,254.029,0.986,1.118
81.875,6.44,12.04,262.328,1.01,1.094
81.95833,6.67,14.16,253.109,1.0325,1.128
82.04167,6.39,12.91,256.474,1.0505,1.172
82.125,6.44,13.64,253.384,1.0535,1.143
82.20833,7.04,14.46,254.414,1.052,1.107
82.29167,6.52,13.07,259.69,1.06,1.174
82.375,6.38,16.5,252.236,1.0135,1.082
82.45833,6.61,15.77,263.94,1.005,1.079
82.54167,6.33,15.51,263.24,1.0295,1.099
82.625,6.87,13.73,262.066,1.025,1.117
82.70833,6.86,13.63,261.303,0.998,1.086
82.79167,7.13,12.68,263.892,1.001,1.095
82.875,7.01,12.6,272.835,0.984,1.141
82.95833,6.43,11.51,257.651,1.026,1.127
83.04167,7.13,11.76,266.204,1.013,1.148
83.125,7.33,11.53,247.611,0.9855,1.096
83.20833,6.99,12.71,253.698,1.034,1.186
83.29167,7.35,13.32,239.343,0.995,1.153
83.375,6.97,17.56,249.078,0.979,1.1
83.45833,7.09,18.3,238.106,1.0215,1.082
83.54167,6.65,14.78,252.976,1.0195,1.189
83.625,6.8,16.19,231.57,0.977,1.117
83.70833,6.62,13.65,253.123,1.006,1.104
83.79167,7.16,17.04,233.555,0.987,1.143
83.875,7.47,13.69,254.441,1.03,1.173
83.95833,6.78,14.68,232.993,1.018,1.079
84.04167,6.85,13.84,255.761,1.006,1.113
84.125,6.94,16.39,236.292,0.988,1.077
84.20833,6.98,16.27,246.631,1.036,1.181
84.29167,7.12,17.12,239.363,1.0275,1.175
84.375,7.24,15.29,252.282,0.998,1.097
84.45833,6.93,17.61,246.896,0.991,1.139
84.54167,6.57,17.7,252.514,0.9815,1.055
84.625,6.59,15.68,255.132,0.9995,1.083
84.70833,6.62,17.01,238.454,1.0375,1.121
84.79167,6.19,17.81,258.309,0.996,1.066
84.875,6.61,16.89,245.456,0.9855,1.123
84.95833,7.1,15.93,249.717,0.9815,1.126
85.04167,6.68,19.3,261.653,0.982,1.145
85.125,6.87,16.55,251.314,0.989,1.097
85.20833,6.68,21.92,260.518,1.008,1.136
85.29167,6.8,17.38,257.082,1.005,1.095
85.375,6.47,21.18,260.598,0.9875,1.095
85.45833,6.28,18.42,251.078,0.973,1.089
85.54167,6.54,19.5,261.295,0.983,1.064
85.625,6.61,20.39,259.589,1.018,1.081
85.70833,5.96,22.23,245.658,1.035,1.133
85.79167,5.94,22,260.233,1.0365,1.102
85.875,6.24,20.28,250.704,0.973,1.108
85.95833,6.7,21.49,265.672,0.9955,1.106
86.04167,6.57,18.4,265.833,1.0005,1.132
86.125,6.95,17.4,266.587,1.003,1.101
86.20833,6.78,18.1,271.877,1.014,1.096
86.29167,6.86,15.66,266.271,1.011,1.11
86.375,6.86,18.11,271.166,1.008,1.058
86.45833,6.1,15.05,256.288,1.0255,1.128
86.54167,6.26,20.23,271.024,0.9835,1.152
86.625,6.76,15.86,260.047,0.975,1.119
86.70833,7.15,14.54,260.381,0.969,1.114
86.79167,6.88,16.36,269.458,1.0165,1.076
86.875,6.37,14.9,252.044,1.0265,1.124
86.95833,6.56,17.32,272.147,1.0265,1.075
87.04167,6.67,16.31,247.673,1.018,1.074
87.125,7.22,14.92,258.332,0.96,1.004
87.20833,6.91,12.64,247.425,0.99,1.057
87.29167,6.65,19.56,250.981,0.9945,1.041
87.375,6.29,17.3,267.325,0.988,1.076
87.45833,7.13,16.71,259.045,1.005,1.117
87.54167,7.26,18.44,258.784,1.013,1.122
87.625,8.34,19.71,270.599,1.005,1.104
87.70833,7.27,18.48,260.513,1.046,1.1
87.79167,7.35,18,279.408,1.017,1.098
87.875,7.16,17.24,258.227,1.019,1.082
87.95833,6.99,15.56,274.832,0.994,1.058
88.04167,7.69,14.56,259.208,0.9895,1.037
88.125,6.47,21.13,273.269,0.9755,1.048
88.20833,7.32,19.84,276.87,1,1.05
88.29167,8.09,15.52,277.393,1.013,1.148
88.375,7.01,24.42,285.745,1.0085,1.045
88.45833,7.09,19.76,284.719,0.93,1.112
88.54167,7.38,20.69,290.55,0.9815,1.093
88.625,7.28,21.72,284.353,0.988,1.051
88.70833,7.48,16.91,279.453,1.016,1.074
88.79167,6.16,16.7,294.942,1.067,1.124
88.875,7.39,16.34,275.047,1.0185,1.087
88.95833,7.36,15.8,277.149,0.948,1.067
89.04167,7.55,14.84,277.7,1.042,1.088
89.125,6.25,18.2,267.435,1.0115,1.07
89.20833,6.81,19.36,285.095,0.981,1.067
89.29167,7.27,17.23,279.963,0.976,1.08
89.375,7.49,16.12,283.14,0.9705,1.11
89.45833,7.31,17.08,293.207,1.0205,1.079
89.54167,6.91,12.16,279.796,1.011,1.113
89.625,6.74,16.81,289.888,0.992,1.054
89.70833,7.07,15.25,269.717,0.956,1.073
89.79167,7.1,14.8,266.037,1.0195,1.081
89.875,7.68,18.62,284.987,1.02,1.146
89.95833,6.95,12.54,282.376,0.997,1.071
90.04167,6.76,18.73,296.234,0.977,1.044
90.125,7.67,16.56,298.37,0.959,1.037
90.20833,7.67,14.58,304.341,1.0105,1.035
90.29167,7.71,19.2,289.318,0.963,1.029
90.375,6.95,15.37,279.462,0.972,1.013
90.45833,7.47,14.6,284.302,1.0085,1.035
90.54167,6.05,20.6,274.53,1.035,1.088
90.625,6.56,16.98,260.042,0.9795,1.055
90.70833,7.06,19.89,265.05,0.9665,1.022
90.79167,6.39,19.88,277.417,0.9975,1.046
90.875,7.1,15.71,275.419,0.972,1.007
90.95833,7.32,16.83,269.461,0.98,1.005
91.04167,6.63,20.93,277.859,1.0025,1.025
91.125,6.71,16.27,290.167,0.966,1.069
91.20833,7.3,17.23,277.709,0.972,1.048
91.29167,6.75,17.95,280.538,1.0065,1.056
91.375,6.9,16.65,293.828,1.0345,1.074
91.45833,6.5,18.64,275.806,0.9995,1.065
91.54167,6.78,13.96,284.354,0.9605,1.049
91.625,7.38,16.16,281.948,0.994,1.082
91.70833,7.01,19.89,273.797,1.042,1.098
91.79167,6.84,15.17,284.663,0.997,1.133
91.875,6.75,19.81,266.823,1.029,1.064
91.95833,6.5,16.62,279.206,0.977,1.062
92.04167,7.04,19.12,271.782,0.9865,1.082
92.125,7.11,20.49,276.191,1.011,1.095
92.20833,7.05,17.96,283.065,1.0195,1.068
92.29167,6.87,22.14,277.34,1.0255,1.045
92.375,6.1,17.73,294.961,1.0005,1.046
92.45833,7.27,19.82,291.535,0.96,1.046
92.54167,6.38,21.29,287.79,1.03,1.083
92.625,6.91,15.76,303.309,0.994,1.08
92.70833,6.43,22.45,295.519,0.996,1.044
92.79167,6.89,19.27,294.396,0.967,1.035
92.875,7.09,16.74,292.833,1.014,1.088
92.95833,6.57,22.72,287.648,1.019,1.062
93.04167,6.63,15.77,286.603,0.982,1.016
93.125,6.78,19.75,292.755,0.951,1.019
93.20833,6.88,20.78,297.721,1.033,1.059
93.29167,6.59,13.91,302.553,1.025,1.071
93.375,6.76,20.15,298.747,0.961,1.086
93.45833,6.72,15.85,310.365,0.99,1.038
93.54167,7.13,16.37,311.526,1.0045,1.053
93.625,6.62,17.95,301.101,1.0165,1.094
93.70833,6.46,12.32,316.745,0.981,1.063
93.79167,7.22,14.74,313.286,0.95,1.06
93.875,6.7,16.29,309.891,1.007,1.062
93.95833,6.05,12.6,329.333,0.9265,1.057
94.04167,7.09,12.73,324.295,0.9965,1.045
94.125,6.48,13.84,305.932,1.0135,1.084
94.20833,6.9,10.6,322.086,0.9745,1.062
94.29167,7.12,13.86,310.47,0.964,1.063
94.375,7.13,13.9,299.264,1.017,1.072
94.45833,6.06,9.99,286.974,1.045,1.084
94.54167,6.71,15.68,298.231,0.9775,1.075
94.625,6.93,11.94,278.887,0.959,1.047
94.70833,7.13,13.18,280.209,0.955,1.083
94.79167,6.07,15.75,295.644,0.999,1.062
94.875,6.61,14.22,282.75,0.955,1.037
94.95833,7.02,13.73,290.932,1.0125,1.034
95.04167,6.17,17.35,306.358,1,1.039
95.125,7.31,16.89,293.073,0.947,1.019
95.20833,6.99,14.9,285.267,1.041,1.061
95.29167,6.29,15.02,304.44,0.974,1.02
95.375,7.02,11.19,291.191,0.975,1.012
95.45833,7.08,12.84,283.609,0.9855,1.003
95.54167,6.91,14.26,305.862,0.962,1.016
95.625,6.79,9.67,306.364,0.9815,1.021
95.70833,6.66,9.86,283.918,0.9915,1.033
95.79167,7.24,10.38,308.413,0.9305,1
95.875,6.34,8.52,313.356,1.008,1.035
95.95833,6.73,10.82,286.929,0.9545,1.053
96.04167,6.83,12.66,297.263,0.982,1.025
96.125,6.54,12.61,310.11,0.996,1.027
96.20833,6.94,14.93,293.778,0.957,1.046
96.29167,7.29,14.92,293.665,0.99,1.048
96.375,6.13,16.19,307.972,1.0205,1.072
96.45833,6.6,17.49,291.126,0.973,1.033
96.54167,6.99,15.83,302.289,0.994,1.095
96.625,7.05,16.05,308.635,0.974,1.055
96.70833,6.79,17.86,292.353,1.04,1.098
96.79167,7.08,14.85,309.401,0.992,1.052
96.875,6.73,17.29,291.529,0.973,1.044
96.95833,7.19,14.22,302.815,0.939,1.053
97.04167,6.66,14.3,310.355,1.0075,1.05
97.125,6.48,16.29,290.097,1.0125,1.095
97.20833,7.16,11.68,303.099,0.9875,1.08
97.29167,7.37,10.82,290.012,0.983,1.1
97.375,7.87,12.41,275.816,1.034,1.099
97.45833,7.06,11.6,289.196,0.985,1.048
97.54167,6.71,15.73,272.361,0.953,1.042
97.625,7.39,13.08,265.011,0.931,1.056
97.70833,6.84,11.17,279.503,1.027,1.068
97.79167,7.62,18.03,275.317,1.017,1.056
97.875,7.11,13.39,288.789,0.958,1.013
97.95833,7.37,12.61,283.747,1.0015,1.063
98.04167,6.95,15.89,276.386,1.019,1.058
98.125,6.87,13.31,299.985,0.98,1.066
98.20833,7.58,13.42,292.959,0.9685,1.056
98.29167,7.56,12.51,287.504,0.996,1.053
98.375,7.27,12,314.993,0.9945,1.048
98.45833,7.48,10.9,299.677,0.934,1.026
98.54167,7.39,12.51,295.857,1.043,1.071
98.625,6.62,10.98,323.642,1.007,1.07
98.70833,7.4,8.49,297.625,0.966,1.027
98.79167,7.35,8.5,296.591,0.985,1.059
98.875,6.84,5.85,321.141,0.998,1.056
98.95833,7.1,6.6,270.897,0.988,1.054
99.04167,7.94,5.89,312.051,0.963,1.051
99.125,7.46,5.33,334.377,1.0155,1.057
99.20833,7.1,4.32,271.188,1.0105,1.047
99.29167,7.01,3.46,344.551,0.944,1.026
99.375,7.31,3.2,344.489,0.998,1.064
99.45833,7.31,4.16,272.099,1.012,1.069
99.54167,6.69,3.86,344.818,0.967,1.021
99.625,7.11,6.44,294.171,0.961,1.026
99.70833,6.82,8.03,266.538,1.015,1.029
99.79167,7.14,4.81,245.746,0.947,1.008
99.875,7.16,7.26,246.388,0.9625,1.011
99.95833,6.84,10.94,257.599,1.008,1.064
100.04167,7.27,7.09,248.812,0.9945,1.044
100.125,6.7,12.45,260.655,0.968,1.027
100.20833,7.5,11.72,256.822,0.997,1.039
100.29167,6.5,8.9,247.61,0.996,1.059
100.375,6.67,12.36,262.343,0.946,1.036
100.45833,7.16,12.2,258.485,0.97,1.059
100.54167,6.73,10.75,244.965,0.9885,1.028
100.625,6.52,15.3,262.638,0.972,1.03
100.70833,7.16,12.3,261.604,0.9355,1.045
100.79167,6.17,9.21,258.676,1.021,1.056
100.875,6.81,15.17,266.39,0.981,1.039
100.95833,7.36,11.94,261.706,0.965,1.027
101.04167,6.34,12.36,249.449,0.998,1.034
101.125,6.41,16.97,258.185,1.002,1.046
101.20833,7.01,13.31,269.773,0.951,1.031
101.29167,6.7,13.48,275.7,0.996,1.029
101.375,6.48,18.77,265.842,0.978,0.997
101.45833,6.85,17.27,257.394,0.977,0.992
101.54167,6.55,14.17,254.844,0.975,0.983
101.625,6.42,16.92,272.66,0.989,1
101.70833,6.88,18.86,269.2,0.97,0.989
101.79167,6.37,17.71,257.183,0.9845,0.999
101.875,6.82,16.44,267.125,0.965,0.986
101.95833,6.59,20.2,273.703,0.991,1.006
102.04167,7.09,21.25,264.096,0.963,0.987
102.125,6.4,17.45,261.954,0.988,1.001
102.20833,6.76,19.14,272.115,0.961,0.989
102.29167,6.43,22.54,270.809,1.009,1.031
102.375,6.89,19.24,261.373,0.9415,0.99
102.45833,6.79,15.84,266.268,1.004,1.038
102.54167,6.51,19.68,272.861,0.992,1.005
102.625,6.72,18.88,262.271,0.9565,1.004
102.70833,6.76,16.12,262.649,1.0045,1.023
102.79167,6.86,15.83,278.138,0.953,0.998
102.875,6.6,15.62,274.99,0.9635,1.031
102.95833,6.15,16.58,259.462,1.013,1.024
103.04167,7.02,18.4,267.854,0.943,1.02
103.125,7.07,19.22,265.994,1.016,1.034
103.20833,6.08,20.13,251.776,0.985,1.03
103.29167,7.39,20.94,257.766,0.958,1.036
103.375,6.48,22.33,262.663,0.9985,1.023
103.45833,6.94,22.96,249.433,0.949,1.006
103.54167,6.74,19.27,249.579,0.988,1.01
103.625,6.84,18.95,259.455,0.969,0.991
103.70833,6.88,22.14,256.444,0.971,0.99
103.79167,7.08,23.19,249.506,0.9885,0.999
103.875,7.38,19.98,256.664,0.9555,0.971
103.95833,6.61,22.9,265.701,0.988,1.004
104.04167,6.97,25.08,257.928,0.9555,1.013
104.125,7.6,23.7,256.387,1.005,1.025
104.20833,6.51,22.69,269.539,0.963,1.021
104.29167,7.42,25.24,267.111,0.9555,1.031
104.375,7.08,26.06,263.071,1.006,1.027
104.45833,7.03,23.63,275.118,0.936,1.003
104.54167,7.37,22.54,276.077,1.0045,1.035
104.625,7.16,22.7,268.183,0.986,1.011
104.70833,7.47,20.31,279.189,0.942,1.001
104.79167,7.39,20.4,282.238,1.0035,1.045
104.875,6.89,22.13,268.024,0.974,1.009
104.95833,7.73,20.53,270.291,0.956,1.035
105.04167,6.95,18.11,276.478,1.017,1.037
105.125,7.03,20.94,262.046,0.962,0.99
105.20833,7.48,20.25,258.177,0.9985,1.019
105.29167,7.24,18.78,267.327,1.011,1.03
105.375,7.14,21.78,259.442,0.966,0.998
105.45833,7.71,22.05,256.992,0.999,1.024
105.54167,6.67,18.23,260.08,0.9875,1.01
105.625,7.31,21,254.15,0.976,1.032
105.70833,6.72,25.77,251.895,1.002,1.02
105.79167,7.83,23.58,253.575,0.9455,1.017
105.875,6.71,21.14,257.772,0.984,1.029
105.95833,7.3,24.21,256.425,0.946,1.026
106.04167,6.83,25.5,251.878,0.9895,1.007
106.125,7.24,21.35,254.065,0.9515,0.985
106.20833,-8.25,19.11,260.882,0.5835,3.1
106.29167,-58.07,19.06,261.238,0.283,1.762
106.375,-81.45,21.29,264.317,0.94,4.196
106.45833,-88.24,28.4,260.176,1.022,3.387
106.54167,-91.58,23.71,256.754,1.113,4.014
106.625,-92.33,17.54,258.871,1.197,4.145
106.70833,-88.44,16.92,260.069,1.1315,4.318
106.79167,-87.89,16.24,268.226,1.191,4.248
106.875,-86.98,12.72,267.888,1.2225,2.162
106.95833,-81.53,8.67,64.219,1.177,1.497
107.04167,-79.94,20.66,347.039,1.1935,1.482
107.125,-77.37,10.92,11.578,1.186,1.693
107.20833,-76.37,6.07,307.448,1.212,1.686
107.29167,-73.43,12.43,258.852,1.2,1.374
107.375,-71.03,16.84,251.33,1.23,1.696
107.45833,-69.71,17.14,302.291,1.198,1.45
107.54167,-67.39,18.2,316.117,1.167,1.369
107.625,-67.58,21.06,262.388,1.221,1.517
107.70833,-64.51,25.4,285.887,1.159,1.362
107.79167,-62.43,10.52,221.974,1.174,1.403
107.875,-57.58,6.15,22.036,1.141,1.389
107.95833,-55.94,5.3,342.201,1.127,1.299
108.04167,-58.63,19.05,262.73,1.216,1.621
108.125,-57.25,15.92,242.664,1.1915,1.6
108.20833,-52.77,19.24,212.837,1.16,1.427
108.29167,-53.75,25.69,232.213,1.1615,1.395
108.375,-53.67,27.23,253.822,1.177,1.47
108.45833,-52.47,20.31,240.68,1.198,1.694
108.54167,-50.57,23.18,247.945,1.154,1.424
108.625,-50.55,18.18,240.915,1.248,1.508
108.70833,-49.98,16.38,247.582,1.235,1.724
108.79167,-48.13,8.57,258.261,1.204,1.454
108.875,-47.79,13.63,267.89,1.217,1.407
108.95833,-47.16,15.59,273.01,1.2325,1.438
109.04167,-46.5,18.1,239.282,1.251,1.863
109.125,-45.85,18.52,257.153,1.23,1.622
109.20833,-44.73,15.47,271.849,1.2225,1.522
109.29167,-43.09,11.17,222.524,1.19,1.459
109.375,-42.16,5.23,202.357,1.2315,1.629
109.45833,-40.19,4.81,160.363,1.202,1.606
109.54167,-39.14,5.76,276.72,1.166,1.426
109.625,-40.81,5.99,241.343,1.1995,1.423
109.70833,-40.52,5.5,256.555,1.198,1.564
109.79167,-39.11,8.46,247.609,1.189,1.348
109.875,-37.93,7.39,268.096,1.189,1.466
109.95833,-35.08,6.62,163.32,1.0875,1.483
110.04167,-36.93,2.8,46.112,1.1365,1.461
110.125,-34.14,5.76,118.422,1.117,1.579
110.20833,-35.38,4.52,283.875,1.143,1.484
110.29167,-33.66,10.9,308.532,1.1725,1.46
110.375,-33.91,9.38,299.493,1.193,1.595
110.45833,-33.7,8.5,323.503,1.181,1.571
110.54167,-32.99,12.45,246.662,1.212,1.58
110.625,-28.84,14.4,209.274,1.0705,1.609
110.70833,-31.83,4.89,172.53,1.1425,1.697
110.79167,-30.03,7.24,57.352,1.08,1.495
110.875,-32.31,3.8,313.001,1.165,1.687
110.95833,-29.97,5.67,44.221,1.186,1.752
111.04167,-31.12,5.16,309.794,1.188,1.546
111.125,-31.38,8.44,297.57,1.161,1.479
111.20833,-30.99,8.19,313.625,1.1495,1.383
111.29167,-29.57,4.49,358.762,1.1655,1.82
111.375,-28.87,7.42,277.226,1.085,1.722
111.45833,-27.79,5.06,338.797,1.122,1.764
111.54167,-27.88,4.32,17.76,1.126,1.666
111.625,-27.48,8.87,23.457,1.1055,1.681
111.70833,-28.85,7.83,338.763,1.116,1.939
111.79167,-27.35,6.88,12.364,1.157,1.783
111.875,-27.24,5.61,9.377,1.171,1.843
111.95833,-27.14,3.76,14.69,1.128,1.499
112.04167,-26.85,3.44,322.265,1.1855,1.598
112.125,-26.26,5.85,33.998,1.1495,1.804
112.20833,-25.61,5.63,8.825,1.149,1.744
112.29167,-25.89,5.43,2.83,1.227,1.689
112.375,-24.46,6.23,334.516,1.1605,1.885
112.45833,-24.64,6.11,76.794,1.19,1.508
112.54167,-25.14,1.83,42.665,1.211,1.664
112.625,-24.43,2.78,153.985,1.181,1.553
112.70833,-24.21,3.05,83.957,1.167,1.516
112.79167,-23.98,5.57,30.353,1.193,1.585
112.875,-23.8,4.17,66.407,1.218,1.744
112.95833,-23.58,2.7,172.184,1.143,1.656
113.04167,-23.68,3.85,121.335,1.164,1.596
113.125,-21.84,5.12,33.474,1.127,1.556
113.20833,-22.57,5.71,108.241,1.157,1.517
113.29167,-21.93,5.99,119.07,1.088,1.494
113.375,-22.55,5.1,85.798,1.1865,1.587
113.45833,-22.22,4.44,110.274,1.165,1.55
113.54167,-21.26,8.09,48.049,1.084,1.511
113.625,-18.98,6.07,332.649,1.048,1.423
113.70833,-21.64,5.69,93.096,1.153,1.718
113.79167,-20.67,7.11,58.584,1.136,1.557
113.875,-21.66,5.33,68.926,1.182,1.584
113.95833,-22.47,3.09,123.98,1.253,1.942
114.04167,-20.56,5.12,134.182,1.233,1.738
114.125,-20.53,7.69,139.359,1.123,1.516
114.20833,-20.67,7.39,120.734,1.1135,1.583
114.29167,-20.85,9.56,96.514,1.126,1.404
114.375,-19.22,13.45,134.522,1.0525,1.394
114.45833,-18.81,10.06,177.668,1.093,1.42
114.54167,-17.86,15.25,154.267,1.085,1.352
114.625,-19.97,13.65,114.81,1.1915,1.615
114.70833,-20.38,10.26,93.38,1.2,1.487
114.79167,-19.86,10.48,90.707,1.201,1.641
114.875,-20.64,4.63,99.309,1.1705,1.537
114.95833,-19.03,6.42,67.776,1.1485,1.679
115.04167,-19.96,8.73,96.344,1.211,1.68
115.125,-20.22,7.41,96.745,1.205,2.119
115.20833,-19.5,11.23,86.581,1.2345,1.852
115.29167,-20.15,9.44,98.508,1.1765,1.803
115.375,-19.58,12.97,105.359,1.187,1.688
115.45833,-18.85,11.77,126.853,1.104,1.611
115.54167,-18.31,15.92,111.121,1.1275,1.491
115.625,-18.35,6.48,112.285,1.1,1.294
115.70833,-18.74,10.46,112.36,1.1805,1.483
115.79167,-18.38,12.13,109.315,1.139,1.486
115.875,-18.54,11.32,108.36,1.1565,1.373
115.95833,-18.12,8.28,123.051,1.1725,1.368
116.04167,-17.74,10.13,146.866,1.1075,1.394
116.125,-16.14,11.91,165.554,1.0355,1.337
116.20833,-17,13.93,140.165,1.1385,1.497
116.29167,-17.84,15.05,121.379,1.261,1.667
116.375,-17.58,13.44,127.364,1.346,1.556
116.45833,-17.1,14.38,119.913,1.3025,1.578
116.54167,-17.61,14.45,120.375,1.3235,1.807
116.625,-16.79,14.23,117.134,1.34,1.553
116.70833,-16.28,12.75,117.616,1.366,1.642
116.79167,-16.24,13.49,116.545,1.311,1.507
116.875,-16.5,14.82,116.742,1.347,1.606
116.95833,-16.23,14.9,114.621,1.34,1.527
117.04167,-15.95,14,109.919,1.305,1.528
117.125,-16.08,15.37,105.644,1.316,1.561
117.20833,-16.11,13.44,101.738,1.322,1.622
117.29167,-15.99,11.99,101.999,1.303,1.535
117.375,-16.02,12.69,112.835,1.319,1.502
117.45833,-16.26,11.01,123.83,1.322,1.647
117.54167,-15.08,12,129.744,1.287,1.519
117.625,-16.16,14.6,133.963,1.281,1.602
117.70833,-15.59,17.57,120.578,1.28,1.566
117.79167,-15.41,16.51,111.031,1.286,1.508
117.875,-15.24,14.23,107.488,1.272,1.673
117.95833,-15.09,16.61,107.183,1.3065,1.609
118.04167,-14.8,17.81,102.774,1.2945,1.587
118.125,-14.88,17.19,102.432,1.2635,1.548
118.20833,-15.08,13.58,110.645,1.1845,1.625
118.29167,-15.08,16.45,102.115,1.308,1.601
118.375,-14.76,16.54,97.611,1.276,1.653
118.45833,-14.52,18.22,97.109,1.2935,1.416
118.54167,-14.69,18.61,102.964,1.312,1.619
118.625,-14.45,19.63,104.413,1.283,1.594
118.70833,-14.8,20.07,103.739,1.228,1.58
118.79167,-14.57,22.13,107.316,1.301,1.479
118.875,-13.69,21.88,107.798,1.2965,1.475
118.95833,-14.11,23.22,105.825,1.275,1.618
119.04167,-13.86,25.3,104.931,1.281,1.596
119.125,-13.43,25.28,103.859,1.283,1.509
119.20833,-13.3,25.45,100.491,1.2585,1.511
119.29167,-14.1,28.44,100.472,1.293,1.508
119.375,-13.81,28.76,96.924,1.273,1.451
119.45833,-13.22,29.02,98.38,1.2615,1.407
119.54167,-13.46,27.63,99.639,1.274,1.502
119.625,-13.56,29.97,100.082,1.251,1.558
119.70833,-13.9,31.41,98.129,1.274,1.557
119.79167,-13.26,31.37,96.604,1.245,1.57
119.875,-13.79,29.59,96.687,1.2775,1.502
119.95833,-13.83,30.24,99.714,1.264,1.665
120.04167,-13.41,31.19,99.385,1.256,1.613
120.125,-12.62,29.64,98.785,1.221,1.571
120.20833,-13.19,30.3,99.875,1.2675,1.542
120.29167,-13.18,31.9,98.506,1.252,1.491
120.375,-12.66,29.44,98.652,1.255,1.464
120.45833,-11.85,30.09,97.959,1.2395,1.485
120.54167,-12.66,28.55,101.681,1.254,1.584
120.625,-12.14,29.32,101.006,1.242,1.483
120.70833,-12.44,27.51,100.344,1.254,1.51
120.79167,-12.22,26.82,101.266,1.221,1.433
120.875,-12.22,28.14,102.489,1.247,1.405
120.95833,-12.27,28.18,101.273,1.252,1.509
121.04167,-12.1,28.09,100.954,1.22,1.462
121.125,-11.91,27.44,101.113,1.26,1.524
121.20833,-11.63,25.81,102.743,1.244,1.754
121.29167,-12.07,26.93,104.311,1.208,1.551
121.375,-12.07,27.81,103.334,1.229,1.574
121.45833,-11.92,26.65,105.361,1.265,1.469
121.54167,-11.86,25.69,105.523,1.2095,1.449
121.625,-11.86,25.36,106.149,1.2285,1.619
121.70833,-11.72,25,107.052,1.248,1.531
121.79167,-11.25,26.86,106.215,1.194,1.395
121.875,-11.67,25.89,105.425,1.213,1.592
121.95833,-11.41,24.34,108.625,1.254,1.44
122.04167,-11.5,25.5,108.063,1.237,1.519
122.125,-11.21,26.52,105.825,1.183,1.583
122.20833,-11.42,24.49,106.813,1.216,1.513
122.29167,-11.46,24.21,108.566,1.228,1.484
122.375,-11.44,25,107.788,1.211,1.477
122.45833,-11.65,23.84,108.357,1.235,1.497
122.54167,-11.28,22.69,109.575,1.221,1.483
122.625,-11.28,23.93,110.853,1.232,1.523
122.70833,-11.04,25.76,111.198,1.1775,1.516
122.79167,-12.25,24.29,108.049,1.226,1.397
122.875,-11.16,24.47,112.479,1.183,1.399
122.95833,-11.85,24.83,109.297,1.216,1.633
123.04167,-11.46,23.8,112.619,1.1945,1.542
123.125,-11.2,25.57,112.514,1.2,1.492
123.20833,-11.33,21.24,112.041,1.1895,1.561
123.29167,-11.82,24.44,111.097,1.233,1.59
123.375,-11.67,21.16,112.194,1.173,1.653
123.45833,-11.75,21.95,109.741,1.185,1.49
123.54167,-11.65,23.69,113.664,1.212,1.694
123.625,-11.66,22.46,111.924,1.1655,1.537
123.70833,-11.85,23.93,109.257,1.1715,1.331
123.79167,-11.57,24.52,109.339,1.16,1.387
123.875,-11.36,18.53,106.449,1.1315,1.421
123.95833,-10.66,20.2,111.443,1.187,1.526
124.04167,-11.44,22.65,107.316,1.2015,1.346
124.125,-11.18,20.33,107.786,1.179,1.651
124.20833,-11.55,24.86,107.095,1.181,1.433
124.29167,-10.92,26.37,111.63,1.126,1.296
124.375,-10.72,22.07,113.682,1.141,1.4
124.45833,-11.15,20.3,116.845,1.155,1.522
124.54167,-11.3,18.25,113.06,1.183,1.389
124.625,-11.34,22.7,116.13,1.148,1.478
124.70833,-11.06,18.74,114.173,1.163,1.514
124.79167,-10.13,18,124.819,1.116,1.306
124.875,-11.27,17.73,124.299,1.115,1.281
124.95833,-12,20.47,130.777,1.15,1.381
125.04167,-11.35,21.13,133,1.139,1.447
125.125,-9.34,24.22,132.02,1.139,1.354
125.20833,-10.67,19.42,135.511,1.096,1.308
125.29167,-9.17,21.97,119.97,1.0685,1.291
125.375,-10.63,18.67,128.146,1.0965,1.263
125.45833,-10.3,19.51,134.884,1.078,1.307
125.54167,-10.81,20.28,118.895,1.195,1.48
125.625,-10.62,21.39,111.928,1.0895,1.269
125.70833,-8.91,21.29,107.353,1.027,1.241
125.79167,-10.45,18.29,106.326,1.0975,1.372
125.875,-10.38,21.72,120.119,1.126,1.262
125.95833,-10.41,16.05,113.107,1.0785,1.248
126.04167,-10.8,19,112.085,1.156,1.361
126.125,-10.49,19.56,108.963,1.155,1.344
126.20833,-9.6,15.84,105.753,1.198,1.602
126.29167,-9.3,15.9,115.148,1.168,1.554
126.375,-9.23,18.53,113.591,1.168,1.419
126.45833,-9.03,14.37,114.036,1.2055,1.403
126.54167,-8.97,17.13,115.286,1.171,1.411
126.625,-9.28,15.92,112.399,1.1675,1.413
126.70833,-9.12,15.23,114.245,1.2015,1.656
126.79167,-8.79,16.47,109.541,1.161,1.426
126.875,-8.94,15.19,113.653,1.255,1.547
126.95833,-9.29,14.78,108.595,1.196,1.431
127.04167,-9.71,16.69,108.377,1.13,1.519
127.125,-9.65,18.87,106.583,1.126,1.501
127.20833,-10.05,16.89,114.413,1.261,1.619
127.29167,-8.91,13.75,110.598,1.1655,1.481
127.375,-10.15,14.11,109.413,1.189,1.459
127.45833,-8.99,15.39,113.38,1.146,1.318
127.54167,-9.67,14.82,108.933,1.168,1.335
127.625,-9.18,17.03,123.948,1.115,1.572
127.70833,-9.22,15.4,116.623,1.173,1.487
127.79167,-10.09,16.6,115.779,1.1775,1.49
127.875,-10.08,15.09,114.408,1.176,1.332
127.95833,-9.12,18.37,119.276,1.139,1.349
128.04167,-8.59,14.82,118.704,1.225,1.424
128.125,-9.17,14.64,112.181,1.1625,1.593
128.20833,-9.19,18.36,116.415,1.109,1.385
128.29167,-8.11,12.2,123.412,1.109,1.322
128.375,-9.21,15.63,124.155,1.135,1.43
128.45833,-9.24,18.58,117.718,1.179,1.359
128.54167,-9.04,18.82,123.779,1.17,1.488
128.625,-8.75,16.03,118.695,1.166,1.46
128.70833,-9.64,18.83,116.884,1.1935,1.306
128.79167,-8.09,19.08,131.216,1.081,1.325
128.875,-8.34,14.88,133.73,1.085,1.338
128.95833,-7.78,11.93,135.224,0.996,1.112
129.04167,-8.01,18.29,132.366,1.003,1.174
129.125,-8.82,15.08,128.386,1.1045,1.284
129.20833,-8.12,11.5,130.397,1.0855,1.317
129.29167,-8.55,10.87,117.92,1.054,1.31
129.375,-7.95,18.76,121.092,1.046,1.179
129.45833,-8.62,16.85,130.013,1.076,1.28
129.54167,-8.36,9.69,122.844,1.1,1.25
129.625,-8.84,10.62,123.209,1.09,1.235
129.70833,-7.65,14.02,138.511,0.9965,1.176
129.79167,-8.58,16.06,124.348,1.086,1.206
129.875,-9.36,13.64,118.903,1.15,1.327
129.95833,-9.17,11.35,111.359,1.109,1.231
130.04167,-7.91,16.63,126.711,1.044,1.205
130.125,-8.04,9.06,118.12,1.0305,1.295
130.20833,-8.33,17.17,132.891,1.04,1.138
130.29167,-8.9,14.67,128.168,1.081,1.205
130.375,-8.2,13.48,105.426,1.045,1.286
130.45833,-8.44,12.47,108.81,1.05,1.179
130.54167,-8.57,17.24,129.853,1.049,1.267
130.625,-8.83,15.71,123.34,1.125,1.259
130.70833,-8.76,15.63,132.489,1.057,1.193
130.79167,-8.68,15.47,134.034,1.087,1.322
130.875,-8.06,13.67,129.374,1.136,1.445
130.95833,-8.24,14.09,126.352,1.1885,1.444
131.04167,-8.75,11.59,124.507,1.15,1.352
131.125,-8.96,12.95,110.658,1.129,1.481
131.20833,-8.41,14.44,121.872,1.156,1.5
131.29167,-8.17,10.96,121.414,1.142,1.298
131.375,-8.55,12.91,121.843,1.183,1.462
131.45833,-8.74,13.55,127.019,1.162,1.312
131.54167,-8.61,13.46,129.412,1.193,1.435
131.625,-8.61,9.98,127.751,1.1695,1.294
131.70833,-9,13.61,129.206,1.164,1.439
131.79167,-8.86,12.4,121.761,1.147,1.43
131.875,-9.06,12.27,126.205,1.148,1.303
131.95833,-8.63,8.99,122.359,1.2085,1.406
132.04167,-9.44,10.23,122.334,1.208,1.413
132.125,-8.96,12.47,124.149,1.1915,1.3
132.20833,-9.24,10.24,128.999,1.157,1.36
132.29167,-9.14,10.1,125.276,1.1905,1.379
132.375,-9.16,11.82,126.741,1.14,1.272
132.45833,-9.52,11.63,127.943,1.171,1.375
132.54167,-9.57,11.83,116.4,1.1,1.199
132.625,-9.7,14.65,133.091,1.085,1.224
132.70833,-10.46,12.25,135.383,1.101,1.272
132.79167,-9.33,11.33,133.327,1.09,1.264
132.875,-9.74,7.22,125.87,1.091,1.3
132.95833,-9.34,6.57,112.333,1.0545,1.382
133.04167,-10.03,9.32,127.878,1.095,1.244
133.125,-8.91,10.13,107.669,1.001,1.16
133.20833,-9.17,6.32,141.017,1.0235,1.234
133.29167,-8.67,13.24,116.22,1.073,1.347
133.375,-8.93,12.49,136.816,1.108,1.244
133.45833,-9.36,13.5,128.249,1.0685,1.243
133.54167,-8.62,11.14,105.476,1.009,1.076
133.625,-9.44,10.63,135.414,1.104,1.292
133.70833,-8.56,14.97,129.66,1.024,1.278
133.79167,-8.44,13.81,107.886,1.021,1.234
133.875,-9.39,9.9,116.614,1.135,1.262
133.95833,-8.28,14.22,111.403,1.06,1.314
134.04167,-7.99,12.39,128.952,1.023,1.159
134.125,-7.94,6.62,119.538,1.0115,1.16
134.20833,-8.78,11.63,119.784,1.1165,1.239
134.29167,-8.73,13.21,116.073,1.099,1.285
134.375,-8.97,13.77,115.247,1.1005,1.377
134.45833,-8.67,13.89,113.526,1.0855,1.237
134.54167,-7.95,6.64,102.663,1.025,1.131
134.625,-7.64,7.29,110.056,1.006,1.194
134.70833,-7.39,10.31,97.205,1,1.165
134.79167,-7.31,13.21,120.027,1.0175,1.176
134.875,-6.97,6.03,135.856,1.0205,1.169
134.95833,-7.68,10.37,104.425,1.024,1.348
135.04167,-7.71,11.96,139.172,1.023,1.184
135.125,-8.91,11.27,119.639,1.128,1.232
135.20833,-8.51,13.6,124.97,1.099,1.255
135.29167,-7.61,9.43,138.638,1.052,1.218
135.375,-7.72,13.1,114.479,1.024,1.272
135.45833,-7.53,10,107.396,1.0785,1.266
135.54167,-7.56,5.85,99.978,1.039,1.247
135.625,-7.94,10.39,108.103,1.1,1.212
135.70833,-7.97,10.99,101.389,1.0795,1.22
135.79167,-7.96,8.55,109.838,1.086,1.244
135.875,-7.95,12.04,107.169,1.069,1.262
135.95833,-8.12,8.99,108.113,1.096,1.245
136.04167,-7.51,8,93.977,1.0175,1.258
136.125,-7.34,12.72,114.085,1.0115,1.189
136.20833,-7.24,12.15,118.282,1.009,1.175
136.29167,-7.17,5.12,94.343,1.0155,1.179
136.375,-7.59,13.41,97.834,1.014,1.137
136.45833,-7.79,9.2,94.275,1.107,1.235
136.54167,-8.09,8.28,92.701,1.0865,1.21
136.625,-8.16,9.42,87.757,1.096,1.288
136.70833,-7.69,13.98,90.446,1.025,1.186
136.79167,-7.17,14.28,93.578,0.975,1.084
136.875,-7.71,14.31,81.497,1.038,1.222
136.95833,-7.48,9.73,88.392,1.0245,1.189
137.04167,-8.15,12.94,83.004,1.09,1.2
137.125,-7.96,9.18,91.897,1.1095,1.251
137.20833,-7.11,13.63,96.703,1.016,1.195
137.29167,-7.26,15.07,81.018,1.0055,1.182
137.375,-7.7,10.66,69.009,1.072,1.219
137.45833,-7.44,13.99,89.863,1.029,1.17
137.54167,-7.05,9.79,106.471,0.9985,1.095
137.625,-7.93,11.81,87.972,1.0935,1.336
137.70833,-7.95,8.72,87.556,1.0975,1.253
137.79167,-6.77,11.49,111.861,1.011,1.309
137.875,-7.66,5.75,109.038,1.068,1.244
137.95833,-7.16,8.07,92.004,1.079,1.211
138.04167,-6.5,8.35,133.344,1.003,1.161
138.125,-6.07,10.8,113.201,1.033,1.216
138.20833,-5.56,2.45,57.113,0.989,1.176
138.29167,-5.56,8.13,110.047,1.048,1.318
138.375,-7.76,4.36,111.938,1.1285,1.386
138.45833,-7.51,6.59,121.023,1.0665,1.271
138.54167,-7.08,7.7,122.349,1.076,1.262
138.625,-6.7,1.88,166.37,1.038,1.356
138.70833,-6.26,3.41,143.903,1.001,1.22
138.79167,-6.72,1.77,79.978,0.996,1.202
138.875,-6.15,3.54,94.181,0.992,1.193
138.95833,-6.48,5.57,190.345,1.07,1.196
139.04167,-6.47,2.95,163.353,1.122,1.338
139.125,-6.26,2.8,130.208,1.022,1.228
139.20833,-5.97,2.74,269.602,1.0045,1.166
139.29167,-5.77,2.74,23.272,1.0335,1.277
139.375,-6.22,3.68,300.645,1.049,1.244
139.45833,-6,4.3,200.334,1.07,1.25
139.54167,-5.91,2.86,109.054,1.1075,1.31
139.625,-4.99,3.08,310.572,1.088,1.396
139.70833,-5.41,4.56,253.732,1.053,1.302
139.79167,-4.4,6.28,274.958,1.0475,1.372
139.875,-5.13,3.97,235.902,1.147,1.377
139.95833,-4.41,3.28,288.226,1.003,1.234
140.04167,-4.98,3.11,311.574,1.077,1.326
140.125,-5.02,6.05,301.929,1.045,1.245
140.20833,-4.68,6.15,267.489,1.086,1.358
140.29167,-5.34,5.19,270.973,1.093,1.267
140.375,-5.07,6.08,306.731,1.0985,1.329
140.45833,-5.84,6.24,318.959,1.077,1.191
140.54167,-5.96,4.4,289.208,1.0935,1.321
140.625,-5.11,5.31,289.466,1.05,1.217
140.70833,-5.68,5.45,259.682,1.075,1.273
140.79167,-4.86,4.81,328.94,1.034,1.304
140.875,-3.72,5.35,273.654,0.984,1.322
140.95833,-4.38,2.29,271.932,1.098,1.538
141.04167,-4.96,4.09,280.671,1.118,1.305
141.125,-4.7,3.51,274.085,1.203,1.405
141.20833,-4.54,4.1,289.737,1.1495,1.364
141.29167,-4.41,4.08,311.49,1.136,1.434
141.375,-4.74,3.62,309.884,1.168,1.366
141.45833,-4.19,3.52,320.898,1.144,1.368
141.54167,-3.9,2.25,291.684,1.149,1.316
141.625,-4.8,3.04,294.657,1.147,1.554
141.70833,-4.27,2.48,287.574,1.1295,1.393
141.79167,-4.61,2.42,313.784,1.148,1.325
141.875,-3.74,2.6,327.03,1.138,1.395
141.95833,-3.89,3.14,256.999,1.1625,1.428
142.04167,-3.74,2.65,249.868,1.131,1.313
142.125,-5.6,2.34,271.35,1.129,1.364
142.20833,-5.85,2.12,253.814,1.126,1.327
142.29167,-6.12,2.76,253.257,1.154,1.297
142.375,-6.3,2.42,270.888,1.15,1.398
142.45833,-6.71,2.94,319.809,1.153,1.252
142.625,0.08,0.02,,0.9885,0.993
142.70833,-0.01,0.05,,0.987,1.001
142.79167,-0.07,0.04,,0.988,0.999
142.875,-0.13,0.08,146.64,0.984,2.04
142.95833,0.13,0.17,166.26,1.0275,1.285
143.04167,0.06,0.15,,0.985,1.484
143.125,0,0.09,,0.986,0.995
143.20833,-0.04,0.07,,0.985,0.996
143.29167,0.03,0.05,,0.987,0.994
143.375,-0.05,0.05,,0.988,0.996
143.45833,-0.01,0.04,,0.986,0.996
143.54167,0.01,0.04,,0.987,0.997
143.625,-0.07,0.08,,0.989,1.059
143.70833,0.05,0.08,,0.987,1.034
143.79167,-0.13,0.05,,0.983,1.563
143.875,0.04,0.15,,0.981,1.423
143.95833,0,0.08,,0.9775,3.199
144.04167,-0.02,0.09,,0.965,0.995
144.125,-0.02,0.21,,0.9645,1.058
144.20833,-0.08,0.14,,0.9695,1.098
144.29167,0.01,0.08,,0.972,0.996
144.375,-0.02,0.04,,0.968,1.057
144.45833,-0.1,0.09,,0.9695,1.546
144.54167,-0.03,0.25,,0.966,1.321
144.625,0.01,0.07,,0.967,1.114
144.70833,0.04,0.65,241.12,0.9675,1.457
144.79167,-0.14,0.38,241.12,0.97,0.978
144.875,-0.32,0.32,241.12,0.969,0.977
144.95833,-0.79,0.94,241.12,0.97,0.977
145.04167,-0.49,0.9,212.628,0.969,0.978
145.125,0.05,0.57,208.25,0.97,0.977
145.20833,-0.08,0.29,,0.97,0.979
145.29167,-0.74,0.24,126.03,0.97,1.016
145.375,-0.05,0.05,,0.971,1.001
145.45833,0.02,0.08,,0.9775,1.008
145.54167,-0.07,0.04,,0.991,1
145.625,0.02,0.07,,0.991,0.997
145.70833,0.07,0.07,,0.987,1.142
145.79167,0.07,0.06,,0.986,2.165
145.875,-0.01,0.05,,0.986,1.011
145.95833,-0.06,0.06,,0.986,0.998
146.04167,0.03,0.04,,0.988,0.996
146.125,0.02,0.06,,0.9875,0.997
146.20833,-0.02,0.09,,0.987,1.001
146.29167,0.01,0.06,,0.99,0.997
146.375,0,0.04,,0.989,1.058
146.45833,-0.03,0.04,,0.988,1
146.54167,-0.04,0.06,,0.991,0.997
146.625,-0.14,0.06,,0.989,4.001
146.70833,0.17,0.18,,0.984,1.164
146.79167,0.04,0.2,,0.984,1.431
146.875,-0.06,0.14,,0.979,1.069
146.95833,0.01,0.07,,0.983,1.05
147.04167,0.18,0.28,56.15,0.98,1.071
147.125,0.21,1.9,56.15,0.9835,1.041
147.20833,0.36,0.78,56.15,0.982,1.618
147.29167,0.05,0.15,,0.981,1.15
147.375,0.04,0.06,,0.98,2.026
147.45833,-0.06,0.19,,0.981,1.329
147.54167,-0.06,0.04,,0.981,0.994
147.625,-0.01,0.12,62.41,0.9815,1.025
147.70833,-0.08,0.05,,0.979,0.993
147.79167,-0.07,0.03,,0.983,1.003
147.875,-0.08,0.03,,0.982,0.988
147.95833,-0.01,0.04,,0.9805,0.99
148.04167,-0.01,0.05,,0.981,0.989
148.125,-0.03,0.08,,0.982,0.992
148.20833,-0.03,0.07,,0.982,0.99
148.29167,-0.06,0.04,,0.982,0.995
148.375,0.01,0.04,,0.983,0.989
148.45833,-0.05,0.04,,0.982,0.989
148.54167,-0.05,0.06,,0.983,1.001
148.625,-0.04,0.08,,0.983,0.992
148.70833,-0.04,0.01,,0.981,0.992
148.79167,-0.02,0.05,,0.982,1.241
148.875,0.05,0.11,,0.983,1.062
148.95833,-0.01,0.03,,0.984,0.997
149.04167,-0.04,0.04,,0.982,0.993
149.125,-0.02,0.07,,0.981,0.994
149.20833,-0.09,0.04,,0.983,0.991
149.29167,0.07,0.03,,0.984,0.992
149.375,0.02,0.06,,0.983,0.991
149.45833,-0.02,0.04,,0.983,0.993
149.54167,-0.02,0.05,,0.983,0.992
149.625,0.03,0.04,,0.983,0.993
149.70833,-0.07,0.03,,0.981,0.994
149.79167,0.04,0.03,,0.9835,0.99
149.875,0.01,0.06,100.1,0.984,0.993
149.95833,-0.05,0.1,,0.9815,0.993
150.04167,0.04,0.04,,0.983,0.993
150.125,-0.01,0.02,,0.985,0.992
150.20833,0,0.04,,0.983,0.992
150.29167,0.06,0.05,,0.982,0.991
150.375,-0.02,0.03,,0.983,0.995
150.45833,0.03,0.03,,0.985,0.991
150.54167,-0.02,0.03,,0.9835,0.993
150.625,-0.02,0.07,,0.983,0.993
150.70833,0,0.04,,0.983,0.992
150.79167,0.03,0.03,,0.982,0.996
150.875,-0.02,0.04,,0.983,0.994
150.95833,-0.01,0.04,,0.983,0.992
151.04167,-0.03,0.03,,0.984,0.996
151.125,-0.03,0.03,,0.983,0.99
151.20833,0,0.05,,0.983,0.994
151.29167,-0.03,0.06,,0.982,0.995
151.375,0.03,0.05,,0.983,0.995
151.45833,0,0.04,,0.983,0.993
151.54167,-0.05,0.07,,0.983,0.994
151.625,-0.01,0.03,,0.983,0.993
151.70833,0.01,0.03,,0.984,0.994
151.79167,0.02,0.06,,0.984,0.992
151.875,-0.04,0.02,,0.9825,0.992
151.95833,0.02,0.04,,0.983,0.995
152.04167,0.02,0.03,,0.983,0.996
152.125,-0.04,0.04,,0.984,0.99
152.20833,-0.04,0.04,,0.983,0.993
152.29167,0,0.05,,0.985,0.997
152.375,-0.02,0.04,,0.983,0.991
152.45833,-0.24,0.09,21.2,0.983,0.992
152.54167,0.05,0.03,,0.983,0.993
152.625,0.01,0.06,,0.984,0.992
152.70833,0,0.04,,0.984,0.994
152.79167,-0.03,0.06,,0.983,0.991
152.875,-0.02,0.03,,0.983,0.991
152.95833,0.01,0.04,,0.984,0.994
153.04167,-0.02,0.05,,0.9835,0.992
153.125,0.03,0.05,,0.985,0.996
153.20833,-0.05,0.06,,0.983,0.998
153.29167,-0.03,0.07,,0.9825,0.993
153.375,-0.05,0.03,,0.984,0.992
153.45833,0.05,0.03,,0.985,0.995
153.54167,0.01,0.04,,0.9835,0.993
153.625,-0.03,0.04,,0.983,0.991
153.70833,0.01,0.03,,0.985,0.993
153.79167,-0.02,0.04,,0.984,0.993
153.875,-0.04,0.03,,0.984,0.993
153.95833,0.02,0.05,,0.983,0.999
154.04167,0,0.04,,0.984,0.993
154.125,-0.06,0.02,,0.984,0.994
154.20833,0.07,0.05,,0.9845,0.992
154.29167,0.01,0.04,,0.985,0.994
154.375,0.01,0.03,,0.986,0.994
154.45833,-0.01,0.04,,0.983,0.993
154.54167,-0.02,0.07,,0.983,0.994
154.625,0.02,0.03,,0.985,0.994
154.70833,-0.02,0.02,,0.984,0.996
154.79167,0.03,0.03,,0.983,0.996
154.875,-0.04,0.06,,0.984,0.994
154.95833,0.03,0.04,,0.984,0.996
155.04167,-0.01,0.03,,0.9835,0.994
155.125,0.02,0.04,,0.984,0.991
155.20833,-0.03,0.05,,0.985,0.997
155.29167,-0.19,0.1,350.66,0.986,0.996
155.375,-0.01,0.04,,0.984,0.995
155.45833,0,0.04,,0.985,0.995
155.54167,-0.02,0.03,,0.985,0.995
155.625,0.08,0.03,,0.984,0.995
155.70833,-0.08,0.04,,0.984,0.995
155.79167,-0.01,0.02,,0.985,0.993
155.875,-0.01,0.03,,0.9835,0.992
155.95833,-0.06,0.04,,0.985,0.995
156.04167,0.01,0.02,,0.985,0.998
156.125,0,0.03,,0.9845,0.997
156.20833,0.03,0.03,,0.983,0.995
156.29167,0.01,0.04,,0.985,0.993
156.375,-0.01,0.02,,0.987,0.995
156.45833,0.03,0.08,,0.986,0.994
156.54167,0.01,0.07,,0.985,0.993
156.625,0.07,0.08,,0.9865,3.973
156.70833,0.2,0.18,,0.988,2.034
156.79167,0.21,0.23,184.12,1.012,1.647
156.875,-0.06,0.13,147.51,0.968,1.903
156.95833,-0.1,0.11,,0.968,0.975
157.04167,0.11,0.15,,0.969,1.031
157.125,-0.1,0.19,,0.987,1.39
157.20833,0,0.08,,0.973,1.951
157.29167,-0.05,0.08,,0.989,1.216
157.375,-0.01,0.02,,0.989,1.005
157.45833,-0.02,0.09,,0.981,1.018
157.54167,0.02,0.06,,0.9905,1.042
157.625,-0.01,0.07,,0.996,1.189
157.70833,-0.24,0.48,179.169,1.019,1.479
157.79167,-0.02,0.09,,0.972,1.081
157.875,-0.07,0.09,,0.973,0.98
157.95833,0.01,0.04,,0.973,0.98
158.04167,0.01,0.06,,0.971,1.247
158.125,-0.02,0.02,,0.974,0.981
158.20833,-0.03,0.05,,0.973,0.986
158.29167,0,0.08,,0.974,0.985
158.375,0.05,0.06,,0.973,0.982
158.45833,0.02,0.04,,0.973,0.979
158.54167,-0.02,0.06,,0.973,0.981
158.625,0.02,0.05,,0.972,0.978
158.70833,0.01,0.07,,0.973,0.98
158.79167,0.03,0.05,,0.973,0.986
158.875,-0.02,0.07,,0.973,0.982
158.95833,0.05,0.03,,0.973,0.981
159.04167,-0.03,0.06,,0.973,0.984
159.125,0.02,0.06,,0.9735,0.979
159.20833,-0.05,0.04,,0.974,0.979
159.29167,-0.05,0.06,,0.974,0.981
159.375,-0.06,0.03,,0.974,1.014
159.45833,0.05,0.13,,0.974,0.993
159.54167,0.02,0.05,,0.974,0.983
159.625,-0.06,0.05,,0.9725,0.983
159.70833,-0.06,0.04,,0.973,0.98
159.79167,-0.02,0.04,,0.974,0.982
159.875,0.05,0.05,,0.974,0.98
159.95833,0.04,0.08,,0.974,0.984
160.04167,0.01,0.05,,0.973,0.98
160.125,-0.02,0.05,,0.975,0.985
160.20833,0.06,0.03,,0.973,0.981
160.29167,-0.03,0.08,,0.974,0.98
160.375,0.02,0.05,,0.9745,0.982
160.45833,-0.02,0.04,,0.974,0.982
160.54167,-0.01,0.05,,0.974,0.981
160.625,0.01,0.06,,0.974,0.978
160.70833,-0.04,0.03,,0.973,0.98
160.79167,0.01,0.06,,0.975,0.985
160.875,-0.05,0.02,,0.973,0.982
160.95833,-0.03,0.04,,0.974,0.984
161.04167,0,0.07,,0.974,0.98
161.125,-0.03,0.02,,0.9745,0.982
161.20833,-0.02,0.03,,0.973,0.984
161.29167,-0.04,0.045,,0.975,1.071
161.375,0.02,0.81,149.531,0.974,1.595
161.45833,0.18,1.38,187.705,1.027,1.684
161.54167,-0.21,1.25,182.369,1.007,1.688
161.625,-0.07,0.56,180.745,0.9855,1.854
161.70833,-0.04,0.14,,0.985,1.035
161.79167,-0.04,0.04,,0.983,1.039
161.875,0.1,0.11,,0.984,0.993
161.95833,-0.05,0.14,,0.9845,0.993
162.04167,-0.08,0.17,,0.983,0.992
162.125,0.08,0.13,,0.985,0.993
162.20833,0.03,0.12,,0.9845,0.991
162.29167,-0.08,0.08,,0.985,0.992
162.375,-0.04,0.06,,0.984,0.993
162.45833,0.01,0.06,,0.984,0.99
162.54167,-0.04,0.09,,0.985,0.992
162.625,-0.01,0.08,,0.984,0.992
162.70833,0.01,0.09,,0.985,0.991
162.79167,-0.03,0.11,,0.985,0.992
162.875,0.05,0.04,,0.984,0.992
162.95833,0.05,0.09,,0.985,0.994
163.04167,-0.06,0.07,,0.986,0.99
163.125,-0.05,0.09,,0.984,0.987
163.20833,-0.02,0.06,,0.985,0.994
163.29167,0.01,0.04,,0.985,0.992
163.375,0.11,0.07,45.78,1.048,1.258
163.45833,-0.03,0.08,,1.047,1.055
163.54167,0.05,0.07,,1.0465,1.055
163.625,0.02,0.07,,1.048,1.057
163.70833,0.04,0.09,,1.048,1.057
163.79167,0.02,0.1,,1.047,1.059
163.875,0.02,0.06,,1.0465,1.063
163.95833,0.01,0.09,,1.047,1.054
164.04167,-0.07,0.07,,1.048,1.059
164.125,0.1,0.12,,1.047,1.057
164.20833,-0.08,0.08,,1.047,1.057
164.29167,-0.11,0.05,,1.047,1.053
164.375,0,0.07,,1.0475,1.058
164.45833,0.04,0.07,,1.047,1.054
164.54167,0,0.09,,1.046,1.056
164.625,0.04,0.29,45.78,1.047,1.06
164.70833,0.12,0.09,,1.047,1.057
164.79167,0.1,0.1,,1.046,1.055
164.875,0.09,0.26,29.662,1.046,1.055
164.95833,0.04,0.13,,1.046,1.057
165.04167,0.03,0.09,,1.046,1.059
165.125,0.07,0.1,,1.047,1.056
165.20833,-0.02,0.1,,1.047,1.056
165.29167,0.03,0.05,,1.047,1.058
165.375,-0.04,0.08,,1.0465,1.059
165.45833,-0.03,0.06,,1.047,1.056
165.54167,0.08,0.08,,1.046,1.056
165.625,-0.08,0.04,,1.0465,1.058
165.70833,0.04,0.04,,1.047,1.059
165.79167,0.01,0.03,,1.0465,1.052
165.875,-0.08,0.04,,1.046,1.056
165.95833,0.03,0.05,,1.047,1.053
166.04167,0.04,0.03,,1.046,1.06
166.125,-0.06,0.06,,1.048,1.058
166.20833,0.06,0.07,,1.047,1.057
166.29167,-0.08,0.12,,1.047,1.058
166.375,0,0.08,,1.046,1.055
166.45833,0.07,0.08,,1.046,1.057
166.54167,0.02,0.05,,1.045,1.058
166.625,-0.01,0.08,,1.047,1.058
166.70833,0.04,0.06,,1.045,1.057
166.79167,-0.02,0.08,,1.048,1.055
166.875,0.01,0.05,,1.0455,1.054
166.95833,0,0.09,,1.047,1.052
167.04167,0.04,0.06,19.34,1.046,1.055
167.125,-0.13,0.14,19.34,1.046,1.055
167.20833,0.06,0.08,,1.047,1.055
167.29167,-0.05,0.09,,1.046,1.055
167.375,-0.04,0.24,356.96,1.046,1.056
167.45833,-0.03,0.08,,1.047,1.055
167.54167,-0.02,0.06,,1.045,1.06
167.625,0.07,0.04,,1.047,1.057
167.70833,0.01,0.07,,1.047,1.056
167.79167,-0.01,0.08,,1.046,1.057
167.875,0.08,0.06,,1.0465,1.058
167.95833,-0.05,0.08,,1.045,1.052
168.04167,0.04,0.04,,1.046,1.057
168.125,-0.02,0.05,,1.046,1.057
168.20833,-0.02,0.04,,1.045,1.056
168.29167,-0.07,0.03,,1.045,1.053
168.375,0.03,0.06,,1.046,1.056
168.45833,-0.05,0.08,,1.046,1.053
168.54167,0.01,0.07,,1.047,1.056
168.625,-0.04,0.06,,1.047,1.057
168.70833,0.09,0.03,,1.047,1.054
168.79167,-0.03,0.06,,1.046,1.054
168.875,-0.03,0.12,,1.047,1.057
168.95833,0.07,0.03,,1.047,1.054
169.04167,-0.07,0.1,,1.045,1.055
169.125,0.03,0.06,,1.046,1.054
169.20833,0.05,0.09,,1.046,1.056
169.29167,0.05,0.05,,1.048,1.056
169.375,-0.02,0.09,,1.045,1.053
169.45833,0.01,0.05,,1.047,1.056
169.54167,-0.15,0.13,18.56,1.0465,1.055
169.625,-0.04,0.09,,1.0465,1.057
169.70833,0.03,0.07,,1.046,1.054
169.79167,-0.07,0.09,,1.044,1.056
169.875,-0.13,0.15,,1.046,1.059
169.95833,-0.05,0.05,,1.0465,1.056
170.04167,0.02,0.07,,1.046,1.054
170.125,-0.05,0.07,,1.047,1.054
170.20833,0.06,0.1,,1.045,1.059
170.29167,0.05,0.04,,1.0475,1.055
170.375,0.02,0.12,,1.046,1.054
170.45833,0.13,0.1,,1.045,1.055
170.54167,0.04,0.11,,1.046,1.054
170.625,-0.07,0.05,,1.046,1.057
170.70833,-0.07,0.05,,1.046,1.052
170.79167,-0.04,0.06,,1.045,1.061
170.875,-0.04,0.06,,1.045,1.059
170.95833,-0.02,0.07,,1.046,1.054
171.04167,-0.02,0.06,,1.0445,1.054
171.125,0,0.02,,1.047,1.055
171.20833,-0.05,0.06,,1.046,1.059
171.29167,0.01,0.07,,1.045,1.055
171.375,0.03,0.07,,1.046,1.053
171.45833,0.01,0.05,,1.046,1.054
171.54167,-0.06,0.04,,1.046,1.054
171.625,0,0.06,,1.046,1.054
171.70833,0.055,0.09,,1.045,1.054
171.79167,-0.04,0.07,,1.045,1.057
171.875,-0.03,0.08,,1.045,1.05
171.95833,0.02,0.03,,1.045,1.057
172.04167,-0.05,0.06,,1.045,1.057
172.125,-0.01,0.04,,1.045,1.054
172.20833,0.03,0.05,,1.046,1.056
172.29167,-0.01,0.07,,1.045,1.052
172.375,-0.11,0.06,,1.046,1.055
172.45833,0.01,0.14,,1.046,1.055
172.54167,-0.08,0.06,,1.045,1.054
172.625,-0.06,0.07,,1.045,1.057
172.70833,0.01,0.05,,1.044,1.054
172.79167,-0.07,0.05,,1.0445,1.054
172.875,0,0.1,,1.046,1.057
172.95833,0.03,0.09,,1.045,1.055
173.04167,-0.02,0.09,,1.046,1.054
173.125,0.11,0.16,,1.045,1.055
173.20833,0.02,0.11,,1.043,1.053
173.29167,0.1,0.06,,1.046,1.054
173.375,0.02,0.05,,1.045,1.056
173.45833,0.02,0.08,,1.045,1.054
173.54167,-0.02,0.05,,1.045,1.057
173.625,0.06,0.05,,1.045,1.054
173.70833,-0.05,0.06,,1.044,1.054
173.79167,0.03,0.07,,1.046,1.054
173.875,0.03,0.1,,1.046,1.059
173.95833,0.07,0.1,,1.046,1.053
174.04167,-0.06,0.07,,1.0445,1.054
174.125,-0.03,0.05,,1.044,1.052
174.20833,-0.03,0.05,,1.046,1.055
174.29167,0.07,0.08,,1.046,1.053
174.375,-0.01,0.07,,1.045,1.056
174.45833,-0.03,0.08,,1.045,1.052
174.54167,-0.05,0.07,,1.044,1.054
174.625,-0.02,0.11,,1.045,1.054
174.70833,0.03,0.1,,1.045,1.054
174.79167,-0.08,0.08,,1.045,1.053
174.875,-0.04,0.18,,1.044,1.055
174.95833,0.17,0.1,,1.045,1.055
175.04167,0.05,0.06,,1.045,1.054
175.125,0.05,0.09,,1.045,1.057
175.20833,-0.07,0.16,,1.0455,1.059
175.29167,0.04,0.15,,1.004,1.326
175.375,0.13,0.39,304.39,1.012,1.652
175.45833,-0.17,0.25,304.39,1.03,1.108
175.54167,0.01,0.14,,1.027,1.406
175.625,0.14,0.19,346.6,0.971,1.421
175.70833,-0.13,0.13,,0.977,1.043
175.79167,-0.04,0.09,,0.9765,1.001
175.875,0.04,0.09,,0.9795,1.055
175.95833,0,0.05,,0.9865,0.993
176.04167,0.02,0.06,,0.985,0.996
176.125,0.02,0.03,,0.987,0.997
176.20833,0.13,0.07,,0.986,0.992
176.29167,0.08,0.06,,0.986,0.997
176.375,0.07,0.04,,0.986,0.994
176.45833,0.09,0.04,,0.986,0.994
176.54167,-0.05,0.03,,0.987,1.001
176.625,0,0.09,,0.987,0.995
176.70833,-0.06,0.04,,0.985,0.997
176.79167,-0.02,0.07,,0.985,0.993
176.875,-0.03,0.06,,0.986,0.995
176.95833,0.06,0.09,,0.986,0.997
177.04167,-0.09,0.08,,0.986,0.996
177.125,0.06,0.08,,0.986,0.994
177.20833,0.04,0.14,,0.986,0.996
177.29167,-0.01,0.05,,0.9865,0.996
177.375,0.18,0.05,,0.986,0.994
177.45833,-0.05,0.09,,0.985,0.994
177.54167,0.06,0.04,,0.985,0.992
177.625,0.06,0.08,,0.986,0.996
177.70833,-0.09,0.07,,0.987,0.996
177.79167,-0.08,0.06,,0.986,0.998
177.875,0.08,0.05,,0.9865,0.997
177.95833,-0.03,0.02,,0.985,1
178.04167,0.03,0.04,,0.987,0.995
178.125,0.06,0.05,,0.986,0.994
178.20833,0.06,0.05,,0.986,0.996
178.29167,-0.01,0.05,,0.986,0.995
178.375,0.08,0.04,,0.9875,0.993
178.45833,0,0.05,,0.986,0.996
178.54167,0,0.04,,0.987,0.995
178.625,0.02,0.03,,0.986,0.996
178.70833,0,0.05,,0.987,0.995
178.79167,0.1,0.15,103.77,0.986,0.995
178.875,-0.1,0.12,,0.987,0.997
178.95833,-0.13,0.11,,0.987,0.994
179.04167,-0.09,0.07,,0.986,0.997
179.125,-0.04,0.07,,0.987,0.996
179.20833,-0.04,0.07,,0.9865,0.992
179.29167,0.04,0.04,,0.987,0.996
179.375,0.03,0.05,,0.987,0.995
179.45833,-0.02,0.07,,0.986,1.001
179.54167,0.18,0.16,,0.986,0.995
179.625,0.03,0.08,,0.9865,0.996
179.70833,-0.05,0.07,,0.986,0.994
179.79167,-0.03,0.07,,0.9865,0.996
179.875,-0.1,0.05,,0.9855,0.996
179.95833,-0.01,0.07,,0.987,0.999
180.04167,0.03,0.07,,0.9865,0.997
180.125,0.02,0.08,,0.987,0.994
180.20833,0.05,0.04,,0.985,0.995
180.29167,-0.01,0.05,,0.986,0.998
180.375,-0.1,0.06,,0.987,0.994
180.45833,0.07,0.03,,0.987,0.994
180.54167,0.03,0.05,,0.987,0.996
180.625,-0.03,0.06,,0.987,1.001
180.70833,0.04,0.03,,0.987,0.996
180.79167,-0.02,0.06,,0.987,0.994
180.875,-0.01,0.04,,0.987,0.996
180.95833,0.03,0.04,,0.987,0.996
181.04167,0.09,0.04,,0.987,0.995
181.125,0.03,0.05,,0.987,0.995
181.20833,0.04,0.02,,0.987,0.995
181.29167,0.06,0.05,206.18,0.988,1.001
181.375,0.09,0.05,274.92,0.9865,0.995
181.45833,-0.03,0.05,,0.988,0.993
181.54167,0.04,0.1,,0.987,0.997
181.625,-0.04,0.03,,0.9865,0.994
181.70833,0.04,0.04,,0.9875,0.997
181.79167,0.1,0.05,,0.988,0.997
181.875,-0.01,0.07,,0.986,0.996
181.95833,0.11,0.04,,0.986,0.997
182.04167,-0.05,0.05,,0.986,0.995
182.125,0.01,0.05,,0.987,0.996
182.20833,-0.01,0.05,,0.988,0.997
182.29167,-0.01,0.06,,0.986,0.995
182.375,-0.02,0.05,,0.987,0.997
182.45833,-0.15,0.06,,0.9875,0.996
182.54167,0.1,0.09,,0.988,0.995
182.625,0.05,0.08,,0.987,0.999
182.70833,-0.02,0.06,,0.9865,0.999
182.79167,-0.03,0.04,,0.985,0.997
182.875,0.02,0.07,,0.987,0.995
182.95833,0.03,0.04,,0.989,0.996
183.04167,0.07,0.03,,0.988,0.989
